regime,threat,nr,seed,arm,source,policy,timing,final_val_loss,delta,recovery,gsm8k_em,delta_em,recovery_em,rounds_to_target,gate_precision,gate_recall,false_excl_pairs,kept,skipped
gsm50k5,clean,0.7,0,flirds_gate_v2,flirds,P1,online,0.6019015312194824,0.00028634071350097656,,0.3672922252010724,-0.009830205540661274,,194.0,0.0,,140.0,,
gsm50k5,clean,0.7,0,observer,,,,0.6021878719329834,0.0,,0.3771224307417337,0.0,,200.0,,,,,
gsm50k5,clean,0.7,0,t2_sign_fedif,fedif,P1,retrain,0.6021878719329834,0.0,,0.3771224307417337,0.0,,,,,,50.0,equals_vanilla
gsm50k5,clean,0.7,0,t2_sign_flirds,flirds,P1,retrain,0.6021878719329834,0.0,,0.3771224307417337,0.0,,,,,,50.0,equals_vanilla
gsm50k5,clean,0.7,0,t2_sign_flirds1st,flirds1st,P1,retrain,0.6021878719329834,0.0,,0.3771224307417337,0.0,,,,,,50.0,equals_vanilla
gsm50k5,clean,0.7,0,t2_sign_lossheur,lossheur,P1,retrain,0.6021878719329834,0.0,,0.3771224307417337,0.0,,,,,,50.0,equals_vanilla
gsm50k5,frzero,0.7,0,flirds_gate_v2,flirds,P1,online,0.6026270389556885,0.0076615214347839355,1.0045641045680123,0.3646112600536193,0.00446827524575516,0.5000000000000031,122.0,0.958110992529349,0.945,157.0,,
gsm50k5,frzero,0.7,0,observer,,,,0.6102885603904724,0.0,0.0,0.36014298480786416,0.0,0.0,200.0,,,,,
gsm50k5,frzero,0.7,0,oracle_excl,,,,0.6026618480682373,0.007626712322235107,1.0,0.36907953529937443,0.008936550491510264,1.0,123.0,,,,,
gsm50k5,frzero,0.7,0,random_excl,,,,0.6091704368591309,0.0011181235313415527,0.14660622875229573,0.3574620196604111,-0.002680965147453085,-0.3000000000000006,189.0,,,,,
gsm50k5,frzero,0.7,0,t2_random_k30,,,,0.6127822995185852,-0.002493739128112793,-0.32697432691180495,0.35656836461126007,-0.0035746201966040947,-0.39999999999999875,,,,,30.0,
gsm50k5,frzero,0.7,0,t2_sign_fedif,fedif,P1,retrain,0.6026618480682373,0.007626712322235107,1.0,0.36907953529937443,0.008936550491510264,1.0,,,,,30.0,
gsm50k5,frzero,0.7,0,t2_sign_flirds,flirds,P1,retrain,0.6026618480682373,0.007626712322235107,1.0,0.36907953529937443,0.008936550491510264,1.0,,,,,30.0,
gsm50k5,frzero,0.7,0,t2_sign_flirds1st,flirds1st,P1,retrain,0.6026618480682373,0.007626712322235107,1.0,0.36907953529937443,0.008936550491510264,1.0,,,,,30.0,
gsm50k5,frzero,0.7,0,t2_sign_lossheur,lossheur,P1,retrain,0.6026618480682373,0.007626712322235107,1.0,0.36907953529937443,0.008936550491510264,1.0,,,,,30.0,
gsm50k5,gnoise,0.7,0,flirds_gate_v2,flirds,P1,online,0.6020240783691406,0.0003299117088317871,-10.623800383877159,0.3699731903485255,-0.00625558534405718,2.3333333333333264,193.0,0.24285714285714285,0.008947368421052631,106.0,,
gsm50k5,gnoise,0.7,0,observer,,,,0.6023539900779724,0.0,-0.0,0.3762287756925827,0.0,-0.0,200.0,,,,,
gsm50k5,gnoise,0.7,0,oracle_excl,,,,0.6023850440979004,-3.1054019927978516e-05,1.0,0.3735478105451296,-0.002680965147453085,1.0,,,,,,
gsm50k5,gnoise,0.7,0,random_excl,,,,0.6021922826766968,0.00016170740127563477,-5.207293666026872,0.3699731903485255,-0.00625558534405718,2.3333333333333264,199.0,,,,,
gsm50k5,gnoise,0.7,0,t2_sign_fedif,fedif,P1,retrain,0.6023539900779724,0.0,-0.0,0.3762287756925827,0.0,-0.0,,,,,50.0,equals_vanilla
gsm50k5,gnoise,0.7,0,t2_sign_flirds,flirds,P1,retrain,0.6023539900779724,0.0,-0.0,0.3762287756925827,0.0,-0.0,,,,,50.0,equals_vanilla
gsm50k5,gnoise,0.7,0,t2_sign_flirds1st,flirds1st,P1,retrain,0.6023539900779724,0.0,-0.0,0.3762287756925827,0.0,-0.0,,,,,50.0,equals_vanilla
gsm50k5,gnoise,0.7,0,t2_sign_lossheur,lossheur,P1,retrain,0.6023539900779724,0.0,-0.0,0.3762287756925827,0.0,-0.0,,,,,50.0,equals_vanilla
gsm50k5,noisy,0.7,0,flirds_gate_v2,flirds,P1,online,0.604167103767395,0.004656076431274414,0.7093973627810672,0.3529937444146559,0.01876675603217154,0.5249999999999987,146.0,0.78125,0.05263157894736842,56.0,,
gsm50k5,noisy,0.7,0,observer,,,,0.6088231801986694,0.0,0.0,0.3342269883824844,0.0,0.0,200.0,,,,,
gsm50k5,noisy,0.7,0,oracle_excl,,,,0.6022597551345825,0.006563425064086914,1.0,0.3699731903485255,0.03574620196604111,1.0,131.0,,,,,
gsm50k5,noisy,0.7,0,random_excl,,,,0.6078638434410095,0.0009593367576599121,0.1461640451887101,0.32529043789097406,-0.00893655049151032,-0.25000000000000117,197.0,,,,,
gsm50k5,noisy,0.7,0,t2_random_k37,,,,0.6148808598518372,-0.006057679653167725,-0.9229448944749173,0.3109919571045576,-0.023235031277926754,-0.6500000000000008,,,,,37.0,
gsm50k5,noisy,0.7,0,t2_sign_fedif,fedif,P1,retrain,0.6030221581459045,0.005801022052764893,0.8838406771041447,0.34316353887399464,0.008936550491510264,0.2499999999999996,,,,,34.0,
gsm50k5,noisy,0.7,0,t2_sign_flirds,flirds,P1,retrain,0.6046182513237,0.004204928874969482,0.6406607577463765,0.3583556747095621,0.02412868632707771,0.6749999999999988,,,,,37.0,
gsm50k5,noisy,0.7,0,t2_sign_flirds1st,flirds1st,P1,retrain,0.6050406098365784,0.0037825703620910645,0.5763104362672091,0.34316353887399464,0.008936550491510264,0.2499999999999996,,,,,38.0,
gsm50k5,noisy,0.7,0,t2_sign_lossheur,lossheur,P1,retrain,0.6040038466453552,0.004819333553314209,0.7342711322605253,0.354781054512958,0.020554066130473614,0.5749999999999993,,,,,36.0,
iid5,clean,1.0,0,flirds_gate_v1,flirds,P1v1,online,1.378866195678711,0.0,,,,,10.0,,,0.0,,
iid5,clean,1.0,0,flirds_gate_v2,flirds,P1,online,1.3788660764694214,1.1920928955078125e-07,,,,,10.0,,,0.0,,
iid5,clean,1.0,0,flirds_w,flirds,P3,online,1.3783137798309326,0.0005524158477783203,,,,,10.0,,,,,
iid5,clean,1.0,0,flirds_zgate_v2,flirds,P4,online,1.3788331747055054,3.3020973205566406e-05,,,,,10.0,0.0,,2.0,,
iid5,clean,1.0,0,lossheur_gate_v2,lossheur,P1,online,1.3788660764694214,1.1920928955078125e-07,,,,,10.0,,,0.0,,
iid5,clean,1.0,0,v3_random,,,,1.378866195678711,0.0,,,,,,,,,5.0,
iid5,clean,1.0,0,v3_sign,flirds,P1,retrain,1.378866195678711,0.0,,,,,,,,,5.0,
iid5,clean,1.0,0,v3_z,flirds,P4,retrain,1.378866195678711,0.0,,,,,,,,,5.0,
iid5,clean,1.0,0,vanilla,,,,1.378866195678711,0.0,,,,,10.0,,,0.0,,
iid5,clean,1.0,1,flirds_gate_v1,flirds,P1v1,online,1.280766487121582,0.0,,,,,10.0,,,0.0,,
iid5,clean,1.0,1,flirds_gate_v2,flirds,P1,online,1.280766487121582,0.0,,,,,10.0,,,0.0,,
iid5,clean,1.0,1,flirds_w,flirds,P3,online,1.2801578044891357,0.0006086826324462891,,,,,10.0,,,,,
iid5,clean,1.0,1,flirds_zgate_v2,flirds,P4,online,1.2804049253463745,0.00036156177520751953,,,,,10.0,0.0,,6.0,,
iid5,clean,1.0,1,lossheur_gate_v2,lossheur,P1,online,1.280766487121582,0.0,,,,,10.0,,,0.0,,
iid5,clean,1.0,1,v3_random,,,,1.280766487121582,0.0,,,,,,,,,5.0,
iid5,clean,1.0,1,v3_sign,flirds,P1,retrain,1.280766487121582,0.0,,,,,,,,,5.0,
iid5,clean,1.0,1,v3_z,flirds,P4,retrain,1.280373215675354,0.00039327144622802734,,,,,,,,,4.0,
iid5,clean,1.0,1,vanilla,,,,1.280766487121582,0.0,,,,,10.0,,,0.0,,
iid5,clean,1.0,2,flirds_gate_v1,flirds,P1v1,online,1.2844407558441162,0.0,,,,,10.0,,,0.0,,
iid5,clean,1.0,2,flirds_gate_v2,flirds,P1,online,1.2844407558441162,0.0,,,,,10.0,,,0.0,,
iid5,clean,1.0,2,flirds_w,flirds,P3,online,1.2838683128356934,0.0005724430084228516,,,,,10.0,,,,,
iid5,clean,1.0,2,flirds_zgate_v2,flirds,P4,online,1.2838844060897827,0.0005563497543334961,,,,,10.0,0.0,,12.0,,
iid5,clean,1.0,2,lossheur_gate_v2,lossheur,P1,online,1.2844407558441162,0.0,,,,,10.0,,,0.0,,
iid5,clean,1.0,2,v3_random,,,,1.2844407558441162,0.0,,,,,,,,,5.0,
iid5,clean,1.0,2,v3_sign,flirds,P1,retrain,1.2844407558441162,0.0,,,,,,,,,5.0,
iid5,clean,1.0,2,v3_z,flirds,P4,retrain,1.28403639793396,0.00040435791015625,,,,,,,,,4.0,
iid5,clean,1.0,2,vanilla,,,,1.2844407558441162,0.0,,,,,10.0,,,0.0,,
iid5,frzero,1.0,0,flirds_gate_v1,flirds,P1v1,online,1.3772517442703247,0.006924867630004883,0.9004386712755569,,,,9.0,1.0,1.0,0.0,,
iid5,frzero,1.0,0,flirds_gate_v2,flirds,P1,online,1.37648606300354,0.007690548896789551,1.0,,,,9.0,1.0,1.0,0.0,,
iid5,frzero,1.0,0,flirds_w,flirds,P3,online,1.3772406578063965,0.0069359540939331055,0.9018802411916979,,,,9.0,,,,,
iid5,frzero,1.0,0,flirds_zgate_v2,flirds,P4,online,1.37648606300354,0.007690548896789551,1.0,,,,9.0,1.0,1.0,0.0,,
iid5,frzero,1.0,0,lossheur_gate_v2,lossheur,P1,online,1.37648606300354,0.007690548896789551,1.0,,,,9.0,1.0,1.0,0.0,,
iid5,frzero,1.0,0,oracle_excl,,,,1.37648606300354,0.007690548896789551,1.0,,,,9.0,,,,,
iid5,frzero,1.0,0,random_excl,,,,1.37648606300354,0.007690548896789551,1.0,,,,9.0,,,,,
iid5,frzero,1.0,0,v3_random,,,,1.3860317468643188,-0.0018551349639892578,-0.24122269930091608,,,,,,,,4.0,
iid5,frzero,1.0,0,v3_sign,flirds,P1,retrain,1.37648606300354,0.007690548896789551,1.0,,,,,,,,4.0,
iid5,frzero,1.0,0,v3_z,flirds,P4,retrain,1.37648606300354,0.007690548896789551,1.0,,,,,,,,4.0,
iid5,frzero,1.0,0,vanilla,,,,1.3841766119003296,0.0,0.0,,,,10.0,,0.0,0.0,,
iid5,frzero,1.0,1,flirds_gate_v1,flirds,P1v1,online,1.2789883613586426,0.006934762001037598,0.9004968963328741,,,,9.0,1.0,1.0,0.0,,
iid5,frzero,1.0,1,flirds_gate_v2,flirds,P1,online,1.2782220840454102,0.0077010393142700195,1.0,,,,9.0,1.0,1.0,0.0,,
iid5,frzero,1.0,1,flirds_w,flirds,P3,online,1.2789766788482666,0.006946444511413574,0.9020139007136112,,,,9.0,,,,,
iid5,frzero,1.0,1,flirds_zgate_v2,flirds,P4,online,1.2780998945236206,0.00782322883605957,1.0158666274515875,,,,8.0,0.5833333333333334,1.0,5.0,,
iid5,frzero,1.0,1,lossheur_gate_v2,lossheur,P1,online,1.2782220840454102,0.0077010393142700195,1.0,,,,9.0,1.0,1.0,0.0,,
iid5,frzero,1.0,1,oracle_excl,,,,1.2782220840454102,0.0077010393142700195,1.0,,,,9.0,,,,,
iid5,frzero,1.0,1,random_excl,,,,1.2879999876022339,-0.002076864242553711,-0.269686227767372,,,,,,,,,
iid5,frzero,1.0,1,v3_random,,,,1.2880572080612183,-0.002134084701538086,-0.27711645330567636,,,,,,,,4.0,
iid5,frzero,1.0,1,v3_sign,flirds,P1,retrain,1.2782219648361206,0.00770115852355957,1.0000154796365381,,,,,,,,4.0,
iid5,frzero,1.0,1,v3_z,flirds,P4,retrain,1.2782219648361206,0.00770115852355957,1.0000154796365381,,,,,,,,4.0,
iid5,frzero,1.0,1,vanilla,,,,1.2859231233596802,0.0,0.0,,,,10.0,,0.0,0.0,,
iid5,frzero,1.0,2,flirds_gate_v1,flirds,P1v1,online,1.2838438749313354,0.005705118179321289,0.8992484028560691,,,,9.0,1.0,1.0,0.0,,
iid5,frzero,1.0,2,flirds_gate_v2,flirds,P1,online,1.2832045555114746,0.006344437599182129,1.0000187899285982,,,,9.0,1.0,1.0,0.0,,
iid5,frzero,1.0,2,flirds_w,flirds,P3,online,1.283808708190918,0.0057402849197387695,0.9047914317925592,,,,9.0,,,,,
iid5,frzero,1.0,2,flirds_zgate_v2,flirds,P4,online,1.2829687595367432,0.006580233573913574,1.037185268695979,,,,8.0,0.5833333333333334,1.0,5.0,,
iid5,frzero,1.0,2,lossheur_gate_v2,lossheur,P1,online,1.2832045555114746,0.006344437599182129,1.0000187899285982,,,,9.0,1.0,1.0,0.0,,
iid5,frzero,1.0,2,oracle_excl,,,,1.2832046747207642,0.006344318389892578,1.0,,,,9.0,,,,,
iid5,frzero,1.0,2,random_excl,,,,1.2906571626663208,-0.0011081695556640625,-0.17467117624953024,,,,,,,,,
iid5,frzero,1.0,2,v3_random,,,,1.2832046747207642,0.006344318389892578,1.0,,,,,,,,4.0,
iid5,frzero,1.0,2,v3_sign,flirds,P1,retrain,1.2832046747207642,0.006344318389892578,1.0,,,,,,,,4.0,
iid5,frzero,1.0,2,v3_z,flirds,P4,retrain,1.2832046747207642,0.006344318389892578,1.0,,,,,,,,4.0,
iid5,frzero,1.0,2,vanilla,,,,1.2895489931106567,0.0,0.0,,,,10.0,,0.0,0.0,,
silo5,clean,1.0,0,flirds_gate_v1,flirds,P1v1,online,2.2935588359832764,0.0,,,,,10.0,,,0.0,,
silo5,clean,1.0,0,flirds_gate_v2,flirds,P1,online,2.2935590744018555,-2.384185791015625e-07,,,,,,,,0.0,,
silo5,clean,1.0,0,flirds_w,flirds,P3,online,2.2886579036712646,0.004900932312011719,,,,,8.0,,,,,
silo5,clean,1.0,0,flirds_zgate_v2,flirds,P4,online,2.2935590744018555,-2.384185791015625e-07,,,,,,,,0.0,,
silo5,clean,1.0,0,lossheur_gate_v2,lossheur,P1,online,2.2935590744018555,-2.384185791015625e-07,,,,,,,,0.0,,
silo5,clean,1.0,0,oracleb_gate_v2,oracleb,P1,online,2.2935590744018555,-2.384185791015625e-07,,,,,,,,0.0,,
silo5,clean,1.0,0,v3_random,,,,2.2935588359832764,0.0,,,,,,,,,5.0,
silo5,clean,1.0,0,v3_sign,flirds,P1,retrain,2.2935588359832764,0.0,,,,,,,,,5.0,
silo5,clean,1.0,0,v3_z,flirds,P4,retrain,2.2935588359832764,0.0,,,,,,,,,5.0,
silo5,clean,1.0,0,vanilla,,,,2.2935588359832764,0.0,,,,,10.0,,,0.0,,
silo5,clean,1.0,1,flirds_gate_v1,flirds,P1v1,online,2.3851284980773926,0.0,,,,,10.0,,,0.0,,
silo5,clean,1.0,1,flirds_gate_v2,flirds,P1,online,2.3851287364959717,-2.384185791015625e-07,,,,,,,,0.0,,
silo5,clean,1.0,1,flirds_w,flirds,P3,online,2.3806254863739014,0.004503011703491211,,,,,8.0,,,,,
silo5,clean,1.0,1,flirds_zgate_v2,flirds,P4,online,2.3851287364959717,-2.384185791015625e-07,,,,,,,,0.0,,
silo5,clean,1.0,1,lossheur_gate_v2,lossheur,P1,online,2.3851287364959717,-2.384185791015625e-07,,,,,,,,0.0,,
silo5,clean,1.0,1,oracleb_gate_v2,oracleb,P1,online,2.3851287364959717,-2.384185791015625e-07,,,,,,,,0.0,,
silo5,clean,1.0,1,v3_random,,,,2.3851284980773926,0.0,,,,,,,,,5.0,
silo5,clean,1.0,1,v3_sign,flirds,P1,retrain,2.3851284980773926,0.0,,,,,,,,,5.0,
silo5,clean,1.0,1,v3_z,flirds,P4,retrain,2.3851284980773926,0.0,,,,,,,,,5.0,
silo5,clean,1.0,1,vanilla,,,,2.3851284980773926,0.0,,,,,10.0,,,0.0,,
silo5,clean,1.0,2,flirds_gate_v1,flirds,P1v1,online,2.3178627490997314,0.0,,,,,10.0,,,0.0,,
silo5,clean,1.0,2,flirds_gate_v2,flirds,P1,online,2.3178629875183105,-2.384185791015625e-07,,,,,,,,0.0,,
silo5,clean,1.0,2,flirds_w,flirds,P3,online,2.3125994205474854,0.005263328552246094,,,,,8.0,,,,,
silo5,clean,1.0,2,flirds_zgate_v2,flirds,P4,online,2.3178629875183105,-2.384185791015625e-07,,,,,,,,0.0,,
silo5,clean,1.0,2,lossheur_gate_v2,lossheur,P1,online,2.3178629875183105,-2.384185791015625e-07,,,,,,,,0.0,,
silo5,clean,1.0,2,oracleb_gate_v2,oracleb,P1,online,2.3178629875183105,-2.384185791015625e-07,,,,,,,,0.0,,
silo5,clean,1.0,2,v3_random,,,,2.3178627490997314,0.0,,,,,,,,,5.0,
silo5,clean,1.0,2,v3_sign,flirds,P1,retrain,2.3178627490997314,0.0,,,,,,,,,5.0,
silo5,clean,1.0,2,v3_z,flirds,P4,retrain,2.3178627490997314,0.0,,,,,,,,,5.0,
silo5,clean,1.0,2,vanilla,,,,2.3178627490997314,0.0,,,,,10.0,,,0.0,,
silo5,frrand,1.0,0,flirds_gate_v1,flirds,P1v1,online,2.2961008548736572,0.002658843994140625,0.6954786404739632,,,,9.0,1.0,0.8,0.0,,
silo5,frrand,1.0,0,flirds_gate_v2,flirds,P1,online,2.2961015701293945,0.0026581287384033203,0.6952915497349548,,,,9.0,1.0,0.8571428571428571,0.0,,
silo5,frrand,1.0,0,flirds_w,flirds,P3,online,2.2935731410980225,0.005186557769775391,1.3566573121297163,,,,8.0,,,,,
silo5,frrand,1.0,0,flirds_zgate_v2,flirds,P4,online,2.2949366569519043,0.0038230419158935547,1.0,,,,9.0,1.0,1.0,0.0,,
silo5,frrand,1.0,0,lossheur_gate_v2,lossheur,P1,online,2.2961008548736572,0.002658843994140625,0.6954786404739632,,,,9.0,1.0,0.8571428571428571,0.0,,
silo5,frrand,1.0,0,oracle_excl,,,,2.2949366569519043,0.0038230419158935547,1.0,,,,9.0,,,,,
silo5,frrand,1.0,0,oracleb_gate_v2,oracleb,P1,online,2.2961015701293945,0.0026581287384033203,0.6952915497349548,,,,9.0,1.0,0.7142857142857143,0.0,,
silo5,frrand,1.0,0,random_excl,,,,2.2949366569519043,0.0038230419158935547,1.0,,,,9.0,,,,,
silo5,frrand,1.0,0,v3_random,,,,2.29876708984375,-7.3909759521484375e-06,-0.0019332709697536638,,,,,,,,4.0,
silo5,frrand,1.0,0,v3_sign,flirds,P1,retrain,2.2949371337890625,0.0038225650787353516,0.999875272840661,,,,,,,,4.0,
silo5,frrand,1.0,0,v3_z,flirds,P4,retrain,2.2949371337890625,0.0038225650787353516,0.999875272840661,,,,,,,,4.0,
silo5,frrand,1.0,0,vanilla,,,,2.298759698867798,0.0,0.0,,,,10.0,,0.0,0.0,,
silo5,frrand,1.0,1,flirds_gate_v1,flirds,P1v1,online,2.386383533477783,0.0010828971862792969,0.29709576138147564,,,,10.0,1.0,0.3,0.0,,
silo5,frrand,1.0,1,flirds_gate_v2,flirds,P1,online,2.386383295059204,0.0010831356048583984,0.29716117216117216,,,,10.0,1.0,0.42857142857142855,0.0,,
silo5,frrand,1.0,1,flirds_w,flirds,P3,online,2.3826184272766113,0.004848003387451172,1.3300627943485086,,,,8.0,,,,,
silo5,frrand,1.0,1,flirds_zgate_v2,flirds,P4,online,2.3838212490081787,0.003645181655883789,1.0000654107796965,,,,9.0,1.0,1.0,0.0,,
silo5,frrand,1.0,1,lossheur_gate_v2,lossheur,P1,online,2.3860208988189697,0.0014455318450927734,0.396585557299843,,,,10.0,1.0,0.42857142857142855,0.0,,
silo5,frrand,1.0,1,oracle_excl,,,,2.383821487426758,0.0036449432373046875,1.0,,,,9.0,,,,,
silo5,frrand,1.0,1,oracleb_gate_v2,oracleb,P1,online,2.3863844871520996,0.0010819435119628906,0.2968341182626897,,,,10.0,1.0,0.2857142857142857,0.0,,
silo5,frrand,1.0,1,random_excl,,,,2.38740873336792,5.7697296142578125e-05,0.015829408686551544,,,,10.0,,,,,
silo5,frrand,1.0,1,v3_random,,,,2.3874664306640625,0.0,0.0,,,,,,,,5.0,
silo5,frrand,1.0,1,v3_sign,flirds,P1,retrain,2.3874664306640625,0.0,0.0,,,,,,,,5.0,
silo5,frrand,1.0,1,v3_z,flirds,P4,retrain,2.383821487426758,0.0036449432373046875,1.0,,,,,,,,4.0,
silo5,frrand,1.0,1,vanilla,,,,2.3874664306640625,0.0,0.0,,,,10.0,,0.0,0.0,,
silo5,frrand,1.0,2,flirds_gate_v1,flirds,P1v1,online,2.3216564655303955,0.0012516975402832031,0.3948852952237683,,,,10.0,1.0,0.4,0.0,,
silo5,frrand,1.0,2,flirds_gate_v2,flirds,P1,online,2.3216562271118164,0.0012519359588623047,0.3949605114704776,,,,10.0,1.0,0.2857142857142857,0.0,,
silo5,frrand,1.0,2,flirds_w,flirds,P3,online,2.3179385662078857,0.004969596862792969,1.5678074464084242,,,,7.0,,,,,
silo5,frrand,1.0,2,flirds_zgate_v2,flirds,P4,online,2.322908401489258,-2.384185791015625e-07,-7.521624670928921e-05,,,,,1.0,0.14285714285714285,0.0,,
silo5,frrand,1.0,2,lossheur_gate_v2,lossheur,P1,online,2.3200607299804688,0.002847433090209961,0.898307634449041,,,,9.0,1.0,1.0,0.0,,
silo5,frrand,1.0,2,oracle_excl,,,,2.3197383880615234,0.0031697750091552734,1.0,,,,9.0,,,,,
silo5,frrand,1.0,2,oracleb_gate_v2,oracleb,P1,online,2.3219711780548096,0.0009369850158691406,0.29559984956750657,,,,10.0,1.0,0.14285714285714285,0.0,,
silo5,frrand,1.0,2,random_excl,,,,2.3224711418151855,0.00043702125549316406,0.13787138021812712,,,,10.0,,,,,
silo5,frrand,1.0,2,v3_random,,,,2.3229081630706787,0.0,0.0,,,,,,,,5.0,
silo5,frrand,1.0,2,v3_sign,flirds,P1,retrain,2.3229081630706787,0.0,0.0,,,,,,,,5.0,
silo5,frrand,1.0,2,v3_z,flirds,P4,retrain,2.3229081630706787,0.0,0.0,,,,,,,,5.0,
silo5,frrand,1.0,2,vanilla,,,,2.3229081630706787,0.0,0.0,,,,10.0,,0.0,0.0,,
silo5,frzero,1.0,0,flirds_gate_v1,flirds,P1v1,online,2.295647144317627,0.0033740997314453125,0.8976278066725866,,,,9.0,1.0,1.0,0.0,,
silo5,frzero,1.0,0,flirds_gate_v2,flirds,P1,online,2.295262098312378,0.003759145736694336,1.0000634276290752,,,,9.0,1.0,1.0,0.0,,
silo5,frzero,1.0,0,flirds_w,flirds,P3,online,2.293898582458496,0.005122661590576172,1.362806038310288,,,,8.0,,,,,
silo5,frzero,1.0,0,flirds_zgate_v2,flirds,P4,online,2.295262098312378,0.003759145736694336,1.0000634276290752,,,,9.0,1.0,1.0,0.0,,
silo5,frzero,1.0,0,lossheur_gate_v2,lossheur,P1,online,2.295262098312378,0.003759145736694336,1.0000634276290752,,,,9.0,1.0,1.0,0.0,,
silo5,frzero,1.0,0,oracle_excl,,,,2.295262336730957,0.0037589073181152344,1.0,,,,9.0,,,,,
silo5,frzero,1.0,0,oracleb_gate_v2,oracleb,P1,online,2.295262098312378,0.003759145736694336,1.0000634276290752,,,,9.0,1.0,1.0,0.0,,
silo5,frzero,1.0,0,random_excl,,,,2.295262336730957,0.0037589073181152344,1.0,,,,9.0,,,,,
silo5,frzero,1.0,0,v3_random,,,,2.2989470958709717,7.414817810058594e-05,0.019725992642395027,,,,,,,,4.0,
silo5,frzero,1.0,0,v3_sign,flirds,P1,retrain,2.295262336730957,0.0037589073181152344,1.0,,,,,,,,4.0,
silo5,frzero,1.0,0,v3_z,flirds,P4,retrain,2.295262336730957,0.0037589073181152344,1.0,,,,,,,,4.0,
silo5,frzero,1.0,0,vanilla,,,,2.2990212440490723,0.0,0.0,,,,10.0,,0.0,0.0,,
silo5,frzero,1.0,1,flirds_gate_v1,flirds,P1v1,online,2.3833467960357666,0.0034761428833007812,0.8980597474591931,,,,9.0,1.0,1.0,0.0,,
silo5,frzero,1.0,1,flirds_gate_v2,flirds,P1,online,2.3829522132873535,0.003870725631713867,1.0,,,,9.0,1.0,1.0,0.0,,
silo5,frzero,1.0,1,flirds_w,flirds,P3,online,2.3817102909088135,0.005112648010253906,1.3208500153988296,,,,8.0,,,,,
silo5,frzero,1.0,1,flirds_zgate_v2,flirds,P4,online,2.3829522132873535,0.003870725631713867,1.0,,,,9.0,1.0,1.0,0.0,,
silo5,frzero,1.0,1,lossheur_gate_v2,lossheur,P1,online,2.3829522132873535,0.003870725631713867,1.0,,,,9.0,1.0,1.0,0.0,,
silo5,frzero,1.0,1,oracle_excl,,,,2.3829522132873535,0.003870725631713867,1.0,,,,9.0,,,,,
silo5,frzero,1.0,1,oracleb_gate_v2,oracleb,P1,online,2.3829522132873535,0.003870725631713867,1.0,,,,9.0,1.0,1.0,0.0,,
silo5,frzero,1.0,1,random_excl,,,,2.3867592811584473,6.365776062011719e-05,0.016445950107791808,,,,10.0,,,,,
silo5,frzero,1.0,1,v3_random,,,,2.3905558586120605,-0.003732919692993164,-0.9643979057591623,,,,,,,,4.0,
silo5,frzero,1.0,1,v3_sign,flirds,P1,retrain,2.3829522132873535,0.003870725631713867,1.0,,,,,,,,4.0,
silo5,frzero,1.0,1,v3_z,flirds,P4,retrain,2.3829522132873535,0.003870725631713867,1.0,,,,,,,,4.0,
silo5,frzero,1.0,1,vanilla,,,,2.3868229389190674,0.0,0.0,,,,10.0,,0.0,0.0,,
silo5,frzero,1.0,2,flirds_gate_v1,flirds,P1v1,online,2.319723606109619,0.002926349639892578,0.8976815622028816,,,,9.0,1.0,1.0,0.0,,
silo5,frzero,1.0,2,flirds_gate_v2,flirds,P1,online,2.319390058517456,0.003259897232055664,1.0,,,,9.0,1.0,1.0,0.0,,
silo5,frzero,1.0,2,flirds_w,flirds,P3,online,2.317505121231079,0.005144834518432617,1.5782198493381117,,,,7.0,,,,,
silo5,frzero,1.0,2,flirds_zgate_v2,flirds,P4,online,2.3226499557495117,0.0,0.0,,,,10.0,1.0,0.14285714285714285,0.0,,
silo5,frzero,1.0,2,lossheur_gate_v2,lossheur,P1,online,2.319390058517456,0.003259897232055664,1.0,,,,9.0,1.0,1.0,0.0,,
silo5,frzero,1.0,2,oracle_excl,,,,2.319390058517456,0.003259897232055664,1.0,,,,9.0,,,,,
silo5,frzero,1.0,2,oracleb_gate_v2,oracleb,P1,online,2.319390058517456,0.003259897232055664,1.0,,,,9.0,1.0,1.0,0.0,,
silo5,frzero,1.0,2,random_excl,,,,2.322152853012085,0.0004971027374267578,0.15249030936882907,,,,10.0,,,,,
silo5,frzero,1.0,2,v3_random,,,,2.319390058517456,0.003259897232055664,1.0,,,,,,,,4.0,
silo5,frzero,1.0,2,v3_sign,flirds,P1,retrain,2.319390058517456,0.003259897232055664,1.0,,,,,,,,4.0,
silo5,frzero,1.0,2,v3_z,flirds,P4,retrain,2.3226499557495117,0.0,0.0,,,,,,,,5.0,
silo5,frzero,1.0,2,vanilla,,,,2.3226499557495117,0.0,0.0,,,,10.0,,0.0,0.0,,
silo5,noisy,0.75,0,flirds_gate_v1,flirds,P1v1,online,2.2960474491119385,0.0,0.0,,,,10.0,,0.0,0.0,,
silo5,noisy,0.75,0,flirds_gate_v2,flirds,P1,online,2.2960472106933594,2.384185791015625e-07,0.0001622849724115547,,,,10.0,,0.0,0.0,,
silo5,noisy,0.75,0,flirds_w,flirds,P3,online,2.2913765907287598,0.004670858383178711,3.179324894514768,,,,8.0,,,,,
silo5,noisy,0.75,0,flirds_zgate_v2,flirds,P4,online,2.2960472106933594,2.384185791015625e-07,0.0001622849724115547,,,,10.0,,0.0,0.0,,
silo5,noisy,0.75,0,lossheur_gate_v2,lossheur,P1,online,2.2960472106933594,2.384185791015625e-07,0.0001622849724115547,,,,10.0,,0.0,0.0,,
silo5,noisy,0.75,0,oracle_excl,,,,2.2945783138275146,0.0014691352844238281,1.0,,,,10.0,,,,,
silo5,noisy,0.75,0,oracleb_gate_v2,oracleb,P1,online,2.2960472106933594,2.384185791015625e-07,0.0001622849724115547,,,,10.0,,0.0,0.0,,
silo5,noisy,0.75,0,random_excl,,,,2.2960140705108643,3.337860107421875e-05,0.022719896137617657,,,,10.0,,,,,
silo5,noisy,0.75,0,v3_random,,,,2.2960474491119385,0.0,0.0,,,,,,,,5.0,
silo5,noisy,0.75,0,v3_sign,flirds,P1,retrain,2.2960474491119385,0.0,0.0,,,,,,,,5.0,
silo5,noisy,0.75,0,v3_z,flirds,P4,retrain,2.2960474491119385,0.0,0.0,,,,,,,,5.0,
silo5,noisy,0.75,0,vanilla,,,,2.2960474491119385,0.0,0.0,,,,10.0,,0.0,0.0,,
silo5,noisy,1.0,0,comfedsv_gate_v2,comfedsv,P1,online,2.293466329574585,0.002755403518676758,1.692589338019918,,,,,0.875,1.0,1.0,,
silo5,noisy,1.0,0,fedsv_gate_v2,fedsv,P1,online,2.293466329574585,0.002755403518676758,1.692589338019918,,,,,0.875,1.0,1.0,,
silo5,noisy,1.0,0,flirds_gate_v1,flirds,P1v1,online,2.2962217330932617,0.0,0.0,,,,10.0,,0.0,0.0,,
silo5,noisy,1.0,0,flirds_gate_v2,flirds,P1,online,2.2962217330932617,0.0,0.0,,,,10.0,,0.0,0.0,,
silo5,noisy,1.0,0,flirds_w,flirds,P3,online,2.2915451526641846,0.0046765804290771484,2.872729935559461,,,,8.0,,,,,
silo5,noisy,1.0,0,flirds_zgate_v2,flirds,P4,online,2.2962217330932617,0.0,0.0,,,,10.0,,0.0,0.0,,
silo5,noisy,1.0,0,gtg_gate_v2,gtg,P1,online,2.293922185897827,0.0022995471954345703,1.4125659050966608,,,,,1.0,0.8571428571428571,0.0,,
silo5,noisy,1.0,0,lossheur_gate_v2,lossheur,P1,online,2.2962217330932617,0.0,0.0,,,,10.0,,0.0,0.0,,
silo5,noisy,1.0,0,oracle_excl,,,,2.2945938110351562,0.0016279220581054688,1.0,,,,10.0,,,,,
silo5,noisy,1.0,0,oracleb_gate_v2,oracleb,P1,online,2.2962217330932617,0.0,0.0,,,,10.0,,0.0,0.0,,
silo5,noisy,1.0,0,random_excl,,,,2.296260356903076,-3.8623809814453125e-05,-0.023725834797891036,,,,,,,,,
silo5,noisy,1.0,0,shapleyfl_gate_v2,shapleyfl,P1,online,2.293736457824707,0.0024852752685546875,1.5266549502050382,,,,,1.0,1.0,0.0,,
silo5,noisy,1.0,0,v3_random,,,,2.2962217330932617,0.0,0.0,,,,,,,,5.0,
silo5,noisy,1.0,0,v3_sign,flirds,P1,retrain,2.2962217330932617,0.0,0.0,,,,,,,,5.0,
silo5,noisy,1.0,0,v3_z,flirds,P4,retrain,2.2962217330932617,0.0,0.0,,,,,,,,5.0,
silo5,noisy,1.0,0,vanilla,,,,2.2962217330932617,0.0,0.0,,,,10.0,,0.0,0.0,,
silo5,noisy,1.0,1,comfedsv_gate_v2,comfedsv,P1,online,2.3825292587280273,0.0041866302490234375,2.7904020340060383,,,,,1.0,0.8571428571428571,0.0,,
silo5,noisy,1.0,1,fedsv_gate_v2,fedsv,P1,online,2.3825292587280273,0.0041866302490234375,2.7904020340060383,,,,,1.0,0.8571428571428571,0.0,,
silo5,noisy,1.0,1,flirds_gate_v1,flirds,P1v1,online,2.386715888977051,0.0,0.0,,,,10.0,,0.0,0.0,,
silo5,noisy,1.0,1,flirds_gate_v2,flirds,P1,online,2.386715888977051,0.0,0.0,,,,10.0,,0.0,0.0,,
silo5,noisy,1.0,1,flirds_w,flirds,P3,online,2.3821475505828857,0.004568338394165039,3.044811695534721,,,,8.0,,,,,
silo5,noisy,1.0,1,flirds_zgate_v2,flirds,P4,online,2.386715888977051,0.0,0.0,,,,10.0,,0.0,0.0,,
silo5,noisy,1.0,1,gtg_gate_v2,gtg,P1,online,2.3825180530548096,0.004197835922241211,2.797870649928492,,,,,1.0,1.0,0.0,,
silo5,noisy,1.0,1,lossheur_gate_v2,lossheur,P1,online,2.386715888977051,0.0,0.0,,,,10.0,,0.0,0.0,,
silo5,noisy,1.0,1,oracle_excl,,,,2.3852155208587646,0.0015003681182861328,1.0,,,,10.0,,,,,
silo5,noisy,1.0,1,oracleb_gate_v2,oracleb,P1,online,2.386715888977051,0.0,0.0,,,,10.0,,0.0,0.0,,
silo5,noisy,1.0,1,random_excl,,,,2.3852155208587646,0.0015003681182861328,1.0,,,,10.0,,,,,
silo5,noisy,1.0,1,shapleyfl_gate_v2,shapleyfl,P1,online,2.3825180530548096,0.004197835922241211,2.797870649928492,,,,,1.0,1.0,0.0,,
silo5,noisy,1.0,1,v3_random,,,,2.386715888977051,0.0,0.0,,,,,,,,5.0,
silo5,noisy,1.0,1,v3_sign,flirds,P1,retrain,2.386715888977051,0.0,0.0,,,,,,,,5.0,
silo5,noisy,1.0,1,v3_z,flirds,P4,retrain,2.386715888977051,0.0,0.0,,,,,,,,5.0,
silo5,noisy,1.0,1,vanilla,,,,2.386715888977051,0.0,0.0,,,,10.0,,0.0,0.0,,
silo5,noisy,1.0,2,comfedsv_gate_v2,comfedsv,P1,online,2.3164541721343994,0.002572298049926758,1.2559953434225843,,,,,0.875,1.0,1.0,,
silo5,noisy,1.0,2,fedsv_gate_v2,fedsv,P1,online,2.3164541721343994,0.002572298049926758,1.2559953434225843,,,,,0.875,1.0,1.0,,
silo5,noisy,1.0,2,flirds_gate_v1,flirds,P1v1,online,2.319026470184326,0.0,0.0,,,,10.0,,0.0,0.0,,
silo5,noisy,1.0,2,flirds_gate_v2,flirds,P1,online,2.319026231765747,2.384185791015625e-07,0.00011641443538998836,,,,10.0,,0.0,0.0,,
silo5,noisy,1.0,2,flirds_w,flirds,P3,online,2.314509391784668,0.004517078399658203,2.2055878928987194,,,,8.0,,,,,
silo5,noisy,1.0,2,flirds_zgate_v2,flirds,P4,online,2.319026231765747,2.384185791015625e-07,0.00011641443538998836,,,,10.0,,0.0,0.0,,
silo5,noisy,1.0,2,gtg_gate_v2,gtg,P1,online,2.316443920135498,0.002582550048828125,1.261001164144354,,,,,1.0,1.0,0.0,,
silo5,noisy,1.0,2,lossheur_gate_v2,lossheur,P1,online,2.319026231765747,2.384185791015625e-07,0.00011641443538998836,,,,10.0,,0.0,0.0,,
silo5,noisy,1.0,2,oracle_excl,,,,2.3169784545898438,0.002048015594482422,1.0,,,,9.0,,,,,
silo5,noisy,1.0,2,oracleb_gate_v2,oracleb,P1,online,2.319026231765747,2.384185791015625e-07,0.00011641443538998836,,,,10.0,,0.0,0.0,,
silo5,noisy,1.0,2,random_excl,,,,2.3178839683532715,0.0011425018310546875,0.5578579743888242,,,,10.0,,,,,
silo5,noisy,1.0,2,shapleyfl_gate_v2,shapleyfl,P1,online,2.316443920135498,0.002582550048828125,1.261001164144354,,,,,1.0,1.0,0.0,,
silo5,noisy,1.0,2,v3_random,,,,2.319026470184326,0.0,0.0,,,,,,,,5.0,
silo5,noisy,1.0,2,v3_sign,flirds,P1,retrain,2.319026470184326,0.0,0.0,,,,,,,,5.0,
silo5,noisy,1.0,2,v3_z,flirds,P4,retrain,2.319026470184326,0.0,0.0,,,,,,,,5.0,
silo5,noisy,1.0,2,vanilla,,,,2.319026470184326,0.0,0.0,,,,10.0,,0.0,0.0,,
std50k5,mixed,1.0,0,flirds_gate_v2,flirds,P1,online,1.2859781980514526,0.0027081966400146484,1.202583240696628,,,,,0.928082191780822,0.5705263157894737,84.0,,
std50k5,mixed,1.0,0,oracle_excl,,,,1.2864344120025635,0.0022519826889038086,1.0,,,,,,,,,
std50k5,mixed,1.0,0,random_excl,,,,1.28843092918396,0.0002554655075073242,0.11344026255889048,,,,,,,,,
std50k5,mixed,1.0,0,shapleyfl_gate_v2,shapleyfl,P1,online,1.2863327264785767,0.002353668212890625,1.0451537769308137,,,,,0.9011049723756906,0.858421052631579,179.0,,
std50k5,mixed,1.0,0,vanilla,,,,1.2886863946914673,0.0,0.0,,,,198.0,,0.0,0.0,,
std50k5,mixed,1.0,1,flirds_gate_v2,flirds,P1,online,1.23568856716156,,,,,,,0.8856115107913669,0.6478947368421053,159.0,,
std50k5,mixed,1.0,1,shapleyfl_gate_v2,shapleyfl,P1,online,1.2350305318832397,,,,,,,0.8365878725590956,0.8568421052631578,318.0,,
std50k5,mixed,1.0,2,shapleyfl_gate_v2,shapleyfl,P1,online,1.2709388732910156,,,,,,,0.8726474278544541,0.7321052631578947,203.0,,
