dataset,partition,ttag,timing,policy,acc,rec,dacc,seeds
cifar10,dir1,clean,online,P1,0.6315,,-0.007374999999999983,3
cifar10,dir1,clean,online,P1v1,0.6356666666666667,,-0.0032083333333332944,3
cifar10,dir1,clean,online,P2,0.6187916666666666,,-0.020083333333333342,3
cifar10,dir1,clean,online,P3,0.6425416666666667,,0.003666666666666707,3
cifar10,dir1,clean,online,P4,0.6340833333333333,,-0.0047916666666666385,3
cifar10,dir1,clean,online,P5h,0.6374583333333333,,-0.0014166666666666217,3
cifar10,dir1,clean,online,P5s,0.6370416666666667,,-0.0018333333333332795,3
cifar10,dir1,clean,retrain,P1,0.6277499999999999,,-0.011124999999999977,3
cifar10,dir1,clean,retrain,P2,0.6122916666666667,,-0.026583333333333292,3
cifar10,dir1,clean,retrain,P5h,0.6333333333333333,,-0.00554166666666663,3
cifar10,dir1,clean,retrain,P5s,0.6350416666666666,,-0.0038333333333333184,3
cifar10,dir1,free_rider,online,P1,0.6148333333333333,0.8376741337788678,0.026916666666666627,3
cifar10,dir1,free_rider,online,P1v1,0.6105833333333334,0.7196099071806191,0.02266666666666665,3
cifar10,dir1,free_rider,online,P2,0.605625,0.5866473145768437,0.017708333333333326,3
cifar10,dir1,free_rider,online,P3,0.597875,0.3083442516932076,0.009958333333333291,3
cifar10,dir1,free_rider,online,P4,0.584,-0.14189522203099117,-0.003916666666666679,3
cifar10,dir1,free_rider,online,P5h,0.607,0.6127435267891049,0.019083333333333303,3
cifar10,dir1,free_rider,online,P5s,0.6131666666666667,0.7962138502626616,0.025249999999999995,3
cifar10,dir1,free_rider,retrain,P1,0.6063333333333333,0.5922711037144527,0.018416666666666675,3
cifar10,dir1,free_rider,retrain,P2,0.5838333333333333,-0.13876969967159178,-0.004083333333333365,3
cifar10,dir1,free_rider,retrain,P5h,0.6196666666666667,1.007303292401077,0.03174999999999998,3
cifar10,dir1,free_rider,retrain,P5s,0.6107916666666666,0.7260547490869121,0.02287499999999998,3
cifar10,dir1,frrand,online,P1,0.5894583333333333,0.06303390706580184,0.00187499999999996,3
cifar10,dir1,frrand,online,P1v1,0.5953333333333334,0.2326656495994197,0.007750000000000035,3
cifar10,dir1,frrand,online,P2,0.604,0.5677755556051388,0.016416666666666635,3
cifar10,dir1,frrand,online,P3,0.5965833333333334,0.2745230163750612,0.008999999999999972,3
cifar10,dir1,frrand,online,P4,0.58575,-0.10059570203798891,-0.0018333333333333164,3
cifar10,dir1,grad_noise,online,P1,0.5667916666666667,0.8549542173072734,0.32316666666666666,3
cifar10,dir1,grad_noise,online,P1v1,0.5461666666666667,0.8054466882267791,0.30254166666666665,3
cifar10,dir1,grad_noise,online,P2,0.5874166666666666,0.9115104603608996,0.34379166666666666,3
cifar10,dir1,grad_noise,online,P3,0.43637499999999996,0.5118243956340729,0.19275,3
cifar10,dir1,grad_noise,online,P4,0.341875,0.26192633623424394,0.09825000000000002,3
cifar10,dir1,grad_noise,online,P5h,0.5169166666666666,0.7254194694727119,0.27329166666666665,3
cifar10,dir1,grad_noise,online,P5s,0.5416249999999999,0.792896929165634,0.298,3
cifar10,dir1,grad_noise,retrain,P1,0.6064583333333333,0.9631498686839409,0.36283333333333334,3
cifar10,dir1,grad_noise,retrain,P2,0.590375,0.9196065943894828,0.34674999999999995,3
cifar10,dir1,grad_noise,retrain,P5h,0.6215416666666667,1.0037088711237512,0.3779166666666667,3
cifar10,dir1,grad_noise,retrain,P5s,0.5989166666666667,0.9434802636320718,0.35529166666666673,3
cifar10,dir1,lf@0.7,online,P1,0.5712083333333333,0.42707359034161557,0.04654166666666665,3
cifar10,dir1,lf@0.7,online,P1v1,0.582,0.601611817350777,0.057333333333333326,3
cifar10,dir1,lf@0.7,online,P2,0.581,0.5604776431344827,0.056333333333333326,3
cifar10,dir1,lf@0.7,online,P3,0.5869583333333334,0.6278955561531677,0.06229166666666669,3
cifar10,dir1,lf@0.7,online,P4,0.5339166666666667,0.13892422127295304,0.00925,3
cifar10,dir1,lf@0.7,online,P5h,0.5928333333333334,0.6814780454722401,0.0681666666666667,3
cifar10,dir1,lf@0.7,online,P5s,0.5964999999999999,0.7201892992810404,0.07183333333333332,3
cifar10,dir1,lf@0.7,retrain,P1,0.61925,0.9605378071527917,0.09458333333333334,3
cifar10,dir1,lf@0.7,retrain,P2,0.6135,0.8990326427301999,0.0888333333333333,3
cifar10,dir1,lf@0.7,retrain,P5h,0.621,0.9763824411628557,0.09633333333333333,3
cifar10,dir1,lf@0.7,retrain,P5s,0.61875,0.955340396094603,0.09408333333333335,3
cifar10,dir1,strmain,online,P1,0.553375,0.3147294472031564,0.0385,3
cifar10,dir1,strmain,online,P1v1,0.589375,0.651829418011601,0.07450000000000002,3
cifar10,dir1,strmain,online,P2,0.57125,0.4479984337010519,0.05637500000000001,3
cifar10,dir1,strmain,online,P3,0.5849166666666666,0.6444647579559399,0.07004166666666668,3
cifar10,dir1,strmain,online,P4,0.5530833333333334,0.34377947399015857,0.038208333333333344,3
cifar10,dir1,strmain,retrain,P1,0.6204166666666667,0.9841665635843979,0.10554166666666666,3
cifar10,dir1,strmain,retrain,P2,0.6129583333333334,0.9121930323052935,0.09808333333333336,3
cifar10,iid,clean,online,P1,0.6427916666666667,,-0.005958333333333288,3
cifar10,iid,clean,online,P1v1,0.6414583333333334,,-0.007291666666666659,3
cifar10,iid,clean,online,P2,0.64125,,-0.0074999999999999884,3
cifar10,iid,clean,online,P3,0.6466666666666666,,-0.002083333333333326,3
cifar10,iid,clean,online,P4,0.6480833333333332,,-0.0006666666666666673,3
cifar10,iid,free_rider,online,P1,0.6308333333333334,0.8084700432218165,0.022541666666666682,3
cifar10,iid,free_rider,online,P1v1,0.6209166666666667,0.41974711655562863,0.012625000000000034,3
cifar10,iid,free_rider,online,P2,0.6316666666666667,0.8438438761133789,0.023374999999999996,3
cifar10,iid,free_rider,online,P3,0.625875,0.6615600448933768,0.017583333333333322,3
cifar10,iid,free_rider,online,P4,0.6083333333333334,-0.006400888315779706,4.166666666671759e-05,3
cifar10,iid,frrand,online,P1,0.6232916666666667,0.5057512022660597,0.014583333333333356,3
cifar10,iid,frrand,online,P1v1,0.616625,0.29144581317040835,0.007916666666666683,3
cifar10,iid,frrand,online,P2,0.6308333333333334,0.8251668604109783,0.02212499999999999,3
cifar10,iid,frrand,online,P3,0.6259166666666667,0.6573031843154225,0.017208333333333343,3
cifar10,iid,frrand,online,P4,0.6083333333333333,-0.0426848756281674,-0.0003750000000000142,3
cifar10,iid,grad_noise,online,P1,0.6143333333333333,0.9443728164676829,0.3579583333333334,3
cifar10,iid,grad_noise,online,P1v1,0.5795833333333333,0.8523399768585437,0.3232083333333333,3
cifar10,iid,grad_noise,online,P2,0.6184583333333333,0.9548076755991879,0.3620833333333333,3
cifar10,iid,grad_noise,online,P3,0.5329166666666666,0.7294663908130204,0.2765416666666667,3
cifar10,iid,grad_noise,online,P4,0.319125,0.16500905949318245,0.06275000000000001,3
cifar10,iid,lf@0.7,online,P1,0.5967083333333333,0.699464339154527,0.0795833333333333,3
cifar10,iid,lf@0.7,online,P1v1,0.588125,0.606463829920743,0.071,3
cifar10,iid,lf@0.7,online,P2,0.6031666666666667,0.7596044669376147,0.08604166666666668,3
cifar10,iid,lf@0.7,online,P3,0.607625,0.7999667549982138,0.09049999999999996,3
cifar10,iid,lf@0.7,online,P4,0.5415416666666667,0.24565542329957737,0.024416666666666642,3
cifar10,iid,strmain,online,P1,0.6095833333333333,0.8227230297873104,0.09966666666666667,3
cifar10,iid,strmain,online,P1v1,0.5904166666666667,0.6627376063932907,0.08050000000000003,3
cifar10,iid,strmain,online,P2,0.5830000000000001,0.574107483275108,0.07308333333333333,3
cifar10,iid,strmain,online,P3,0.6015416666666668,0.7630687145292331,0.09162500000000001,3
cifar10,iid,strmain,online,P4,0.5597500000000001,0.3973307003362361,0.04983333333333334,3
cifar10,qskew,clean,online,P1,0.644875,,-0.02100000000000002,3
cifar10,qskew,clean,online,P1v1,0.6578750000000001,,-0.008000000000000007,3
cifar10,qskew,clean,online,P2,0.6557083333333332,,-0.010166666666666732,3
cifar10,qskew,clean,online,P3,0.663625,,-0.0022500000000000484,3
cifar10,qskew,clean,online,P4,0.6634166666666667,,-0.00245833333333334,3
cifar10,qskew,free_rider,online,P1,0.6339583333333333,0.25713666969130744,0.004458333333333305,3
cifar10,qskew,free_rider,online,P1v1,0.6442083333333333,0.850671563764239,0.014708333333333287,3
cifar10,qskew,free_rider,online,P2,0.633125,0.20099560901193025,0.0036249999999999525,3
cifar10,qskew,free_rider,online,P3,0.6382916666666666,0.5093754909036946,0.008791666666666642,3
cifar10,qskew,free_rider,online,P4,0.6245833333333334,-0.32067383750250417,-0.00491666666666668,3
cifar10,qskew,frrand,online,P1,0.6329166666666667,0.18650762199149548,0.002583333333333382,3
cifar10,qskew,frrand,online,P1v1,0.6314166666666666,0.04766232508168172,0.0010833333333333621,3
cifar10,qskew,frrand,online,P2,0.6347083333333333,0.24546775514517713,0.004375000000000055,3
cifar10,qskew,frrand,online,P3,0.6382083333333334,0.48846705943480223,0.00787500000000004,3
cifar10,qskew,frrand,online,P4,0.6245416666666667,-0.402285276478819,-0.005791666666666602,3
cifar10,qskew,grad_noise,online,P1,0.6299583333333333,0.9571790034027878,0.3625,3
cifar10,qskew,grad_noise,online,P1v1,0.4857916666666666,0.5747217303776253,0.2183333333333333,3
cifar10,qskew,grad_noise,online,P2,0.599125,0.8747530246227431,0.3316666666666667,3
cifar10,qskew,grad_noise,online,P3,0.4967083333333333,0.6056885261519356,0.22924999999999995,3
cifar10,qskew,grad_noise,online,P4,0.4695416666666667,0.5349910492063411,0.2020833333333333,3
cifar10,qskew,lf@0.7,online,P1,0.6027916666666666,0.653750006077609,0.08712499999999997,3
cifar10,qskew,lf@0.7,online,P1v1,0.594375,0.5720892181469105,0.07870833333333331,3
cifar10,qskew,lf@0.7,online,P2,0.585375,0.51331290227176,0.06970833333333333,3
cifar10,qskew,lf@0.7,online,P3,0.5970833333333333,0.6508776860180432,0.08141666666666665,3
cifar10,qskew,lf@0.7,online,P4,0.596625,0.6128004124644787,0.08095833333333331,3
cifar10,qskew,strmain,online,P1,0.5479583333333333,0.39204148138978234,0.05320833333333334,3
cifar10,qskew,strmain,online,P1v1,0.5821666666666666,0.6021458929243078,0.08741666666666664,3
cifar10,qskew,strmain,online,P2,0.595875,0.6725698648421542,0.101125,3
cifar10,qskew,strmain,online,P3,0.594125,0.6783818209883902,0.099375,3
cifar10,qskew,strmain,online,P4,0.5972916666666667,0.6656519107818814,0.10254166666666666,3
cifar10,shard,clean,online,P1,0.4533333333333333,,-0.02179166666666667,3
cifar10,shard,clean,online,P1v1,0.45529166666666665,,-0.01983333333333333,3
cifar10,shard,clean,online,P2,0.426,,-0.04912500000000001,3
cifar10,shard,clean,online,P3,0.49766666666666665,,0.022541666666666665,3
cifar10,shard,clean,online,P4,0.4814583333333333,,0.006333333333333302,3
cifar10,shard,free_rider,online,P1,0.39758333333333334,-0.8975036291378095,-0.0006249999999999867,3
cifar10,shard,free_rider,online,P1v1,0.28933333333333333,-1.9905582922824283,-0.10887499999999999,3
cifar10,shard,free_rider,online,P2,0.46941666666666665,2.220907403441133,0.07120833333333333,3
cifar10,shard,free_rider,online,P3,0.4164583333333334,0.34604721448799475,0.018250000000000006,3
cifar10,shard,free_rider,online,P4,0.43145833333333333,1.722733871159656,0.03325000000000002,3
cifar10,shard,frrand,online,P1,0.4266666666666667,0.03956522620974645,0.02933333333333336,3
cifar10,shard,frrand,online,P1v1,0.43516666666666665,-0.020192601787283753,0.03783333333333335,3
cifar10,shard,frrand,online,P2,0.41279166666666667,-1.0763633634729928,0.015458333333333352,3
cifar10,shard,frrand,online,P3,0.41558333333333336,0.32415862469018714,0.018250000000000027,3
cifar10,shard,frrand,online,P4,0.44487499999999996,0.6851706359347557,0.04754166666666668,3
cifar10,shard,grad_noise,online,P1,0.35966666666666663,0.6512771674735244,0.19295833333333334,3
cifar10,shard,grad_noise,online,P1v1,0.141625,-0.08390396773369983,-0.025083333333333332,3
cifar10,shard,grad_noise,online,P2,0.3469166666666667,0.6298765655088839,0.18020833333333333,3
cifar10,shard,grad_noise,online,P3,0.28429166666666666,0.39116074221571223,0.11758333333333333,3
cifar10,shard,grad_noise,online,P4,0.17920833333333333,0.03965557740232057,0.012500000000000002,3
cifar10,shard,lf@0.7,online,P1,0.2518333333333333,-1.0787394377618749,-0.05983333333333335,3
cifar10,shard,lf@0.7,online,P1v1,0.28870833333333334,-0.2909410529379404,-0.02295833333333334,3
cifar10,shard,lf@0.7,online,P2,0.21241666666666667,-1.4636852180205828,-0.09925,3
cifar10,shard,lf@0.7,online,P3,0.31470833333333337,-0.15811900140336752,0.003041666666666674,3
cifar10,shard,lf@0.7,online,P4,0.27166666666666667,-0.6955589867542128,-0.04000000000000001,3
cifar10,shard,strmain,online,P1,0.22254166666666667,-1.336667473336685,-0.09533333333333333,3
cifar10,shard,strmain,online,P1v1,0.282,-0.3136970396542235,-0.03587500000000002,3
cifar10,shard,strmain,online,P2,0.271625,-0.712717474344886,-0.04624999999999999,3
cifar10,shard,strmain,online,P3,0.31504166666666666,-0.14641778667687622,-0.0028333333333333357,3
cifar10,shard,strmain,online,P4,0.3156666666666667,-0.37872562869542065,-0.002208333333333331,3
fmnist,dir1,clean,online,P1,0.8320833333333333,,0.020333333333333353,3
fmnist,dir1,clean,online,P1v1,0.8388333333333332,,0.02708333333333331,3
fmnist,dir1,clean,online,P2,0.8455833333333334,,0.033833333333333306,3
fmnist,dir1,clean,online,P3,0.82925,,0.01749999999999996,3
fmnist,dir1,clean,online,P4,0.8481666666666667,,0.03641666666666669,3
fmnist,dir1,free_rider,online,P1,0.8389166666666666,0.9084426784181693,0.03079166666666666,3
fmnist,dir1,free_rider,online,P1v1,0.8090833333333333,0.16859732950419268,0.0009583333333333203,3
fmnist,dir1,free_rider,online,P2,0.8420833333333334,1.1071115567439096,0.03395833333333328,3
fmnist,dir1,free_rider,online,P3,0.8204583333333333,0.3819081336238194,0.012333333333333307,3
fmnist,dir1,free_rider,online,P4,0.8092083333333333,0.00022653000593983452,0.001083333333333288,3
fmnist,dir1,frrand,online,P1,0.821625,0.4494846576687301,0.012708333333333321,3
fmnist,dir1,frrand,online,P1v1,0.8036666666666666,-0.13069685045435897,-0.005249999999999977,3
fmnist,dir1,frrand,online,P2,0.841625,1.0047875691303634,0.03270833333333334,3
fmnist,dir1,frrand,online,P3,0.8197916666666667,0.3496582438439702,0.010875000000000004,3
fmnist,dir1,frrand,online,P4,0.8078333333333333,-0.05889277065909726,-0.001083333333333325,3
fmnist,dir1,grad_noise,online,P1,0.856125,1.1592201912710103,0.11616666666666668,3
fmnist,dir1,grad_noise,online,P1v1,0.7814583333333333,0.4240434893765917,0.041500000000000016,3
fmnist,dir1,grad_noise,online,P2,0.8531666666666666,1.1232419746394882,0.11320833333333336,3
fmnist,dir1,grad_noise,online,P3,0.7947500000000001,0.520539062775185,0.05479166666666672,3
fmnist,dir1,grad_noise,online,P4,0.7940416666666668,0.5169452437002072,0.05408333333333337,3
fmnist,dir1,lf@0.7,online,P1,0.8417500000000001,1.1410320530631752,0.04883333333333336,3
fmnist,dir1,lf@0.7,online,P1v1,0.7932916666666667,-0.248813891798055,0.0003750000000000142,3
fmnist,dir1,lf@0.7,online,P2,0.8420416666666667,1.1867154456484852,0.04912500000000001,3
fmnist,dir1,lf@0.7,online,P3,0.8080833333333333,0.1119964472562408,0.015166666666666662,3
fmnist,dir1,lf@0.7,online,P4,0.8140416666666667,0.4390773315474626,0.021124999999999988,3
fmnist,dir1,strmain,online,P1,0.8413750000000001,1.1291092614825677,0.032416666666666684,3
fmnist,dir1,strmain,online,P1v1,0.804375,-0.12041559424555871,-0.004583333333333346,3
fmnist,dir1,strmain,online,P2,0.8409166666666668,1.1371342462452978,0.031958333333333346,3
fmnist,dir1,strmain,online,P3,0.806,-0.29925750474074925,-0.002958333333333322,3
fmnist,dir1,strmain,online,P4,0.8225000000000001,0.4254498137079164,0.01354166666666671,3
fmnist,iid,clean,online,P1,0.8553333333333333,,-0.0005833333333332691,3
fmnist,iid,clean,online,P1v1,0.8550416666666667,,-0.0008749999999999222,3
fmnist,iid,clean,online,P2,0.8542916666666667,,-0.0016249999999999505,3
fmnist,iid,clean,online,P3,0.8555,,-0.0004166666666666208,3
fmnist,iid,clean,online,P4,0.8559583333333333,,4.166666666671759e-05,3
fmnist,iid,free_rider,online,P1,0.85125,0.8393836534598232,0.023041666666666665,3
fmnist,iid,free_rider,online,P1v1,0.8517916666666667,0.8527832178115248,0.023583333333333362,3
fmnist,iid,free_rider,online,P2,0.851625,0.8390299584329433,0.02341666666666668,3
fmnist,iid,free_rider,online,P3,0.8404583333333333,0.44497740065161606,0.01225000000000002,3
fmnist,iid,free_rider,online,P4,0.825625,-0.09137724944466995,-0.0025833333333333077,3
fmnist,iid,frrand,online,P1,0.847625,0.7072596009285933,0.019625000000000004,3
fmnist,iid,frrand,online,P1v1,0.8336666666666667,0.20648798415498312,0.005666666666666671,3
fmnist,iid,frrand,online,P2,0.8545416666666666,0.9535191738581569,0.026541666666666686,3
fmnist,iid,frrand,online,P3,0.8395833333333332,0.41977553298590237,0.011583333333333353,3
fmnist,iid,frrand,online,P4,0.8267083333333334,-0.04339338516806063,-0.0012916666666666539,3
fmnist,iid,grad_noise,online,P1,0.8658333333333333,1.1584702925277817,0.08308333333333333,3
fmnist,iid,grad_noise,online,P1v1,0.8334166666666666,0.6933107120281005,0.05066666666666664,3
fmnist,iid,grad_noise,online,P2,0.8653333333333334,1.1592949384430271,0.08258333333333338,3
fmnist,iid,grad_noise,online,P3,0.8304999999999999,0.6407348953596935,0.047749999999999994,3
fmnist,iid,grad_noise,online,P4,0.8085416666666667,0.3307065532471094,0.025791666666666695,3
fmnist,iid,lf@0.7,online,P1,0.8524583333333333,0.8828172464150071,0.03625000000000004,3
fmnist,iid,lf@0.7,online,P1v1,0.8425833333333334,0.6135907090566641,0.026375,3
fmnist,iid,lf@0.7,online,P2,0.8535833333333334,0.9202267229061748,0.03737500000000001,3
fmnist,iid,lf@0.7,online,P3,0.8486666666666666,0.797466878136043,0.03245833333333333,3
fmnist,iid,lf@0.7,online,P4,0.8236666666666667,0.20069351949571956,0.007458333333333345,3
fmnist,iid,strmain,online,P1,0.8538333333333333,0.9168829866483291,0.03649999999999998,3
fmnist,iid,strmain,online,P1v1,0.8441666666666666,0.6529057551620722,0.026833333333333303,3
fmnist,iid,strmain,online,P2,0.853125,0.9032424120871775,0.035791666666666666,3
fmnist,iid,strmain,online,P3,0.8450000000000001,0.6938647259946896,0.027666666666666655,3
fmnist,iid,strmain,online,P4,0.8325833333333333,0.38691956525891413,0.01524999999999995,3
