dataset,partition,scenario,method,spearman_b,pearson_b,kendall_b,auroc,spearman_vs_rate,spearman_vs_rate_corrupt,runtime_s
cifar10,dir1,grad_noise,(b)oracle,,,,0.9991666666666666,,,823.6569356028922
cifar10,dir1,grad_noise,ComFedSV,0.27266726672667263,0.25396959918720774,0.18464646464646467,0.7220833333333334,,,23.00827755103819
cifar10,dir1,grad_noise,FedIF,0.7743414341434142,0.8158755945782167,0.5450505050505051,1.0,,,5.354091899935156
cifar10,dir1,grad_noise,FedSV,0.8704710471047103,0.8736465373845816,0.6763636363636365,1.0,,,285.1859762859531
cifar10,dir1,grad_noise,Flirds,0.8460006000600059,0.9403734495788462,0.6957575757575759,0.9983333333333333,,,11.068333277013153
cifar10,dir1,grad_noise,Flirds1st,0.2691149114911491,-0.021459976601310386,0.26303030303030306,0.54,,,4.129181914962828
cifar10,dir1,grad_noise,GTG,0.861122112211221,0.854059806041284,0.6654545454545455,1.0,,,909.2633013688028
cifar10,dir1,grad_noise,ShapleyFL,0.7841944194419441,0.8167546982575632,0.5616161616161617,1.0,,,1421.855685020797
cifar10,dir1,grad_noise,loss-heur,0.989054905490549,0.9719365510291622,0.9167676767676769,0.9979166666666666,,,9.109408572083339
