dataset,scenario,seed,method,spearman_b,pearson_b,spearman_a,pearson_a,stage,partition,threat,flip_rate,cell,n_corrupt,kendall_b,cos_b,euc_b,maxdiff_b,auroc,spearman_vs_rate,spearman_vs_rate_corrupt,runtime_s
cifar10,grad_noise,0,(b)oracle,,,,,c2fid,dir1,grad_noise,,cifar10_dir1_grad-noise_fid_seed0,40,,,,,0.9991666666666666,,,823.6569356028922
cifar10,grad_noise,0,Flirds,0.8460006000600059,0.9403734495788462,,,c2fid,dir1,grad_noise,,cifar10_dir1_grad-noise_fid_seed0,40,0.6957575757575759,0.18571072035072034,10.7405453938189,3.449989748293685,0.9983333333333333,,,11.068333277013153
cifar10,grad_noise,0,Flirds1st,0.2691149114911491,-0.021459976601310386,,,c2fid,dir1,grad_noise,,cifar10_dir1_grad-noise_fid_seed0,40,0.26303030303030306,1.0084916376747914,11.012477400012198,3.7571104225026737,0.54,,,4.129181914962828
cifar10,grad_noise,0,GTG,0.861122112211221,0.854059806041284,,,c2fid,dir1,grad_noise,,cifar10_dir1_grad-noise_fid_seed0,40,0.6654545454545455,0.14607735354954698,3.2276741699298213,1.1115311035018671,1.0,,,909.2633013688028
cifar10,grad_noise,0,FedSV,0.8704710471047103,0.8736465373845816,,,c2fid,dir1,grad_noise,,cifar10_dir1_grad-noise_fid_seed0,40,0.6763636363636365,0.1263549375503129,213.13764021596737,46.454689654755214,1.0,,,285.1859762859531
cifar10,grad_noise,0,ComFedSV,0.27266726672667263,0.25396959918720774,,,c2fid,dir1,grad_noise,,cifar10_dir1_grad-noise_fid_seed0,40,0.18464646464646467,0.7461415879657671,106.51588834251078,39.87854125131758,0.7220833333333334,,,23.00827755103819
cifar10,grad_noise,0,ShapleyFL,0.7841944194419441,0.8167546982575632,,,c2fid,dir1,grad_noise,,cifar10_dir1_grad-noise_fid_seed0,40,0.5616161616161617,0.5952182299389761,7.700881355188967,2.084503111451007,1.0,,,1421.855685020797
cifar10,grad_noise,0,FedIF,0.7743414341434142,0.8158755945782167,,,c2fid,dir1,grad_noise,,cifar10_dir1_grad-noise_fid_seed0,40,0.5450505050505051,0.47834759257577186,5.638041582910313,1.8143679677815958,1.0,,,5.354091899935156
cifar10,grad_noise,0,loss-heur,0.989054905490549,0.9719365510291622,,,c2fid,dir1,grad_noise,,cifar10_dir1_grad-noise_fid_seed0,40,0.9167676767676769,0.09989989198230054,2.9419492890516623,0.9326771938611589,0.9979166666666666,,,9.109408572083339
