r,S,size,n_S,u_true,u_t1,u_t2,resid1,resid2,norm_dS,c_S,u_renorm
0,0,1,200,-0.00028228759765625,-0.0002832390018738806,-0.000282699003378184,9.514042176306248e-07,4.114057219339884e-07,0.0014579215599268187,5.0,-0.001401662826538086
0,1,1,200,-0.0003781318664550781,-0.00037935504224151373,-0.00037850107736403515,1.223175786435604e-06,3.6921090895702946e-07,0.0013801362711879342,5.0,-0.0018742084503173828
0,2,1,200,-0.00036263465881347656,-0.00036350463051348925,-0.00036289091701746656,8.699717000126839e-07,2.5625820399000077e-07,0.0010399756656587506,5.0,-0.0018007755279541016
0,3,1,200,-0.0006146430969238281,-0.0006185909151099622,-0.0006148121935893869,3.9478181861341e-06,1.6909666555875447e-07,0.0017572391282896214,5.0,-0.0029964447021484375
0,4,1,200,-0.00025725364685058594,-0.00025836832355707884,-0.00025784254842164955,1.1146767064929008e-06,5.889015710636158e-07,0.001078565703882507,5.0,-0.001277923583984375
0,0+1,2,400,-0.0006608963012695312,-0.0006625940441153944,-0.0006611705989856276,1.6977428458631039e-06,2.742977160963278e-07,0.002102462434876883,2.5,-0.0016465187072753906
0,0+2,2,400,-0.0006444454193115234,-0.0006467436323873699,-0.0006452750644712069,2.2982130758464336e-06,8.296451596834231e-07,0.0020309580129910616,2.5,-0.0016067028045654297
0,0+3,2,400,-0.0008971691131591797,-0.0009018299169838428,-0.0008975965378752448,4.660803824663162e-06,4.274247160651612e-07,0.0023715429609383353,2.5,-0.0022268295288085938
0,0+4,2,400,-0.0005400180816650391,-0.0005416073254309595,-0.0005403824801604173,1.5892437659204006e-06,3.6439849537828195e-07,0.002005799905132971,2.5,-0.0013451576232910156
0,1+2,2,400,-0.0007393360137939453,-0.000742859672755003,-0.0007401429753031152,3.523658961057663e-06,8.069615091699234e-07,0.0021381793434983557,2.5,-0.0018389225006103516
0,1+3,2,400,-0.0009925365447998047,-0.000997945957351476,-0.0009932725777552776,5.4094125516712666e-06,7.360329554728651e-07,0.0023610445389230044,2.5,-0.00246429443359375
0,1+4,2,400,-0.0006349086761474609,-0.0006377233657985926,-0.0006353473204399052,2.81468965113163e-06,4.3864429244422354e-07,0.002070420241905139,2.5,-0.0015785694122314453
0,2+3,2,400,-0.0009770393371582031,-0.0009820955456234515,-0.0009775531794602443,5.056208465248346e-06,5.13842302041212e-07,0.002169902933571508,2.5,-0.0024254322052001953
0,2+4,2,400,-0.0006196498870849609,-0.0006218729540705681,-0.0006198802038284157,2.2230669856071472e-06,2.303167434547504e-07,0.0017891019137716451,2.5,-0.0015411376953125
0,3+4,2,400,-0.0008721351623535156,-0.0008769592386670411,-0.0008727213343817652,4.824076313525438e-06,5.861720282496208e-07,0.002155281550472412,2.5,-0.0021643638610839844
0,0+1+2,3,600,-0.0010221004486083984,-0.0010260986746288836,-0.001022497641000264,3.998226020485163e-06,3.971923918655307e-07,0.0028293265733127636,1.6666666666666667,-0.0016987323760986328
0,0+1+3,3,600,-0.0012755393981933594,-0.0012811849592253566,-0.001276027440284544,5.645561031997204e-06,4.880420911845817e-07,0.002915629411376331,1.6666666666666667,-0.0021195411682128906
0,0+1+4,3,600,-0.0009171962738037109,-0.0009209623676724732,-0.0009178577704220814,3.7660938687622547e-06,6.614966183704496e-07,0.0027452879900022966,1.6666666666666667,-0.0015254020690917969
0,0+2+3,3,600,-0.0012595653533935547,-0.001265334547497332,-0.0012600226678216586,5.769194103777409e-06,4.5731442810392764e-07,0.0028570108843294813,1.6666666666666667,-0.002092599868774414
0,0+2+4,3,600,-0.0009014606475830078,-0.0009051119559444487,-0.0009021052796427398,3.651308361440897e-06,6.446320597319755e-07,0.002641688991946634,1.6666666666666667,-0.001499176025390625
0,0+3+4,3,600,-0.0011548995971679688,-0.0011601982405409217,-0.001155346607028207,5.298643372952938e-06,4.470098602382677e-07,0.0028135314518112787,1.6666666666666667,-0.0019192695617675781
0,1+2+3,3,600,-0.0013539791107177734,-0.0013614505878649652,-0.0013547645445477485,7.471477147191763e-06,7.854338299750907e-07,0.002963208749761054,1.6666666666666667,-0.0022492408752441406
0,1+2+4,3,600,-0.0009958744049072266,-0.0010012279963120818,-0.0009961359567682848,5.353591404855251e-06,2.6155186105825123e-07,0.002812420141286236,1.6666666666666667,-0.0016536712646484375
0,1+3+4,3,600,-0.001249551773071289,-0.0012563142809085548,-0.0012501854132018764,6.76250783726573e-06,6.336401305873096e-07,0.0028897128570228685,1.6666666666666667,-0.002075672149658203
0,2+3+4,3,600,-0.0012340545654296875,-0.0012404638691805303,-0.0012346090586419223,6.40930375084281e-06,5.544932122347745e-07,0.002687351901788146,1.6666666666666667,-0.002049684524536133
0,0+1+2+3,4,800,-0.0016362667083740234,-0.0016446895897388458,-0.0016372045511525712,8.422881364822388e-06,9.378427785478038e-07,0.0035531219279439042,1.25,-0.0020427703857421875
0,0+1+2+4,4,800,-0.0012772083282470703,-0.0012844669981859624,-0.0012783315508260173,7.258669938892126e-06,1.1232225789470363e-06,0.0034752523665977984,1.25,-0.0015947818756103516
0,0+1+3+4,4,800,-0.0015320777893066406,-0.0015395532827824354,-0.0015327812040917266,7.475493475794792e-06,7.03414785085954e-07,0.003465717523499028,1.25,-0.0019125938415527344
0,0+2+3+4,4,800,-0.0015158653259277344,-0.001523702871054411,-0.0015169194753639204,7.83754512667656e-06,1.0541494361859804e-06,0.0033779115889909957,1.25,-0.0018932819366455078
0,1+2+3+4,4,800,-0.00160980224609375,-0.001619818911422044,-0.001610824118383647,1.0016665328294039e-05,1.021872289896919e-06,0.003537307941222114,1.25,-0.0020093917846679688
0,0+1+2+3+4,5,1000,-0.0018923282623291016,-0.0019030579132959247,-0.0018931050533490534,1.0729650966823101e-05,7.767910199518724e-07,0.004134127576423929,1.0,-0.00189208984375
1,0,1,200,-0.00027823448181152344,-0.0002788817510008812,-0.0002784787996858995,6.472691893577576e-07,2.4431787437606545e-07,0.001454473631214115,5.0,-0.0013828277587890625
1,1,1,200,-0.0003724098205566406,-0.0003732260665856302,-0.00037257276466107214,8.162460289895535e-07,1.629441044315172e-07,0.0013756709454105331,5.0,-0.001848459243774414
1,2,1,200,-0.000354766845703125,-0.00035541047691367567,-0.00035497585162147516,6.436312105506659e-07,2.0900591835015803e-07,0.0010309627376672683,5.0,-0.0017647743225097656
1,3,1,200,-0.0006062984466552734,-0.0006100854370743036,-0.0006066579978778464,3.7869904190301895e-06,3.5955122257291805e-07,0.0017549197238967836,5.0,-0.0029616355895996094
1,4,1,200,-0.0002532005310058594,-0.0002539257111493498,-0.00025355569127327726,7.251801434904337e-07,3.5516026741788664e-07,0.0010759633683954176,5.0,-0.0012595653533935547
1,0+1,2,400,-0.0006511211395263672,-0.0006521078175865114,-0.0006513524412099514,9.86678060144186e-07,2.3130168358420633e-07,0.0020962750161642703,2.5,-0.0016243457794189453
1,0+2,2,400,-0.0006330013275146484,-0.0006342922279145569,-0.0006334577617794768,1.2909003999084234e-06,4.564342648283315e-07,0.002019117342125314,2.5,-0.0015790462493896484
1,0+3,2,400,-0.0008852481842041016,-0.0008889671880751848,-0.0008856589793140301,3.7190038710832596e-06,4.107951099285856e-07,0.0023676680051846503,2.5,-0.002199888229370117
1,0+4,2,400,-0.0005319118499755859,-0.000532807462150231,-0.0005321702015947949,8.956121746450663e-07,2.583516192089519e-07,0.00200121728411636,2.5,-0.0013270378112792969
1,1+2,2,400,-0.0007262229919433594,-0.0007286365434993058,-0.0007266765862823377,2.4135515559464693e-06,4.535943389782915e-07,0.0021254088707288875,2.5,-0.00180816650390625
1,1+3,2,400,-0.0009791851043701172,-0.0009833115036599338,-0.000979690350305873,4.126399289816618e-06,5.052459357557382e-07,0.002357745184938253,2.5,-0.0024340152740478516
1,1+4,2,400,-0.0006251335144042969,-0.00062715177773498,-0.0006254844487330047,2.018263330683112e-06,3.5093432870780816e-07,0.0020632045428553743,2.5,-0.001556396484375
1,2+3,2,400,-0.0009613037109375,-0.0009654959139879793,-0.0009619520629513545,4.192203050479293e-06,6.483520138544918e-07,0.0021631440711983797,2.5,-0.002389669418334961
1,2+4,2,400,-0.0006074905395507812,-0.0006093361880630255,-0.0006080133306625157,1.8456485122442245e-06,5.227911117344775e-07,0.0017774349245508819,2.5,-0.0015139579772949219
1,3+4,2,400,-0.0008597373962402344,-0.0008640111482236534,-0.0008607326782907876,4.273751983419061e-06,9.952820505532145e-07,0.0021534937719668106,2.5,-0.0021381378173828125
1,0+1+2,3,600,-0.001004934310913086,-0.001007518294500187,-0.001005459373303319,2.583983587101102e-06,5.250623902330886e-07,0.0028138440596515786,1.6666666666666667,-0.0016720294952392578
1,0+1+3,3,600,-0.0012581348419189453,-0.001262193254660815,-0.0012589922086050365,4.058412741869688e-06,8.573666860911544e-07,0.002910579968323022,1.6666666666666667,-0.002093791961669922
1,0+1+4,3,600,-0.0009036064147949219,-0.0009060335287358612,-0.0009043998359175021,2.4271139409393072e-06,7.934211225801846e-07,0.0027368579216369504,1.6666666666666667,-0.0015041828155517578
1,0+2+3,3,600,-0.0012402534484863281,-0.0012443776649888605,-0.0012409561548596404,4.124216502532363e-06,7.027063733122674e-07,0.0028467100219603386,1.6666666666666667,-0.0020630359649658203
1,0+2+4,3,600,-0.0008859634399414062,-0.0008882179390639067,-0.0008866309514561355,2.2544991225004196e-06,6.675115147292132e-07,0.002627718685484821,1.6666666666666667,-0.0014748573303222656
1,0+3+4,3,600,-0.0011391639709472656,-0.0011428928992245346,-0.0011398693703625895,3.7289282772690058e-06,7.053994153238818e-07,0.0028098618961744388,1.6666666666666667,-0.0018949508666992188
1,1+2+3,3,600,-0.001333475112915039,-0.0013387219805736095,-0.0013341123853791714,5.246867658570409e-06,6.372724641323657e-07,0.0029530356489223426,1.6666666666666667,-0.0022170543670654297
1,1+2+4,3,600,-0.000978231430053711,-0.0009825622546486557,-0.0009790700581220335,4.3308245949447155e-06,8.386280683225777e-07,0.0027964976091195545,1.6666666666666667,-0.0016264915466308594
1,1+3+4,3,600,-0.0012323856353759766,-0.0012372372148092836,-0.0012331210235174694,4.851579433307052e-06,7.353881414928765e-07,0.002885030296402609,1.6666666666666667,-0.0020494461059570312
1,2+3+4,3,600,-0.0012149810791015625,-0.001219421625137329,-0.001215508531132059,4.4405460357666016e-06,5.274520304965336e-07,0.002678745608631879,1.6666666666666667,-0.0020203590393066406
1,0+1+2+3,4,800,-0.0016124248504638672,-0.0016176037315744907,-0.001613417354150437,5.178881110623479e-06,9.9250368656989e-07,0.0035399703486929885,1.25,-0.0020143985748291016
1,0+1+2+4,4,800,-0.0012569427490234375,-0.0012614440056495368,-0.001257988555778633,4.501256626099348e-06,1.0458067551954997e-06,0.003457229281707375,1.25,-0.0015704631805419922
1,0+1+3+4,4,800,-0.0015115737915039062,-0.0015161189658101648,-0.001512558592452251,4.545174306258559e-06,9.84800948344855e-07,0.0034594209212359117,1.25,-0.001888275146484375
1,0+2+3+4,4,800,-0.001493692398071289,-0.0014983033761382103,-0.001494648333675963,4.610978066921234e-06,9.559356046739964e-07,0.003366292265438843,1.25,-0.0018658638000488281
1,1+2+3+4,4,800,-0.0015859603881835938,-0.0015926476917229593,-0.0015870248463585312,6.68730353936553e-06,1.0644581749374993e-06,0.0035247057426533645,1.25,-0.0019807815551757812
1,0+1+2+3+4,5,1000,-0.0018656253814697266,-0.0018715294427238405,-0.001866465525765415,5.904061254113913e-06,8.401442956884608e-07,0.004119004855827805,1.0,-0.0018656253814697266
2,0,1,200,-0.0002765655517578125,-0.00027709981077350676,-0.0002768158263393161,5.342590156942606e-07,2.502745815036178e-07,0.0014522954577257277,5.0,-0.0013768672943115234
2,1,1,200,-0.0003693103790283203,-0.0003699946100823581,-0.00036952056845507286,6.842310540378094e-07,2.1018942675254948e-07,0.0013720441744344036,5.0,-0.001836538314819336
2,2,1,200,-0.0003502368927001953,-0.00035088506410829723,-0.0003506063352176625,6.481714081019163e-07,3.694425174671778e-07,0.0010257419550366554,5.0,-0.0017461776733398438
2,3,1,200,-0.0006012916564941406,-0.0006048477371223271,-0.0006017246284955036,3.5560806281864643e-06,4.3297200136294123e-07,0.0017531570979858835,5.0,-0.0029425621032714844
2,4,1,200,-0.00025200843811035156,-0.0002524798328522593,-0.0002522442845815931,4.713947419077158e-07,2.358464712415298e-07,0.0010763468477078715,5.0,-0.0012552738189697266
2,0+1,2,400,-0.0006463527679443359,-0.0006470944208558649,-0.0006469383389742234,7.41652911528945e-07,5.855710298874328e-07,0.0020929930241997954,2.5,-0.001615285873413086
2,0+2,2,400,-0.0006270408630371094,-0.000627984874881804,-0.0006277111368291344,9.440118446946144e-07,6.702737920250001e-07,0.0020120657222567166,2.5,-0.0015668869018554688
2,0+3,2,400,-0.0008788108825683594,-0.0008819475478958338,-0.000879459904297164,3.136665327474475e-06,6.490217288046551e-07,0.002366317051149835,2.5,-0.0021872520446777344
2,0+4,2,400,-0.0005288124084472656,-0.000529579643625766,-0.0005294611235484581,7.672351785004139e-07,6.487151011924652e-07,0.002001089417528876,2.5,-0.001322031021118164
2,1+2,2,400,-0.0007190704345703125,-0.0007208796741906554,-0.0007195883177359974,1.8092396203428507e-06,5.17883165684907e-07,0.002117516190754256,2.5,-0.0017926692962646484
2,1+3,2,400,-0.0009713172912597656,-0.0009748423472046852,-0.0009721618220339678,3.525055944919586e-06,8.445307742022123e-07,0.002356830508291693,2.5,-0.00241851806640625
2,1+4,2,400,-0.0006210803985595703,-0.0006224744429346174,-0.0006214334679270905,1.3940443750470877e-06,3.530693675202201e-07,0.002060221833321309,2.5,-0.00154876708984375
2,2+3,2,400,-0.0009527206420898438,-0.0009557328012306243,-0.0009530728194704352,3.012159140780568e-06,3.521773805914563e-07,0.0021603916286949813,2.5,-0.0023708343505859375
2,2+4,2,400,-0.0006020069122314453,-0.0006033648969605565,-0.000602627011154766,1.3579847291111946e-06,6.20098923320711e-07,0.001772541891161146,2.5,-0.0015025138854980469
2,3+4,2,400,-0.0008544921875,-0.0008573275699745864,-0.0008548981778915277,2.8353824745863676e-06,4.0599039152766636e-07,0.0021554225149502328,2.5,-0.002126455307006836
2,0+1+2,3,600,-0.0009963512420654297,-0.0009979794849641621,-0.0009972950635273037,1.6282428987324238e-06,9.438214618739948e-07,0.002805189693529348,1.6666666666666667,-0.0016601085662841797
2,0+1+3,3,600,-0.001249551773071289,-0.001251942157978192,-0.0012504990420154627,2.3903849069029093e-06,9.472689441736293e-07,0.0029102403865278017,1.6666666666666667,-0.002080678939819336
2,0+1+4,3,600,-0.0008985996246337891,-0.0008995742537081242,-0.0008992522510737899,9.746290743350983e-07,6.526264400008586e-07,0.0027348314041432315,1.6666666666666667,-0.001497030258178711
2,0+2+3,3,600,-0.0012302398681640625,-0.001232832612004131,-0.0012310970705442514,2.5927438400685787e-06,8.572023801889372e-07,0.002842584806387799,1.6666666666666667,-0.002048492431640625
2,0+2+4,3,600,-0.0008790493011474609,-0.0008804647077340633,-0.0008801328253937868,1.4154065866023302e-06,1.083524246325851e-06,0.0026219917795683033,1.6666666666666667,-0.0014653205871582031
2,0+3+4,3,600,-0.0011322498321533203,-0.0011344273807480931,-0.001133034466320737,2.1775485947728157e-06,7.846341674166979e-07,0.0028121907862275553,1.6666666666666667,-0.0018849372863769531
2,1+2+3,3,600,-0.0013217926025390625,-0.0013257274113129824,-0.0013229714270721615,3.93480877391994e-06,1.1788245330990321e-06,0.0029491702675695343,1.6666666666666667,-0.002199888229370117
2,1+2+4,3,600,-0.0009706020355224609,-0.0009733595070429146,-0.0009712776085635255,2.7574715204536915e-06,6.75573041064581e-07,0.002788748691622981,1.6666666666666667,-0.0016150474548339844
2,1+3+4,3,600,-0.0012240409851074219,-0.0012273221800569445,-0.0012250039863204165,3.2811949495226145e-06,9.630012129946408e-07,0.0028862471657628945,1.6666666666666667,-0.002037525177001953
2,2+3+4,3,600,-0.0012054443359375,-0.0012082126340828836,-0.0012060227602219697,2.7682981453835964e-06,5.784242844697474e-07,0.0026778375712689325,1.6666666666666667,-0.002006053924560547
2,0+1+2+3,4,800,-0.001600503921508789,-0.0016028272220864892,-0.0016015976223258122,2.323300577700138e-06,1.093700817023091e-06,0.003535470852023307,1.25,-0.0020003318786621094
2,0+1+2+4,4,800,-0.0012485980987548828,-0.0012504593178164214,-0.0012493853669823807,1.861219061538577e-06,7.872682274978615e-07,0.0034494938596046744,1.25,-0.0015597343444824219
2,0+1+3+4,4,800,-0.0015027523040771484,-0.0015044219908304513,-0.0015037422189294603,1.6696867533028126e-06,9.899148523118129e-07,0.0034614947621341204,1.25,-0.0018780231475830078
2,0+2+3+4,4,800,-0.0014829635620117188,-0.0014853124448563904,-0.0014844480239233349,2.348882844671607e-06,1.4844619116161084e-06,0.0033645927946952966,1.25,-0.0018541812896728516
2,1+2+3+4,4,800,-0.0015745162963867188,-0.0015782072441652417,-0.0015755899827141207,3.6909477785229683e-06,1.0736863274019015e-06,0.0035220183964885902,1.25,-0.0019669532775878906
2,0+1+2+3+4,5,1000,-0.0018532276153564453,-0.0018553070549387485,-0.0018546171905953202,2.0794395823031664e-06,1.3895752388748406e-06,0.004116216307173241,1.0,-0.0018534660339355469
3,0,1,200,-0.0002772808074951172,-0.000277588696917519,-0.0002774070170090681,3.0788942240178585e-07,1.262095139509256e-07,0.0014512787040154714,5.0,-0.0013818740844726562
3,1,1,200,-0.0003688335418701172,-0.0003695121267810464,-0.00036919827365977653,6.78584910929203e-07,3.6473178965934494e-07,0.0013697337231428222,5.0,-0.0018384456634521484
3,2,1,200,-0.0003490447998046875,-0.0003495334822218865,-0.00034939217277951684,4.886824171990156e-07,3.473729748293408e-07,0.0010240110446136817,5.0,-0.0017428398132324219
3,3,1,200,-0.0005993843078613281,-0.0006025323527865112,-0.0005996691243126406,3.1480449251830578e-06,2.8481645131250843e-07,0.0017518974479656417,5.0,-0.0029370784759521484
3,4,1,200,-0.00025343894958496094,-0.0002536925603635609,-0.00025357282869720166,2.536107785999775e-07,1.3387911224072013e-07,0.001079447377368474,5.0,-0.0012645721435546875
3,0+1,2,400,-0.0006470680236816406,-0.0006471008236985654,-0.0006474834605540991,3.2800016924738884e-08,4.154368724584856e-07,0.002092709791873982,2.5,-0.0016188621520996094
3,0+2,2,400,-0.0006265640258789062,-0.0006271221791394055,-0.0006273481084946297,5.58153260499239e-07,7.840826157234915e-07,0.002009315969071572,2.5,-0.001567840576171875
3,0+3,2,400,-0.0008778572082519531,-0.0008801210497040302,-0.000878356831051974,2.263841452077031e-06,4.996228000209157e-07,0.0023672103228686973,2.5,-0.0021872520446777344
3,0+4,2,400,-0.0005311965942382812,-0.0005312812572810799,-0.0005316209557975071,8.466304279863834e-08,4.2436155922587204e-07,0.0020049572506962952,2.5,-0.001329183578491211
3,1+2,2,400,-0.0007178783416748047,-0.0007190456090029329,-0.0007183490703255302,1.1672673281282187e-06,4.7072865072550485e-07,0.0021145963003829896,2.5,-0.0017921924591064453
3,1+3,2,400,-0.0009696483612060547,-0.0009720444795675576,-0.0009702026310662859,2.396118361502886e-06,5.542698602312157e-07,0.0023584512023881537,2.5,-0.002416849136352539
3,1+4,2,400,-0.0006225109100341797,-0.0006232046871446073,-0.0006227179976114883,6.93777110427618e-07,2.0708757730858451e-07,0.0020615451104015036,2.5,-0.0015537738800048828
3,2+3,2,400,-0.0009496212005615234,-0.0009520658350083977,-0.0009501895797825455,2.444634446874261e-06,5.683792210220417e-07,0.002161269074827926,2.5,-0.0023665428161621094
3,2+4,2,400,-0.0006022453308105469,-0.0006032260425854474,-0.0006030028919621344,9.807117749005556e-07,7.57561151587538e-07,0.0017737919119176328,2.5,-0.0015053749084472656
3,3+4,2,400,-0.0008544921875,-0.0008562249131500721,-0.0008545441377378893,1.7327256500720978e-06,5.1950237889286655e-08,0.0021606881930001263,2.5,-0.002128124237060547
3,0+1+2,3,600,-0.0009963512420654297,-0.0009966343059204519,-0.0009971831759258976,2.83063855022192e-07,8.319338604678705e-07,0.002803091771888743,1.6666666666666667,-0.001661062240600586
3,0+1+3,3,600,-0.001249074935913086,-0.0012496331764850765,-0.0012497685076908738,5.582405719906092e-07,6.935717777878381e-07,0.0029144272237466217,1.6666666666666667,-0.0020813941955566406
3,0+1+4,3,600,-0.0009009838104248047,-0.0009007933840621263,-0.0009016442945970482,1.9042636267840862e-07,6.60484172243514e-07,0.0027389175056569412,1.6666666666666667,-0.0015027523040771484
3,0+2+3,3,600,-0.0012288093566894531,-0.0012296545319259167,-0.0012294262052279237,8.451752364635468e-07,6.168485384705491e-07,0.0028439701520342215,1.6666666666666667,-0.0020470619201660156
3,0+2+4,3,600,-0.0008809566497802734,-0.0008808147395029664,-0.0008815999377684847,1.4191027730703354e-07,6.432879882112275e-07,0.0026236476232037683,1.6666666666666667,-0.0014693737030029297
3,0+3+4,3,600,-0.0011332035064697266,-0.001133813610067591,-0.00113387295456846,6.101035978645086e-07,6.694480987334828e-07,0.002819849388134212,1.6666666666666667,-0.0018885135650634766
3,1+2+3,3,600,-0.0013201236724853516,-0.001321577961789444,-0.0013204817104224276,1.4542893040925264e-06,3.580379370760056e-07,0.002951436911311689,1.6666666666666667,-0.0021982192993164062
3,1+2+4,3,600,-0.0009715557098388672,-0.0009727381693664938,-0.0009719066847626578,1.1824595276266336e-06,3.50974923790659e-07,0.002788879303642416,1.6666666666666667,-0.0016176700592041016
3,1+3+4,3,600,-0.0012242794036865234,-0.0012257370399311185,-0.0012250245397460446,1.4576362445950508e-06,7.451360595212009e-07,0.002893149149737311,1.6666666666666667,-0.0020394325256347656
3,2+3+4,3,600,-0.0012042522430419922,-0.0012057583953719586,-0.00120510248369321,1.506152329966426e-06,8.502406512178595e-07,0.0026838489711187388,1.6666666666666667,-0.00200653076171875
3,0+1+2+3,4,800,-0.0015997886657714844,-0.001599166658706963,-0.0016005965057530602,6.220070645213127e-07,8.07839981575853e-07,0.0035390840590848924,1.25,-0.002000093460083008
3,0+1+2+4,4,800,-0.0012505054473876953,-0.0012503268662840128,-0.0012513819004542626,1.78581103682518e-07,8.76453066567251e-07,0.003451389690864406,1.25,-0.0015633106231689453
3,0+1+3+4,4,800,-0.0015041828155517578,-0.0015033257368486375,-0.0015052315264618699,8.570787031203508e-07,1.0487109101120495e-06,0.0034713604006179166,1.25,-0.001880645751953125
3,0+2+3+4,4,800,-0.0014841556549072266,-0.0014833470922894776,-0.0014849802192298256,8.085626177489758e-07,8.245643225990307e-07,0.0033717302044369226,1.25,-0.0018553733825683594
3,1+2+3+4,4,800,-0.0015740394592285156,-0.001575270522153005,-0.0015753415095876022,1.231062924489379e-06,1.3020503590865928e-06,0.0035286728747248035,1.25,-0.0019676685333251953
3,0+1+2+3+4,5,1000,-0.0018548965454101562,-0.001852859219070524,-0.0018560974150094722,2.0373263396322727e-06,1.200869599315979e-06,0.004124815808314047,1.0,-0.0018548965454101562
4,0,1,200,-0.0002799034118652344,-0.00028006365755572915,-0.00027996800134388877,1.6024569049477577e-07,6.458947865439768e-08,0.0014513047895472367,5.0,-0.0013964176177978516
4,1,1,200,-0.0003712177276611328,-0.0003714867343660444,-0.0003713156625906322,2.690067049115896e-07,9.793492949938809e-08,0.0013686209154898984,5.0,-0.001851797103881836
4,2,1,200,-0.0003509521484375,-0.00035102758556604385,-0.00035100827465761597,7.543712854385376e-08,5.612622011597068e-08,0.001025496096292076,5.0,-0.0017535686492919922
4,3,1,200,-0.0006000995635986328,-0.0006028126226738095,-0.0006001655822274188,2.713059075176716e-06,6.601862878596876e-08,0.0017510718724285893,5.0,-0.0029435157775878906
4,4,1,200,-0.00025725364685058594,-0.0002572596713434905,-0.00025723838840718827,6.024492904543877e-09,1.5258443397669907e-08,0.0010849888613534162,5.0,-0.0012848377227783203
4,0+1,2,400,-0.0006518363952636719,-0.0006515503919217736,-0.0006524156583864738,2.860033418983221e-07,5.792631228018763e-07,0.0020950469006734145,2.5,-0.0016329288482666016
4,0+2,2,400,-0.0006315708160400391,-0.000631091243121773,-0.0006317630227403725,4.79572918266058e-07,1.9220670033348597e-07,0.002010390699192436,2.5,-0.0015804767608642578
4,0+3,2,400,-0.0008814334869384766,-0.0008828762802295387,-0.0008817406957817298,1.4427932910621166e-06,3.0720884325319275e-07,0.002370028196172176,2.5,-0.002197742462158203
4,0+4,2,400,-0.000537872314453125,-0.0005373233288992196,-0.0005380645923054317,5.489855539053679e-07,1.9227785230668815e-07,0.00201233673259674,2.5,-0.0013470649719238281
4,1+2,2,400,-0.0007219314575195312,-0.0007225143199320883,-0.0007223483845244516,5.828624125570059e-07,4.169270049203533e-07,0.0021162134078319024,2.5,-0.0018038749694824219
4,1+3,2,400,-0.0009729862213134766,-0.0009742993570398539,-0.0009731987405245945,1.313135726377368e-06,2.1251921111797856e-07,0.0023623142543972575,2.5,-0.0024268627166748047
4,1+4,2,400,-0.0006284713745117188,-0.0006287464057095349,-0.000628748004125157,2.750311978161335e-07,2.7662961343821735e-07,0.0020667106838660266,2.5,-0.0015707015991210938
4,2+3,2,400,-0.0009522438049316406,-0.0009538402082398534,-0.0009526555506855772,1.5964033082127571e-06,4.117457539365432e-07,0.002165404020130954,2.5,-0.002375364303588867
4,2+4,2,400,-0.0006084442138671875,-0.0006082872569095343,-0.0006085174279082395,1.5695695765316486e-07,7.321404105198326e-08,0.001780564316786343,2.5,-0.0015211105346679688
4,3+4,2,400,-0.0008587837219238281,-0.0008600722940173,-0.0008590437557600694,1.2885720934718847e-06,2.600338362412913e-07,0.0021688773354399883,2.5,-0.002142190933227539
4,0+1+2,3,600,-0.0010039806365966797,-0.0010025779774878174,-0.001004235127059161,1.4026591088622808e-06,2.544904624812716e-07,0.0028068132144691785,1.6666666666666667,-0.001674652099609375
4,0+1+3,3,600,-0.0012552738189697266,-0.001254363014595583,-0.0012559058485308583,9.108043741434813e-07,6.320295611317306e-07,0.002922519854220184,1.6666666666666667,-0.0020935535430908203
4,0+1+4,3,600,-0.0009100437164306641,-0.000908810063265264,-0.0009107062024753532,1.2336531654000282e-06,6.624860446891034e-07,0.0027483456952219903,1.6666666666666667,-0.0015187263488769531
4,0+2+3,3,600,-0.0012345314025878906,-0.0012339038657955825,-0.001235017410978756,6.275367923080921e-07,4.860083908653223e-07,0.002850175160646497,1.6666666666666667,-0.002057790756225586
4,0+2+4,3,600,-0.0008897781372070312,-0.0008883509144652635,-0.0008901303785453507,1.427222741767764e-06,3.522413383194589e-07,0.0026318150599987785,1.6666666666666667,-0.0014843940734863281
4,0+3+4,3,600,-0.0011410713195800781,-0.0011401359515730292,-0.001141477071868735,9.353680070489645e-07,4.0575228865691315e-07,0.002832105673939486,1.6666666666666667,-0.0019028186798095703
4,1+2+3,3,600,-0.001325368881225586,-0.0013253269426058978,-0.0013257131562589564,4.193861968815327e-08,3.4427503337042253e-07,0.002959196552812607,1.6666666666666667,-0.002208232879638672
4,1+2+4,3,600,-0.0009794235229492188,-0.0009797739912755787,-0.0009800514909024116,3.5046832635998726e-07,6.27967953192865e-07,0.00279608569994173,1.6666666666666667,-0.0016326904296875
4,1+3+4,3,600,-0.0012319087982177734,-0.0012315590283833444,-0.0012322708671845817,3.4976983442902565e-07,3.6206896680823775e-07,0.002905042829552046,1.6666666666666667,-0.0020530223846435547
4,2+3+4,3,600,-0.001211404800415039,-0.0012110998795833439,-0.001211804489061663,3.04920831695199e-07,3.9968864662398573e-07,0.002695981635251906,1.6666666666666667,-0.002019166946411133
4,0+1+2+3,4,800,-0.0016083717346191406,-0.001605390600161627,-0.001609207011004088,2.98113445751369e-06,8.352763849472922e-07,0.003549814196220294,1.25,-0.0020112991333007812
4,0+1+2+4,4,800,-0.0012617111206054688,-0.0012598376488313079,-0.0012627964359914756,1.873471774160862e-06,1.0853153860068687e-06,0.003461784103433418,1.25,-0.0015780925750732422
4,0+1+3+4,4,800,-0.001514434814453125,-0.0015116226859390736,-0.0015158361777452,2.8121285140514374e-06,1.4013632920750752e-06,0.00348796218546716,1.25,-0.0018947124481201172
4,0+2+3+4,4,800,-0.0014941692352294922,-0.001491163537139073,-0.0014950245519091965,3.0056980904191732e-06,8.553166797042877e-07,0.0033865695855122956,1.25,-0.0018687248229980469
4,1+2+3+4,4,800,-0.0015840530395507812,-0.0015825866139493883,-0.0015850560477623787,1.4664256013929844e-06,1.0030082115974892e-06,0.0035436077176548273,1.25,-0.001981019973754883
4,0+1+2+3+4,5,1000,-0.0018680095672607422,-0.0018626502715051174,-0.001869408105061865,5.359295755624771e-06,1.3985378011227567e-06,0.004143368792428012,1.0,-0.0018682479858398438
5,0,1,200,-0.0002837181091308594,-0.0002842454705387354,-0.0002842190764447139,5.273614078760147e-07,5.009673138545168e-07,0.0014522460617063407,5.0,-0.0014185905456542969
5,1,1,200,-0.0003752708435058594,-0.00037552075809799135,-0.0003754754919427228,2.499145921319723e-07,2.0464843686340828e-07,0.0013681692072412032,5.0,-0.001874685287475586
5,2,1,200,-0.00035500526428222656,-0.0003550779656507075,-0.0003551668905217298,7.270136848092079e-08,1.6162623950322086e-07,0.0010299372999517892,5.0,-0.0017762184143066406
5,3,1,200,-0.00060272216796875,-0.0006053635152056813,-0.0006028882546615932,2.641347236931324e-06,1.6608669284323696e-07,0.0017505993556991746,5.0,-0.0029594898223876953
5,4,1,200,-0.0002627372741699219,-0.00026289105881005526,-0.00026295100276030325,1.537846401333809e-07,2.1372859038137904e-07,0.0010926851194427325,5.0,-0.001314401626586914
5,0+1,2,400,-0.0006604194641113281,-0.0006597662286367267,-0.0006610582609916094,6.53235474601388e-07,6.387968802812338e-07,0.002099287293264502,2.5,-0.0016562938690185547
5,0+2,2,400,-0.0006396770477294922,-0.0006393234361894429,-0.0006403902290834651,3.536115400493145e-07,7.131813539729137e-07,0.002014810410772413,2.5,-0.0016033649444580078
5,0+3,2,400,-0.0008885860443115234,-0.0008896089857444167,-0.00088900524458424,1.0229414328932762e-06,4.1920027271658e-07,0.002374416602297932,2.5,-0.0022177696228027344
5,0+4,2,400,-0.0005476474761962891,-0.0005471365293487906,-0.0005482228325099925,5.109468474984169e-07,5.753563137034234e-07,0.0020227138440940253,2.5,-0.0013730525970458984
5,1+2,2,400,-0.0007305145263671875,-0.0007305987237486988,-0.0007309034215552401,8.41973815113306e-08,3.8889518805262924e-07,0.002121550092839817,2.5,-0.0018267631530761719
5,1+3,2,400,-0.0009796619415283203,-0.0009808842733036727,-0.000980426145098079,1.2223317753523588e-06,7.642035697585925e-07,0.0023678045658224694,2.5,-0.002446889877319336
5,1+4,2,400,-0.0006384849548339844,-0.0006384118169080466,-0.0006388369779841696,7.31379259377718e-08,3.520231501852322e-07,0.0020748702828592455,2.5,-0.0015974044799804688
5,2+3,2,400,-0.0009589195251464844,-0.0009604414808563888,-0.0009598587063166519,1.5219557099044323e-06,9.391811701675579e-07,0.0021724176960479977,2.5,-0.0023949146270751953
5,2+4,2,400,-0.0006182193756103516,-0.0006179690244607627,-0.0006185949648056521,2.503511495888233e-07,3.75589195300563e-07,0.0017922312964600293,2.5,-0.0015473365783691406
5,3+4,2,400,-0.0008671283721923828,-0.0008682545740157366,-0.0008677809904114042,1.1262018233537674e-06,6.526182190214058e-07,0.0021795425325205524,2.5,-0.0021653175354003906
5,0+1+2,3,600,-0.0010166168212890625,-0.0010148441942874342,-0.0010174904527211481,1.7726270016282797e-06,8.736314320856309e-07,0.0028152737845955154,1.6666666666666667,-0.0016973018646240234
5,0+1+3,3,600,-0.0012671947479248047,-0.001265129743842408,-0.0012679068276248984,2.0650040823966265e-06,7.120797000936818e-07,0.0029335739457700097,1.6666666666666667,-0.0021142959594726562
5,0+1+4,3,600,-0.0009248256683349609,-0.000922657287446782,-0.0009254725003380315,2.1683808881789446e-06,6.468320030705854e-07,0.0027619918087872126,1.6666666666666667,-0.0015439987182617188
5,0+2+3,3,600,-0.001245737075805664,-0.0012446869513951242,-0.0012469799583563201,1.0501244105398655e-06,1.242882550656077e-06,0.002860476580743063,1.6666666666666667,-0.002079010009765625
5,0+2+4,3,600,-0.0009038448333740234,-0.0009022144949994981,-0.0009048710566723628,1.6303383745253086e-06,1.026223298339346e-06,0.002645595409474433,1.6666666666666667,-0.0015094280242919922
5,0+3+4,3,600,-0.001154184341430664,-0.001152500044554472,-0.0011549507336390263,1.684296876192093e-06,7.663922083622765e-07,0.002848166717250988,1.6666666666666667,-0.0019259452819824219
5,1+2+3,3,600,-0.0013365745544433594,-0.0013359622389543802,-0.0013376576358439252,6.123154889792204e-07,1.0830814005657885e-06,0.0029714669742084447,1.6666666666666667,-0.0022296905517578125
5,1+2+4,3,600,-0.0009937286376953125,-0.000993489782558754,-0.000994741979120306,2.388551365584135e-07,1.0133414249935413e-06,0.0028091877679153553,1.6666666666666667,-0.001657724380493164
5,1+3+4,3,600,-0.0012450218200683594,-0.001243775332113728,-0.0012457293641290335,1.2464879546314478e-06,7.075440606740813e-07,0.0029208808516643183,1.6666666666666667,-0.0020766258239746094
5,2+3+4,3,600,-0.001224517822265625,-0.001223332539666444,-0.001225228513590082,1.1852825991809368e-06,7.106913244570023e-07,0.002713405167114094,1.6666666666666667,-0.002042055130004883
5,0+1+2+3,4,800,-0.0016248226165771484,-0.0016202077094931155,-0.001626142580487766,4.614907084032893e-06,1.3199639106176164e-06,0.0035663209527418763,1.25,-0.002032756805419922
5,0+1+2+4,4,800,-0.00128173828125,-0.0012777352530974895,-0.0012823817635911894,4.003028152510524e-06,6.434823411893831e-07,0.0034791837408081586,1.25,-0.0016031265258789062
5,0+1+3+4,4,800,-0.0015330314636230469,-0.0015280208026524633,-0.0015342627999608283,5.010660970583558e-06,1.2313363377813857e-06,0.003509885252267749,1.25,-0.0019180774688720703
5,0+2+3+4,4,800,-0.001512289047241211,-0.0015075780102051795,-0.0015134025189347255,4.711037036031485e-06,1.1134716935146116e-06,0.0034079153635169657,1.25,-0.0018918514251708984
5,1+2+3+4,4,800,-0.0016019344329833984,-0.0015988532977644354,-0.0016034379263984988,3.081135218963027e-06,1.5034934151003654e-06,0.0035653925273983885,1.25,-0.002003908157348633
5,0+1+2+3+4,5,1000,-0.0018916130065917969,-0.0018830987683031708,-0.001892975624347315,8.514238288626075e-06,1.3626177555181584e-06,0.004170065339377667,1.0,-0.0018916130065917969
6,0,1,200,-0.0002899169921875,-0.0002898481034208089,-0.0002898730297395957,6.888876669108868e-08,4.3962447904277724e-08,0.0014539596931671833,5.0,-0.0014476776123046875
6,1,1,200,-0.00038123130798339844,-0.000381338206352666,-0.0003814011427607511,1.0689836926758289e-07,1.6983477735266206e-07,0.0013682759790393044,5.0,-0.0019061565399169922
6,2,1,200,-0.0003612041473388672,-0.00036141331656835973,-0.0003615971928070394,2.0916922949254513e-07,3.93045468172204e-07,0.001037074230506947,5.0,-0.0018100738525390625
6,3,1,200,-0.0006072521209716797,-0.0006098403828218579,-0.0006074907985293976,2.5882618501782417e-06,2.3867755771789234e-07,0.0017503812680019822,5.0,-0.0029845237731933594
6,4,1,200,-0.0002701282501220703,-0.0002702949568629265,-0.00027041811945593963,1.6670674085617065e-07,2.8986933386931923e-07,0.0011022289721152152,5.0,-0.0013530254364013672
6,0+1,2,400,-0.0006721019744873047,-0.0006711863097734749,-0.0006728465403647022,9.156647138297558e-07,7.445658773974628e-07,0.0021050134794425484,2.5,-0.0016863346099853516
6,0+2,2,400,-0.000652313232421875,-0.0006512614199891686,-0.0006526718425696743,1.051812432706356e-06,3.5861014779925426e-07,0.0020220742975430236,2.5,-0.0016357898712158203
6,0+3,2,400,-0.0008988380432128906,-0.0008996884862426668,-0.0008995145012953287,8.504430297762156e-07,6.764580824381028e-07,0.0023799802166168484,2.5,-0.002245187759399414
6,0+4,2,400,-0.0005609989166259766,-0.0005601430602837354,-0.0005615149697000277,8.55856342241168e-07,5.160530740511149e-07,0.002035534681751942,2.5,-0.0014073848724365234
6,1+2,2,400,-0.0007426738739013672,-0.0007427515229210258,-0.0007434667469254919,7.764901965856552e-08,7.92873024124674e-07,0.002130186789626571,2.5,-0.001859426498413086
6,1+3,2,400,-0.0009906291961669922,-0.000991178589174524,-0.0009912593131389258,5.493930075317621e-07,6.301169719336031e-07,0.0023745768628964576,2.5,-0.0024755001068115234
6,1+4,2,400,-0.0006518363952636719,-0.0006516331632155925,-0.0006524146995872115,2.0323204807937145e-07,5.78304323539669e-07,0.002085523698257564,2.5,-0.0016322135925292969
6,2+3,2,400,-0.0009706020355224609,-0.0009712536993902177,-0.0009711809934174198,6.516638677567244e-07,5.789578949588758e-07,0.0021819111746379286,2.5,-0.002424955368041992
6,2+4,2,400,-0.0006322860717773438,-0.0006317082734312862,-0.0006326721530314217,5.777983460575342e-07,3.8608125407790794e-07,0.0018081387133414308,2.5,-0.0015835762023925781
6,3+4,2,400,-0.0008795261383056641,-0.0008801353396847844,-0.0008801146395427395,6.092013791203499e-07,5.885012370754339e-07,0.002192192325547718,2.5,-0.0021979808807373047
6,0+1+2,3,600,-0.0010352134704589844,-0.0010325996263418347,-0.001036113764552482,2.6138441171497107e-06,9.002940934976777e-07,0.002827695363430463,1.6666666666666667,-0.0017294883728027344
6,0+1+3,3,600,-0.001283884048461914,-0.0012810266925953329,-0.0012848553837692123,2.8573558665812016e-06,9.713353072982045e-07,0.002946861097911231,1.6666666666666667,-0.00214385986328125
6,0+1+4,3,600,-0.0009446144104003906,-0.0009414812666364014,-0.0009450839176956549,3.13314376398921e-06,4.6950729526429313e-07,0.002778993636930961,1.6666666666666667,-0.001577615737915039
6,0+2+3,3,600,-0.0012633800506591797,-0.0012611018028110266,-0.00126440631620639,2.2782478481531143e-06,1.0262655472104143e-06,0.0028741033972306818,1.6666666666666667,-0.0021092891693115234
6,0+2+4,3,600,-0.0009243488311767578,-0.0009215563768520951,-0.0009249706232985488,2.7924543246626854e-06,6.217921217910316e-07,0.0026640422399385015,1.6666666666666667,-0.0015439987182617188
6,0+3+4,3,600,-0.001172780990600586,-0.0011699834431055933,-0.001173362162813163,2.797547494992614e-06,5.811722125770302e-07,0.0028671714954979013,1.6666666666666667,-0.001957416534423828
6,1+2+3,3,600,-0.0013546943664550781,-0.0013525919057428837,-0.0013554179193846494,2.1024607121944427e-06,7.235529295712695e-07,0.002987559323719419,1.6666666666666667,-0.002259969711303711
6,1+2+4,3,600,-0.0010144710540771484,-0.0010130464797839522,-0.001015137144520395,1.4245742931962013e-06,6.660904432465031e-07,0.0028273414438319544,1.6666666666666667,-0.0016925334930419922
6,1+3+4,3,600,-0.0012636184692382812,-0.0012614735460374504,-0.0012644785915227885,2.1449232008308172e-06,8.601222845072698e-07,0.0029398654936627702,1.6666666666666667,-0.0021088123321533203
6,2+3+4,3,600,-0.00124359130859375,-0.0012415486562531441,-0.0012444616751992044,2.042652340605855e-06,8.703666054543646e-07,0.002735240925944224,1.6666666666666667,-0.002075672149658203
6,0+1+2+3,4,800,-0.0016491413116455078,-0.0016424400091636926,-0.001650215610037975,6.701302481815219e-06,1.074298392467199e-06,0.0035874989172360685,1.25,-0.0020635128021240234
6,0+1+2+4,4,800,-0.0013082027435302734,-0.0013028945832047611,-0.0013090079826518775,5.30816032551229e-06,8.052391216040178e-07,0.0035023590469805276,1.25,-0.0016367435455322266
6,0+1+3+4,4,800,-0.001558065414428711,-0.0015513216494582593,-0.0015592984826575673,6.743764970451593e-06,1.2330682288563821e-06,0.00353591262868562,1.25,-0.0019497871398925781
6,0+2+3+4,4,800,-0.0015380382537841797,-0.001531396759673953,-0.001538910818492667,6.641494110226631e-06,8.72564708487289e-07,0.0034344971729808288,1.25,-0.0019245147705078125
6,1+2+3+4,4,800,-0.0016279220581054688,-0.0016228868626058102,-0.0016292940385369548,5.035195499658585e-06,1.3719804314860085e-06,0.0035928593760264204,1.25,-0.0020368099212646484
6,0+1+2+3+4,5,1000,-0.0019235610961914062,-0.001912734966026619,-0.0019253155496947727,1.0826130164787173e-05,1.7544535033664488e-06,0.004203304677110392,1.0,-0.0019237995147705078
7,0,1,200,-0.00029659271240234375,-0.00029657152481377125,-0.00029662816572795236,2.1187588572502136e-08,3.545332560861425e-08,0.00145629549890451,5.0,-0.001481771469116211
7,1,1,200,-0.0003886222839355469,-0.00038866812246851623,-0.00038882043799048915,4.583853296935558e-08,1.981540549422789e-07,0.0013688892361966058,5.0,-0.0019450187683105469
7,2,1,200,-0.00036978721618652344,-0.0003697584616020322,-0.000370023493132976,2.87545844912529e-08,2.362769464525627e-07,0.0010466305701005635,5.0,-0.00185394287109375
7,3,1,200,-0.0006132125854492188,-0.0006158804171718657,-0.0006136081478871347,2.6678317226469517e-06,3.955624379159417e-07,0.0017503124199057312,5.0,-0.0030164718627929688
7,4,1,200,-0.0002789497375488281,-0.00027916187536902726,-0.00027932875762815,2.1213782019913197e-07,3.790200793218901e-07,0.0011132922809710762,5.0,-0.001398324966430664
7,0+1,2,400,-0.0006868839263916016,-0.0006852396472822875,-0.0006872048658976837,1.644279109314084e-06,3.209395060821407e-07,0.0021118307628347735,2.5,-0.0017237663269042969
7,0+2,2,400,-0.000667572021484375,-0.0006663299864158034,-0.0006680293564897966,1.2420350685715675e-06,4.5733500542155525e-07,0.0020316565831621407,2.5,-0.0016748905181884766
7,0+3,2,400,-0.0009121894836425781,-0.000912451941985637,-0.0009125982938655852,2.6245834305882454e-07,4.0881022300709446e-07,0.002386303473787649,2.5,-0.0022792816162109375
7,0+4,2,400,-0.0005769729614257812,-0.0005757334001827985,-0.0005773263964243824,1.2395612429827452e-06,3.5343499860118754e-07,0.002050214637115601,2.5,-0.0014476776123046875
7,1+2,2,400,-0.000759124755859375,-0.0007584265840705484,-0.0007594889179358688,6.981717888265848e-07,3.641620764938125e-07,0.002141728149528475,2.5,-0.0019009113311767578
7,1+3,2,400,-0.0010046958923339844,-0.001004548539640382,-0.0010050572353179632,1.4735269360244274e-07,3.613429839788296e-07,0.0023823045819064788,2.5,-0.0025119781494140625
7,1+4,2,400,-0.0006685256958007812,-0.0006678299978375435,-0.0006688957346767666,6.956979632377625e-07,3.700388759853013e-07,0.002098185769752853,2.5,-0.0016744136810302734
7,2+3,2,400,-0.0009856224060058594,-0.0009856388787738979,-0.0009859789546453612,1.6472768038511276e-08,3.5654863950185245e-07,0.0021934630429928438,2.5,-0.0024633407592773438
7,2+4,2,400,-0.0006499290466308594,-0.0006489203369710594,-0.0006501607323201597,1.0087096597999334e-06,2.3168568930032052e-07,0.0018275918912894267,2.5,-0.0016283988952636719
7,3+4,2,400,-0.0008947849273681641,-0.000895042292540893,-0.000895364942138599,2.5736517272889614e-07,5.800147704349001e-07,0.0022063044303196676,2.5,-0.002237081527709961
7,0+1+2,3,600,-0.001058816909790039,-0.0010549981088843197,-0.0010592510434719316,3.8188009057193995e-06,4.3413368189249013e-07,0.0028433021713969373,1.6666666666666667,-0.0017688274383544922
7,0+1+3,3,600,-0.0013048648834228516,-0.0013011200644541532,-0.001305803643475656,3.7448189686983824e-06,9.387600528043549e-07,0.002961655056291699,1.6666666666666667,-0.0021796226501464844
7,0+1+4,3,600,-0.0009679794311523438,-0.0009644015226513147,-0.0009686496356522412,3.5779085010290146e-06,6.702044998974088e-07,0.002798485077594212,1.6666666666666667,-0.0016179084777832031
7,0+2+3,3,600,-0.001285552978515625,-0.0012822104035876691,-0.00128634679825268,3.342574927955866e-06,7.93819737054946e-07,0.0028902469036775503,1.6666666666666667,-0.002146482467651367
7,0+2+4,3,600,-0.0009489059448242188,-0.0009454918617848307,-0.0009495360687452603,3.4140830393880606e-06,6.301239210415588e-07,0.0026861587477265067,1.6666666666666667,-0.0015854835510253906
7,0+3+4,3,600,-0.0011951923370361328,-0.0011916138173546642,-0.0011957245611853295,3.578519681468606e-06,5.322241491967361e-07,0.002888216355508478,1.6666666666666667,-0.001995563507080078
7,1+2+3,3,600,-0.0013773441314697266,-0.0013743070012424141,-0.0013780730288885934,3.0371302273124456e-06,7.288974188668362e-07,0.003006786964503884,1.6666666666666667,-0.002299070358276367
7,1+2+4,3,600,-0.0010395050048828125,-0.0010375884594395757,-0.0010403726961811799,1.916545443236828e-06,8.676912983673901e-07,0.002849695092087777,1.6666666666666667,-0.001735687255859375
7,1+3+4,3,600,-0.0012867450714111328,-0.0012837104150094092,-0.0012875605686275549,3.0346564017236233e-06,8.154972164220453e-07,0.002961193488020194,1.6666666666666667,-0.002148151397705078
7,2+3+4,3,600,-0.0012676715850830078,-0.0012648007541429251,-0.0012685442304558592,2.8708309400826693e-06,8.726453728513661e-07,0.002760562019030801,1.6666666666666667,-0.002116680145263672
7,0+1+2+3,4,800,-0.0016789436340332031,-0.0016708785260561854,-0.0016801971346751543,8.06510797701776e-06,1.2535006419511774e-06,0.003612227808832599,1.25,-0.002101421356201172
7,0+1+2+4,4,800,-0.001340627670288086,-0.001334159984253347,-0.0013415042947855227,6.4676860347390175e-06,8.76624497436751e-07,0.003530055759403918,1.25,-0.0016777515411376953
7,0+1+3+4,4,800,-0.001588582992553711,-0.0015802819398231804,-0.0015896764498535276,8.3010527305305e-06,1.0934572998166914e-06,0.0035648080173022673,1.25,-0.0019884109497070312
7,0+2+3+4,4,800,-0.0015692710876464844,-0.0015613722789566964,-0.001570281547131458,7.898808689787984e-06,1.0104594849735804e-06,0.0034649839075241596,1.25,-0.0019636154174804688
7,1+2+3+4,4,800,-0.0016601085662841797,-0.0016534688766114414,-0.0016613848437572187,6.639689672738314e-06,1.2762774730390447e-06,0.003624816749906005,1.25,-0.002077341079711914
7,0+1+2+3+4,5,1000,-0.0019631385803222656,-0.0019500404014252126,-0.0019648784226120597,1.3098178897053003e-05,1.739842289794069e-06,0.004241448118112014,1.0,-0.0019631385803222656
8,0,1,200,-0.0003037452697753906,-0.0003040968731511384,-0.0003041636789262725,3.5160337574779987e-07,4.1840915088187103e-07,0.0014590864862916617,5.0,-0.0015196800231933594
8,1,1,200,-0.0003972053527832031,-0.0003971871337853372,-0.0003974083424083119,1.82189978659153e-08,2.0298962510878482e-07,0.001369842157338452,5.0,-0.0019893646240234375
8,2,1,200,-0.0003802776336669922,-0.0003798218385782093,-0.00038015291036685994,4.5579508878290653e-07,1.2472330013224564e-07,0.0010583133515819374,5.0,-0.001905679702758789
8,3,1,200,-0.0006208419799804688,-0.0006230983999557793,-0.0006208526788213931,2.256419975310564e-06,1.0698840924305841e-08,0.0017502774102596402,5.0,-0.0030527114868164062
8,4,1,200,-0.0002892017364501953,-0.00028915851726196706,-0.00028934767982491394,4.321918822824955e-08,1.4594337471862673e-07,0.001125525755511162,5.0,-0.0014483928680419922
8,0+1,2,400,-0.0007028579711914062,-0.0007012840069364756,-0.0007034849995122272,1.5739642549306154e-06,6.270283208209548e-07,0.002119240777063046,2.5,-0.0017652511596679688
8,0+2,2,400,-0.0006852149963378906,-0.0006839187117293477,-0.0006858470905015679,1.2962846085429192e-06,6.320941636772659e-07,0.0020429993165252502,2.5,-0.0017199516296386719
8,0+3,2,400,-0.0009267330169677734,-0.0009271952731069177,-0.0009275443009997275,4.622561391443014e-07,8.112840319540737e-07,0.002392947774012155,2.5,-0.0023169517517089844
8,0+4,2,400,-0.0005946159362792969,-0.0005932553904131055,-0.0005949985896123167,1.3605458661913872e-06,3.82653333019789e-07,0.0020661368371151677,2.5,-0.0014920234680175781
8,1+2,2,400,-0.0007779598236083984,-0.0007770089723635465,-0.0007783491483763783,9.508512448519468e-07,3.893247679798151e-07,0.0021556532732858198,2.5,-0.001949310302734375
8,1+3,2,400,-0.0010204315185546875,-0.0010202855337411165,-0.001021102514940253,1.4598481357097626e-07,6.709963855655587e-07,0.0023905659423666863,2.5,-0.002552509307861328
8,1+4,2,400,-0.0006873607635498047,-0.0006863456510473043,-0.000687616647482514,1.0151125025004148e-06,2.558839327093665e-07,0.0021122459316074644,2.5,-0.0017218589782714844
8,2+3,2,400,-0.001003265380859375,-0.0010029202385339886,-0.0010035680237763245,3.45142325386405e-07,3.026429169494804e-07,0.002206627887601171,2.5,-0.0025081634521484375
8,2+4,2,400,-0.0006704330444335938,-0.0006689803558401763,-0.0006704297979922558,1.452688593417406e-06,3.2464413379784673e-09,0.001849859872024259,2.5,-0.0016798973083496094
8,3+4,2,400,-0.0009124279022216797,-0.0009122569172177464,-0.0009128044935664548,1.709850039333105e-07,3.7659134477507905e-07,0.002221327835137284,2.5,-0.0022809505462646484
8,0+1+2,3,600,-0.001085519790649414,-0.001081105845514685,-0.001085956306688729,4.413945134729147e-06,4.365160393149381e-07,0.0028611956683317007,1.6666666666666667,-0.001813650131225586
8,0+1+3,3,600,-0.0013284683227539062,-0.001324382406892255,-0.0013297071152962303,4.085915861651301e-06,1.2387925423240631e-06,0.002977131861667237,1.6666666666666667,-0.002219676971435547
8,0+1+4,3,600,-0.0009944438934326172,-0.0009904425241984427,-0.0009951805354475596,4.00136923417449e-06,7.366420149423902e-07,0.0028194816260482623,1.6666666666666667,-0.0016624927520751953
8,0+2+3,3,600,-0.001310586929321289,-0.001307017111685127,-0.0013117901471630944,3.5698176361620426e-06,1.2032178418053263e-06,0.0029080612705599655,1.6666666666666667,-0.002189159393310547
8,0+2+4,3,600,-0.0009768009185791016,-0.0009730772289913148,-0.000977611208988094,3.7236895877867937e-06,8.102904089923868e-07,0.0027109002991991434,1.6666666666666667,-0.0016329288482666016
8,0+3+4,3,600,-0.0012197494506835938,-0.0012163537903688848,-0.0012209833466059195,3.395660314708948e-06,1.2338959223257007e-06,0.0029103616985396465,1.6666666666666667,-0.0020377635955810547
8,1+2+3,3,600,-0.0014040470123291016,-0.0014001073723193258,-0.0014046057554963909,3.939640009775758e-06,5.587431672893217e-07,0.0030283473206927816,1.6666666666666667,-0.002343893051147461
8,1+2+4,3,600,-0.0010688304901123047,-0.0010661674896255136,-0.0010694866612510623,2.663000486791134e-06,6.561711387575997e-07,0.002875256952668497,1.6666666666666667,-0.0017840862274169922
8,1+3+4,3,600,-0.0013129711151123047,-0.0013094440510030836,-0.001313914954934603,3.527064109221101e-06,9.438398222982869e-07,0.0029839468789416594,1.6666666666666667,-0.002192258834838867
8,2+3+4,3,600,-0.0012955665588378906,-0.0012920787557959557,-0.001296449046321868,3.487803041934967e-06,8.824874839774566e-07,0.0027884008216717605,1.6666666666666667,-0.002163410186767578
8,0+1+2+3,4,800,-0.0017135143280029297,-0.0017042042454704642,-0.0017147408570608036,9.310082532465458e-06,1.226529057873904e-06,0.0036392694011854842,1.25,-0.0021448135375976562
8,0+1+2+4,4,800,-0.0013778209686279297,-0.001370264362776652,-0.0013785810504245433,7.556605851277709e-06,7.600817966135764e-07,0.003560882192744812,1.25,-0.0017240047454833984
8,0+1+3+4,4,800,-0.001622915267944336,-0.001613540924154222,-0.0016240067861517105,9.374343790113926e-06,1.09151820737452e-06,0.0035952228584863453,1.25,-0.0020313262939453125
8,0+2+3+4,4,800,-0.0016045570373535156,-0.001596175628947094,-0.0016061584005697682,8.381408406421542e-06,1.6013632162525937e-06,0.003497995524608019,1.25,-0.0020089149475097656
8,1+2+3+4,4,800,-0.0016973018646240234,-0.0016892658895812929,-0.0016983474032912227,8.03597504273057e-06,1.0455386671992528e-06,0.0036599408623582074,1.25,-0.0021238327026367188
8,0+1+2+3+4,5,1000,-0.002008199691772461,-0.0019933627627324313,-0.0020099697357167656,1.4836929040029645e-05,1.770043944304689e-06,0.004282725910504138,1.0,-0.0020079612731933594
9,0,1,200,-0.00031185150146484375,-0.00031208342988975346,-0.0003121368511358469,2.3192842490971088e-07,2.8534967100313224e-07,0.0014621674003594857,5.0,-0.0015587806701660156
9,1,1,200,-0.0004062652587890625,-0.00040654881740920246,-0.0004068166139177265,2.835586201399565e-07,5.513551286639995e-07,0.0013709626393775428,5.0,-0.0020372867584228516
9,2,1,200,-0.00039124488830566406,-0.00039128257776610553,-0.0003916626560567238,3.7689460441470146e-08,4.1776775105972774e-07,0.001071803237768835,5.0,-0.001963376998901367
9,3,1,200,-0.0006282329559326172,-0.0006310736062005162,-0.0006288017334554752,2.8406502678990364e-06,5.687775228579994e-07,0.0017501526948836043,5.0,-0.003091096878051758
9,4,1,200,-0.0002999305725097656,-0.0002999211137648672,-0.00030010900404420227,9.458744898438454e-09,1.784315344366405e-07,0.0011385651224349702,5.0,-0.0015022754669189453
9,0+1,2,400,-0.0007202625274658203,-0.0007186322472989559,-0.0007209935043022142,1.6302801668643951e-06,7.309768363938929e-07,0.0021267436004572303,2.5,-0.0018091201782226562
9,0+2,2,400,-0.0007050037384033203,-0.000703366007655859,-0.0007054571027822476,1.637730747461319e-06,4.533643789272901e-07,0.002055521144224569,2.5,-0.0017695426940917969
9,0+3,2,400,-0.0009427070617675781,-0.0009431570360902697,-0.0009435834606676963,4.499743226915598e-07,8.763989001181471e-07,0.0023994740268662167,2.5,-0.002357006072998047
9,0+4,2,400,-0.0006134510040283203,-0.0006120045436546206,-0.000613820392700859,1.446460373699665e-06,3.693886725386619e-07,0.0020826728242736283,2.5,-0.001539468765258789
9,1+2,2,400,-0.0007989406585693359,-0.000797831395175308,-0.0007993727562904951,1.1092633940279484e-06,4.3209772115915257e-07,0.0021714092740433935,2.5,-0.002002239227294922
9,1+3,2,400,-0.0010378360748291016,-0.0010376224236097187,-0.001038619344626568,2.1365121938288212e-07,7.832697974663461e-07,0.00239893056525651,2.5,-0.002596616744995117
9,1+4,2,400,-0.0007071495056152344,-0.0007064699311740696,-0.0007078598445247053,6.79574441164732e-07,7.1033890947092e-07,0.0021270726223486056,2.5,-0.0017724037170410156
9,2+3,2,400,-0.0010223388671875,-0.0010223561839666218,-0.0010231979142645287,1.7316779121756554e-08,8.590470770286629e-07,0.002220935841005388,2.5,-0.002557516098022461
9,2+4,2,400,-0.0006923675537109375,-0.0006912036915309727,-0.0006927871684609954,1.1638621799647808e-06,4.1961475005791726e-07,0.0018741751332919366,2.5,-0.0017359256744384766
9,3+4,2,400,-0.0009310245513916016,-0.0009309947199653834,-0.0009316400428787119,2.9831426218152046e-08,6.154914871103756e-07,0.002236693717698215,2.5,-0.002328157424926758
9,0+1+2,3,600,-0.0011138916015625,-0.0011099148250650615,-0.0011152072422646597,3.97677649743855e-06,1.315640702159726e-06,0.0028804495319492947,1.6666666666666667,-0.0018625259399414062
9,0+1+3,3,600,-0.001354217529296875,-0.0013497058534994721,-0.0013554411110874298,4.511675797402859e-06,1.2235817905548174e-06,0.0029924697632493936,1.6666666666666667,-0.002262592315673828
9,0+1+4,3,600,-0.0010228157043457031,-0.001018553361063823,-0.0010236112724300028,4.262343281880021e-06,7.955680842997026e-07,0.002840985704386813,1.6666666666666667,-0.0017099380493164062
9,0+2+3,3,600,-0.0013387203216552734,-0.0013344396138563752,-0.0013396372370664267,4.28070779889822e-06,9.169154111532407e-07,0.0029266821910224647,1.6666666666666667,-0.002235889434814453
9,0+2+4,3,600,-0.0010073184967041016,-0.0010032871214207262,-0.001008156152707329,4.031375283375382e-06,8.376560032274938e-07,0.002737188242043446,1.6666666666666667,-0.0016837120056152344
9,0+3+4,3,600,-0.0012471675872802734,-0.0012430781498551369,-0.0012479963076117428,4.089437425136566e-06,8.287203314694125e-07,0.002932661246249968,1.6666666666666667,-0.0020825862884521484
9,1+2+3,3,600,-0.0014328956604003906,-0.0014289050013758242,-0.0014339090117516662,3.990659024566412e-06,1.0133513512755599e-06,0.00305141064226314,1.6666666666666667,-0.0023925304412841797
9,1+2+4,3,600,-0.001100301742553711,-0.0010977525089401752,-0.0011014314952575432,2.549233613535762e-06,1.1297527038323096e-06,0.0029029911004531733,1.6666666666666667,-0.0018374919891357422
9,1+3+4,3,600,-0.001341104507446289,-0.0013375435373745859,-0.0013423918806125812,3.5609700717031956e-06,1.2873731662921273e-06,0.0030071915523382973,1.6666666666666667,-0.002240419387817383
9,2+3+4,3,600,-0.0013260841369628906,-0.001322277297731489,-0.0013270517320478348,3.806839231401682e-06,9.675950849441506e-07,0.0028177579833934215,1.6666666666666667,-0.0022144317626953125
9,0+1+2+3,4,800,-0.0017507076263427734,-0.0017409884312655777,-0.001752388373802205,9.719195077195764e-06,1.6807474594315863e-06,0.0036673676965836436,1.25,-0.0021915435791015625
9,0+1+2+4,4,800,-0.0014176368713378906,-0.0014098359388299286,-0.0014188405187525177,7.800932507961988e-06,1.2036474146270848e-06,0.003593409334919151,1.25,-0.0017743110656738281
9,0+1+3+4,4,800,-0.0016589164733886719,-0.0016496269672643393,-0.001660788184594253,9.289506124332547e-06,1.8717112055810503e-06,0.003625806187286256,1.25,-0.002077341079711914
9,0+2+3+4,4,800,-0.0016434192657470703,-0.0016343607276212424,-0.0016450655923705426,9.058538125827909e-06,1.646326623472305e-06,0.0035321289244068686,1.25,-0.002057313919067383
9,1+2+3+4,4,800,-0.0017368793487548828,-0.0017288261151406914,-0.0017386970560977488,8.053233614191413e-06,1.817707342866015e-06,0.0036968743277236756,1.25,-0.002173900604248047
9,0+1+2+3+4,5,1000,-0.0020563602447509766,-0.002040909545030445,-0.0020587509556690975,1.5450699720531702e-05,2.3907109181209307e-06,0.004325346316479106,1.0,-0.0020563602447509766
