campaign,category,cell,threat,alpha,scale,ref,method,kind,n_seeds,spearman_mean,spearman_min,spearman_max,pearson_mean,auroc_mean,runtime_median
July,01_silo5,1B_silo5_frrand,freerider_random,,1B,(b)oracle,(b)oracle,val,3,,,,,1.0,537.7349455599906
July,01_silo5,1B_silo5_frrand,freerider_random,,1B,(b)oracle,Banzhaf,val,3,0.9999999999999999,0.9999999999999999,0.9999999999999999,0.9999999985242617,1.0,539.1380480149528
July,01_silo5,1B_silo5_frrand,freerider_random,,1B,(b)oracle,FLDetector,det,3,,,,,1.0,3.8256240650080144
July,01_silo5,1B_silo5_frrand,freerider_random,,1B,(b)oracle,FLTrust,det,3,,,,,1.0,35.68057617300656
July,01_silo5,1B_silo5_frrand,freerider_random,,1B,(b)oracle,FedDQC,det,3,,,,,0.75,22.037026540027
July,01_silo5,1B_silo5_frrand,freerider_random,,1B,(b)oracle,FedIF,val,3,0.8999999999999999,0.7999999999999999,0.9999999999999999,0.9167607942403544,1.0,35.64702545909677
July,01_silo5,1B_silo5_frrand,freerider_random,,1B,(b)oracle,FedSV,val,3,0.9333333333333331,0.8999999999999998,0.9999999999999999,0.997195955181362,1.0,533.9964374779956
July,01_silo5,1B_silo5_frrand,freerider_random,,1B,(b)oracle,Flirds,val,3,0.9999999999999999,0.9999999999999999,0.9999999999999999,0.999999929488876,1.0,107.87816948606633
July,01_silo5,1B_silo5_frrand,freerider_random,,1B,(b)oracle,Flirds1st,val,3,0.9999999999999999,0.9999999999999999,0.9999999999999999,0.9999950087386699,1.0,35.40355100494344
July,01_silo5,1B_silo5_frrand,freerider_random,,1B,(b)oracle,GTG,val,3,0.9666666666666665,0.8999999999999998,0.9999999999999999,0.9997014953591551,1.0,543.0580260079587
July,01_silo5,1B_silo5_frrand,freerider_random,,1B,(b)oracle,STD-DAGMM,det,3,,,,,1.0,1.93384898500517
July,01_silo5,1B_silo5_frrand,freerider_random,,1B,(b)oracle,ShapleyFL,val,3,0.9666666666666665,0.8999999999999998,0.9999999999999999,0.9992146125972899,1.0,536.873839005013
July,01_silo5,1B_silo5_frrand,freerider_random,,1B,(b)oracle,loss-heur,val,3,0.9999999999999999,0.9999999999999999,0.9999999999999999,0.9999989938375299,1.0,166.17092961398885
July,01_silo5,1B_silo5_frzero,freerider_zero,,1B,(b)oracle,(b)oracle,val,3,,,,,1.0,538.7916802000254
July,01_silo5,1B_silo5_frzero,freerider_zero,,1B,(b)oracle,Banzhaf,val,3,0.9999999999999999,0.9999999999999999,0.9999999999999999,0.9999999991012647,1.0,539.5573309169849
July,01_silo5,1B_silo5_frzero,freerider_zero,,1B,(b)oracle,FLDetector,det,3,,,,,0.75,3.680542387999594
July,01_silo5,1B_silo5_frzero,freerider_zero,,1B,(b)oracle,FLTrust,det,3,,,,,1.0,35.687886698986404
July,01_silo5,1B_silo5_frzero,freerider_zero,,1B,(b)oracle,FedDQC,det,3,,,,,0.75,21.92331833904609
July,01_silo5,1B_silo5_frzero,freerider_zero,,1B,(b)oracle,FedIF,val,3,0.8666666666666666,0.7999999999999999,0.8999999999999998,0.898405052684122,1.0,35.81088676600484
July,01_silo5,1B_silo5_frzero,freerider_zero,,1B,(b)oracle,FedSV,val,3,0.9333333333333331,0.8999999999999998,0.9999999999999999,0.9975427233920229,1.0,534.1200248469831
July,01_silo5,1B_silo5_frzero,freerider_zero,,1B,(b)oracle,Flirds,val,3,0.9999999999999999,0.9999999999999999,0.9999999999999999,0.9999999674884784,1.0,107.84851682698354
July,01_silo5,1B_silo5_frzero,freerider_zero,,1B,(b)oracle,Flirds1st,val,3,0.9999999999999999,0.9999999999999999,0.9999999999999999,0.9999950277671349,1.0,35.433493343996815
July,01_silo5,1B_silo5_frzero,freerider_zero,,1B,(b)oracle,GTG,val,3,0.9999999999999999,0.9999999999999999,0.9999999999999999,0.999683286024834,1.0,543.2524734470062
July,01_silo5,1B_silo5_frzero,freerider_zero,,1B,(b)oracle,STD-DAGMM,det,3,,,,,0.0,1.9866748240310699
July,01_silo5,1B_silo5_frzero,freerider_zero,,1B,(b)oracle,ShapleyFL,val,3,0.9666666666666665,0.8999999999999998,0.9999999999999999,0.9989912416478656,1.0,536.469202895998
July,01_silo5,1B_silo5_frzero,freerider_zero,,1B,(b)oracle,loss-heur,val,3,0.9999999999999999,0.9999999999999999,0.9999999999999999,0.9999992674558635,1.0,166.21409439307172
July,01_silo5,1B_silo5_noisy,noisy,,1B,(b)oracle,(b)oracle,val,3,,,,,1.0,540.5149191500386
July,01_silo5,1B_silo5_noisy,noisy,,1B,(b)oracle,Banzhaf,val,3,0.9999999999999999,0.9999999999999999,0.9999999999999999,0.999999996974641,1.0,538.9989378000028
July,01_silo5,1B_silo5_noisy,noisy,,1B,(b)oracle,FLDetector,det,3,,,,,0.75,3.4973161540110596
July,01_silo5,1B_silo5_noisy,noisy,,1B,(b)oracle,FLTrust,det,3,,,,,1.0,35.89367892203154
July,01_silo5,1B_silo5_noisy,noisy,,1B,(b)oracle,FedDQC,det,3,,,,,0.9166666666666666,21.984432578028645
July,01_silo5,1B_silo5_noisy,noisy,,1B,(b)oracle,FedIF,val,3,0.9333333333333331,0.8999999999999998,0.9999999999999999,0.8074758145313935,1.0,36.02309914899524
July,01_silo5,1B_silo5_noisy,noisy,,1B,(b)oracle,FedSV,val,3,0.9999999999999999,0.9999999999999999,0.9999999999999999,0.9940560642992158,1.0,534.7194820200093
July,01_silo5,1B_silo5_noisy,noisy,,1B,(b)oracle,Flirds,val,3,0.9999999999999999,0.9999999999999999,0.9999999999999999,0.9999999772892249,1.0,108.27808063098928
July,01_silo5,1B_silo5_noisy,noisy,,1B,(b)oracle,Flirds1st,val,3,0.9999999999999999,0.9999999999999999,0.9999999999999999,0.9999996162441086,1.0,35.63627911097137
July,01_silo5,1B_silo5_noisy,noisy,,1B,(b)oracle,GTG,val,3,0.9999999999999999,0.9999999999999999,0.9999999999999999,0.9998621601663636,1.0,544.0347512910375
July,01_silo5,1B_silo5_noisy,noisy,,1B,(b)oracle,STD-DAGMM,det,3,,,,,0.25,1.854638198041357
July,01_silo5,1B_silo5_noisy,noisy,,1B,(b)oracle,ShapleyFL,val,3,0.9999999999999999,0.9999999999999999,0.9999999999999999,0.9996528974682803,1.0,537.2487395239878
July,01_silo5,1B_silo5_noisy,noisy,,1B,(b)oracle,loss-heur,val,3,0.9999999999999999,0.9999999999999999,0.9999999999999999,0.999995351215608,1.0,166.30854137800634
July,01_silo5,1B_silo5_poison,poison,,1B,(b)oracle,(b)oracle,val,3,,,,,1.0,593.7299283820903
July,01_silo5,1B_silo5_poison,poison,,1B,(b)oracle,Banzhaf,val,3,0.9999999999999999,0.9999999999999999,0.9999999999999999,0.9999999986006302,1.0,593.1512197960401
July,01_silo5,1B_silo5_poison,poison,,1B,(b)oracle,FLDetector,det,3,,,,,1.0,5.459617219981737
July,01_silo5,1B_silo5_poison,poison,,1B,(b)oracle,FLTrust,det,3,,,,,1.0,39.30785630689934
July,01_silo5,1B_silo5_poison,poison,,1B,(b)oracle,FedDQC,det,3,,,,,1.0,21.2262555770576
July,01_silo5,1B_silo5_poison,poison,,1B,(b)oracle,FedIF,val,3,0.9666666666666665,0.8999999999999998,0.9999999999999999,0.8286961869217772,1.0,39.371523143025115
July,01_silo5,1B_silo5_poison,poison,,1B,(b)oracle,FedSV,val,3,0.36666666666666664,0.0,0.6,0.9809558839037265,1.0,585.6799770940561
July,01_silo5,1B_silo5_poison,poison,,1B,(b)oracle,Flirds,val,3,0.6999999999999998,0.39999999999999997,0.9999999999999999,0.27727983717439664,0.5833333333333334,118.86229797801934
July,01_silo5,1B_silo5_poison,poison,,1B,(b)oracle,Flirds1st,val,3,0.0,0.0,0.0,-0.9580250646764806,0.0,39.010888054035604
July,01_silo5,1B_silo5_poison,poison,,1B,(b)oracle,GTG,val,3,0.8666666666666666,0.7,0.9999999999999999,0.9864436621430747,1.0,597.0087517700158
July,01_silo5,1B_silo5_poison,poison,,1B,(b)oracle,STD-DAGMM,det,3,,,,,0.9166666666666666,2.214312811032869
July,01_silo5,1B_silo5_poison,poison,,1B,(b)oracle,ShapleyFL,val,3,0.9999999999999999,0.9999999999999999,0.9999999999999999,0.9803594227595537,1.0,590.3872768160654
July,01_silo5,1B_silo5_poison,poison,,1B,(b)oracle,loss-heur,val,3,0.9999999999999999,0.9999999999999999,0.9999999999999999,0.9999804559853319,1.0,182.98006563005038
July,02_device100_sweep,1B_device100-a0.01_frrand,freerider_random,0.01,1B,Flirds(proxy),ComFedSV,val,3,-0.05057433437210198,-0.3151519262072707,0.0910472056429734,-0.07554805480936536,0.4358580487612746,358.26166793098673
July,02_device100_sweep,1B_device100-a0.01_frrand,freerider_random,0.01,1B,Flirds(proxy),FLDetector,det,3,,,,,0.5917247626925046,110.42833090899512
July,02_device100_sweep,1B_device100-a0.01_frrand,freerider_random,0.01,1B,Flirds(proxy),FLTrust,det,3,,,,,1.0,56.7044642099645
July,02_device100_sweep,1B_device100-a0.01_frrand,freerider_random,0.01,1B,Flirds(proxy),FedDQC,det,3,,,,,0.5537043601559731,452.944283255958
July,02_device100_sweep,1B_device100-a0.01_frrand,freerider_random,0.01,1B,Flirds(proxy),FedIF,val,3,0.754365932245936,0.7124577358013878,0.7778833447046323,0.7649889156979667,0.9891370278467053,55.26994901103899
July,02_device100_sweep,1B_device100-a0.01_frrand,freerider_random,0.01,1B,Flirds(proxy),Flirds,val,3,,,,,1.0,159.2665597749874
July,02_device100_sweep,1B_device100-a0.01_frrand,freerider_random,0.01,1B,Flirds(proxy),Flirds1st,val,3,0.9999154455514426,0.9999050461204557,0.9999362444134166,0.9999931719087799,1.0,53.921338131069206
July,02_device100_sweep,1B_device100-a0.01_frrand,freerider_random,0.01,1B,Flirds(proxy),STD-DAGMM,det,3,,,,,0.9081098113356179,10.12486646999605
July,02_device100_sweep,1B_device100-a0.01_frrand,freerider_random,0.01,1B,Flirds(proxy),loss-heur,val,3,0.9997346664685515,0.9996812220293324,0.9998033037254821,0.999988917764821,1.0,479.74235798604786
July,02_device100_sweep,1B_device100-a0.01_frzero,freerider_zero,0.01,1B,Flirds(proxy),ComFedSV,val,3,-0.06040136648794645,-0.32184765725532594,0.07438838569306669,-0.08084748315734198,0.4437433534207728,358.7355101701105
July,02_device100_sweep,1B_device100-a0.01_frzero,freerider_zero,0.01,1B,Flirds(proxy),FLDetector,det,3,,,,,0.5208042853204143,93.23232601489872
July,02_device100_sweep,1B_device100-a0.01_frzero,freerider_zero,0.01,1B,Flirds(proxy),FLTrust,det,3,,,,,1.0,55.9041517120786
July,02_device100_sweep,1B_device100-a0.01_frzero,freerider_zero,0.01,1B,Flirds(proxy),FedDQC,det,3,,,,,0.5537043601559731,451.30618722899817
July,02_device100_sweep,1B_device100-a0.01_frzero,freerider_zero,0.01,1B,Flirds(proxy),FedIF,val,3,0.7567139200063472,0.7104092067390673,0.7870051296423766,0.7713736322407018,0.9945448816416559,56.35098003700841
July,02_device100_sweep,1B_device100-a0.01_frzero,freerider_zero,0.01,1B,Flirds(proxy),Flirds,val,3,,,,,1.0,159.42768762202468
July,02_device100_sweep,1B_device100-a0.01_frzero,freerider_zero,0.01,1B,Flirds(proxy),Flirds1st,val,3,0.9999194138553994,0.9998643331976667,0.9999617417696982,0.9999926918006204,1.0,54.71100179699715
July,02_device100_sweep,1B_device100-a0.01_frzero,freerider_zero,0.01,1B,Flirds(proxy),STD-DAGMM,det,3,,,,,0.9200441135925006,9.625953620998189
July,02_device100_sweep,1B_device100-a0.01_frzero,freerider_zero,0.01,1B,Flirds(proxy),loss-heur,val,3,0.9998871018355976,0.9998609401644317,0.9999394242806441,0.9999922616883198,1.0,478.9600947119761
July,02_device100_sweep,1B_device100-a0.01_noisy,noisy,0.01,1B,Flirds(proxy),ComFedSV,val,3,-0.01580666532220676,-0.22816060770482907,0.1107433532284319,-0.05952923857860565,0.42418370160305646,357.6843862410169
July,02_device100_sweep,1B_device100-a0.01_noisy,noisy,0.01,1B,Flirds(proxy),FLDetector,det,3,,,,,0.4877112135176651,86.91778387699742
July,02_device100_sweep,1B_device100-a0.01_noisy,noisy,0.01,1B,Flirds(proxy),FLTrust,det,3,,,,,0.6026546929772736,55.873261968954466
July,02_device100_sweep,1B_device100-a0.01_noisy,noisy,0.01,1B,Flirds(proxy),FedDQC,det,3,,,,,1.0,447.67867516796105
July,02_device100_sweep,1B_device100-a0.01_noisy,noisy,0.01,1B,Flirds(proxy),FedIF,val,3,0.6155871017566863,0.49725124823016187,0.7043798220597177,0.6583737543387056,0.5684115167986136,55.56118400092237
July,02_device100_sweep,1B_device100-a0.01_noisy,noisy,0.01,1B,Flirds(proxy),Flirds,val,3,,,,,0.5733900508094057,158.2445666770218
July,02_device100_sweep,1B_device100-a0.01_noisy,noisy,0.01,1B,Flirds(proxy),Flirds1st,val,3,0.9999383248588737,0.9999234932960999,0.9999593054801953,0.9999919277762178,0.5733900508094057,53.45067861897405
July,02_device100_sweep,1B_device100-a0.01_noisy,noisy,0.01,1B,Flirds(proxy),STD-DAGMM,det,3,,,,,0.8012603883571625,9.435104063013569
July,02_device100_sweep,1B_device100-a0.01_noisy,noisy,0.01,1B,Flirds(proxy),loss-heur,val,3,0.9999075992958621,0.9998575664895322,0.9999330564257669,0.9999891244898094,0.5733900508094057,478.6959131680196
July,02_device100_sweep,1B_device100-a0.0_frrand,freerider_random,0.0,1B,Flirds(proxy),ComFedSV,val,3,0.00015034294353728309,-0.12350786760716223,0.18597395550732504,-0.05068066455625464,0.4413407381149317,358.4330753359245
July,02_device100_sweep,1B_device100-a0.0_frrand,freerider_random,0.0,1B,Flirds(proxy),FLDetector,det,3,,,,,0.6041947300011815,103.27434962696861
July,02_device100_sweep,1B_device100-a0.0_frrand,freerider_random,0.0,1B,Flirds(proxy),FLTrust,det,3,,,,,1.0,55.91019809502177
July,02_device100_sweep,1B_device100-a0.0_frrand,freerider_random,0.0,1B,Flirds(proxy),FedDQC,det,3,,,,,0.13966678482807515,448.5106364049716
July,02_device100_sweep,1B_device100-a0.0_frrand,freerider_random,0.0,1B,Flirds(proxy),FedIF,val,3,0.7268704765855891,0.6779602403747738,0.7730007444383306,0.7467698202916292,0.9847808105872623,55.89511197700631
July,02_device100_sweep,1B_device100-a0.0_frrand,freerider_random,0.0,1B,Flirds(proxy),Flirds,val,3,,,,,1.0,159.48118379991502
July,02_device100_sweep,1B_device100-a0.0_frrand,freerider_random,0.0,1B,Flirds(proxy),Flirds1st,val,3,0.9999510759761904,0.9999186109603907,0.9999728703201302,0.9999947626209433,1.0,54.52180412807502
July,02_device100_sweep,1B_device100-a0.0_frrand,freerider_random,0.0,1B,Flirds(proxy),STD-DAGMM,det,3,,,,,0.9869077159399741,9.555587833980098
July,02_device100_sweep,1B_device100-a0.0_frrand,freerider_random,0.0,1B,Flirds(proxy),loss-heur,val,3,0.9998572727488749,0.9998134816050684,0.9999075535610825,0.999993894184238,1.0,478.6946390760131
July,02_device100_sweep,1B_device100-a0.0_frzero,freerider_zero,0.0,1B,Flirds(proxy),ComFedSV,val,3,-0.0005914037847116749,-0.1207623959910184,0.17270569123361662,-0.048392652087496955,0.4457205876560715,359.3912898559356
July,02_device100_sweep,1B_device100-a0.0_frzero,freerider_zero,0.0,1B,Flirds(proxy),FLDetector,det,3,,,,,0.522364015912403,95.5182474629255
July,02_device100_sweep,1B_device100-a0.0_frzero,freerider_zero,0.0,1B,Flirds(proxy),FLTrust,det,3,,,,,1.0,56.27806326805148
July,02_device100_sweep,1B_device100-a0.0_frzero,freerider_zero,0.0,1B,Flirds(proxy),FedDQC,det,3,,,,,0.13966678482807515,446.11948037694674
July,02_device100_sweep,1B_device100-a0.0_frzero,freerider_zero,0.0,1B,Flirds(proxy),FedIF,val,3,0.7205030898121484,0.6741697307565403,0.7682152364518842,0.7456568704389678,0.989129150419473,55.46333869290538
July,02_device100_sweep,1B_device100-a0.0_frzero,freerider_zero,0.0,1B,Flirds(proxy),Flirds,val,3,,,,,1.0,159.46639543399215
July,02_device100_sweep,1B_device100-a0.0_frzero,freerider_zero,0.0,1B,Flirds(proxy),Flirds1st,val,3,0.9999462759035995,0.9999185999185999,0.9999744945131321,0.9999943150603241,1.0,54.70561240694951
July,02_device100_sweep,1B_device100-a0.0_frzero,freerider_zero,0.0,1B,Flirds(proxy),STD-DAGMM,det,3,,,,,0.9672692898499351,9.738889086991549
July,02_device100_sweep,1B_device100-a0.0_frzero,freerider_zero,0.0,1B,Flirds(proxy),loss-heur,val,3,0.9999260157460031,0.9999016406192615,0.9999592999593,0.9999912039656831,1.0,480.2065178210614
July,02_device100_sweep,1B_device100-a0.0_noisy,noisy,0.0,1B,Flirds(proxy),ComFedSV,val,3,0.01922863737645537,-0.09461475854584915,0.17761801410743353,-0.038908624213750694,0.44419236677301194,358.13081205193885
July,02_device100_sweep,1B_device100-a0.0_noisy,noisy,0.0,1B,Flirds(proxy),FLDetector,det,3,,,,,0.5385600063019418,87.33906876191031
July,02_device100_sweep,1B_device100-a0.0_noisy,noisy,0.0,1B,Flirds(proxy),FLTrust,det,3,,,,,1.0,56.032528720097616
July,02_device100_sweep,1B_device100-a0.0_noisy,noisy,0.0,1B,Flirds(proxy),FedDQC,det,3,,,,,0.9597069597069597,442.4149142280221
July,02_device100_sweep,1B_device100-a0.0_noisy,noisy,0.0,1B,Flirds(proxy),FedIF,val,3,0.6743404644525498,0.6300049532896055,0.7250022349749279,0.7068149663938526,0.9721414785930915,54.59084743098356
July,02_device100_sweep,1B_device100-a0.0_noisy,noisy,0.0,1B,Flirds(proxy),Flirds,val,3,,,,,0.7867107802591674,158.48887157603167
July,02_device100_sweep,1B_device100-a0.0_noisy,noisy,0.0,1B,Flirds(proxy),Flirds1st,val,3,0.9999205096464999,0.999891481280521,0.9999593054801953,0.9999934020513418,0.7867107802591674,53.43798986496404
July,02_device100_sweep,1B_device100-a0.0_noisy,noisy,0.0,1B,Flirds(proxy),STD-DAGMM,det,3,,,,,0.7105990783410139,9.007055351976305
July,02_device100_sweep,1B_device100-a0.0_noisy,noisy,0.0,1B,Flirds(proxy),loss-heur,val,3,0.999891592668785,0.9998711323645416,0.9999152189396233,0.9999913416023848,0.7867107802591674,479.18278770695906
July,02_device100_sweep,1B_device100-a0.1_frrand,freerider_random,0.1,1B,Flirds(proxy),ComFedSV,val,3,0.022443862367124118,-0.21307650569723277,0.1416440586001085,0.008148678587927458,0.4358738036157391,358.5079102810705
July,02_device100_sweep,1B_device100-a0.1_frrand,freerider_random,0.1,1B,Flirds(proxy),FLDetector,det,3,,,,,0.5713852455787939,106.24247535906034
July,02_device100_sweep,1B_device100-a0.1_frrand,freerider_random,0.1,1B,Flirds(proxy),FLTrust,det,3,,,,,1.0,56.15149283804931
July,02_device100_sweep,1B_device100-a0.1_frrand,freerider_random,0.1,1B,Flirds(proxy),FedDQC,det,3,,,,,0.5316318090511639,453.52117781189736
July,02_device100_sweep,1B_device100-a0.1_frrand,freerider_random,0.1,1B,Flirds(proxy),FedIF,val,3,0.816378552398863,0.8094241675014145,0.8273804218847219,0.8211381847321095,0.9865729252826027,56.09979681496043
July,02_device100_sweep,1B_device100-a0.1_frrand,freerider_random,0.1,1B,Flirds(proxy),Flirds,val,3,,,,,1.0,159.72361067205202
July,02_device100_sweep,1B_device100-a0.1_frrand,freerider_random,0.1,1B,Flirds(proxy),Flirds1st,val,3,0.9999072160474377,0.999891481280521,0.9999321758003256,0.9999950093537384,1.0,54.029537181020714
July,02_device100_sweep,1B_device100-a0.1_frrand,freerider_random,0.1,1B,Flirds(proxy),STD-DAGMM,det,3,,,,,0.8310370632951277,9.78228455898352
July,02_device100_sweep,1B_device100-a0.1_frrand,freerider_random,0.1,1B,Flirds(proxy),loss-heur,val,3,0.9998125070412867,0.9997800398473639,0.9998609590278608,0.9999930655998591,1.0,481.590636509005
July,02_device100_sweep,1B_device100-a0.1_frzero,freerider_zero,0.1,1B,Flirds(proxy),ComFedSV,val,3,0.02298248731854685,-0.21551922996060538,0.14693074713308474,0.008035941495431825,0.4366064043483398,357.37721365701873
July,02_device100_sweep,1B_device100-a0.1_frzero,freerider_zero,0.1,1B,Flirds(proxy),FLDetector,det,3,,,,,0.5290361967781323,90.17523097398225
July,02_device100_sweep,1B_device100-a0.1_frzero,freerider_zero,0.1,1B,Flirds(proxy),FLTrust,det,3,,,,,1.0,55.41960789391305
July,02_device100_sweep,1B_device100-a0.1_frzero,freerider_zero,0.1,1B,Flirds(proxy),FedDQC,det,3,,,,,0.5316318090511639,450.6772260979633
July,02_device100_sweep,1B_device100-a0.1_frzero,freerider_zero,0.1,1B,Flirds(proxy),FedIF,val,3,0.8175815973596495,0.8098161608756635,0.8300902647405637,0.8237329644814292,0.989129150419473,55.869556969963014
July,02_device100_sweep,1B_device100-a0.1_frzero,freerider_zero,0.1,1B,Flirds(proxy),Flirds,val,3,,,,,1.0,159.85844099591486
July,02_device100_sweep,1B_device100-a0.1_frzero,freerider_zero,0.1,1B,Flirds(proxy),Flirds1st,val,3,0.999951340754877,0.9999457332790667,0.9999592999593,0.9999945445915875,1.0,53.831591314054094
July,02_device100_sweep,1B_device100-a0.1_frzero,freerider_zero,0.1,1B,Flirds(proxy),STD-DAGMM,det,3,,,,,0.924022214344795,9.574011104996316
July,02_device100_sweep,1B_device100-a0.1_frzero,freerider_zero,0.1,1B,Flirds(proxy),loss-heur,val,3,0.9999047606853416,0.9998533416615191,0.9999389495478296,0.9999918500994,1.0,478.53774280892685
July,02_device100_sweep,1B_device100-a0.1_noisy,noisy,0.1,1B,Flirds(proxy),ComFedSV,val,3,0.03676510081827499,-0.1909386869234943,0.1984536082474227,0.013024737257758934,0.4309976761589665,358.61900429899106
July,02_device100_sweep,1B_device100-a0.1_noisy,noisy,0.1,1B,Flirds(proxy),FLDetector,det,3,,,,,0.5275237307495372,103.05241028900491
July,02_device100_sweep,1B_device100-a0.1_noisy,noisy,0.1,1B,Flirds(proxy),FLTrust,det,3,,,,,0.7211390759777857,56.06284075300209
July,02_device100_sweep,1B_device100-a0.1_noisy,noisy,0.1,1B,Flirds(proxy),FedDQC,det,3,,,,,1.0,450.5909641989856
July,02_device100_sweep,1B_device100-a0.1_noisy,noisy,0.1,1B,Flirds(proxy),FedIF,val,3,0.6948553410461332,0.6812521918757231,0.7089969364452862,0.7524724549902636,0.6940486037260231,55.88569474499673
July,02_device100_sweep,1B_device100-a0.1_noisy,noisy,0.1,1B,Flirds(proxy),Flirds,val,3,,,,,0.6104139588010556,159.16833235998638
July,02_device100_sweep,1B_device100-a0.1_noisy,noisy,0.1,1B,Flirds(proxy),Flirds1st,val,3,0.9999388673406191,0.9998979910614666,0.999986435160065,0.9999945754678348,0.6104139588010556,54.624783341016155
July,02_device100_sweep,1B_device100-a0.1_noisy,noisy,0.1,1B,Flirds(proxy),STD-DAGMM,det,3,,,,,0.5527827011697979,10.051996754016727
July,02_device100_sweep,1B_device100-a0.1_noisy,noisy,0.1,1B,Flirds(proxy),loss-heur,val,3,0.9999067630260557,0.9998661116422346,0.9999796526250935,0.9999917653339082,0.6111308046791918,478.78720873600105
July,02_device100_sweep,1B_device100-a5.0_frrand,freerider_random,5.0,1B,Flirds(proxy),ComFedSV,val,3,-0.048943016263379026,-0.20154639175257735,0.10366250678241998,-0.039814537569197166,0.3884201819685691,358.7709003019845
July,02_device100_sweep,1B_device100-a5.0_frrand,freerider_random,5.0,1B,Flirds(proxy),FLDetector,det,3,,,,,0.6129701839379259,108.65423073899001
July,02_device100_sweep,1B_device100-a5.0_frrand,freerider_random,5.0,1B,Flirds(proxy),FLTrust,det,3,,,,,1.0,55.67843590292614
July,02_device100_sweep,1B_device100-a5.0_frrand,freerider_random,5.0,1B,Flirds(proxy),FedDQC,det,3,,,,,0.5425735554767813,445.87609857099596
July,02_device100_sweep,1B_device100-a5.0_frrand,freerider_random,5.0,1B,Flirds(proxy),FedIF,val,3,0.771456267157186,0.7464697025877038,0.8081406201154716,0.7685287795329985,0.9949820788530466,55.92335236608051
July,02_device100_sweep,1B_device100-a5.0_frrand,freerider_random,5.0,1B,Flirds(proxy),Flirds,val,3,,,,,1.0,159.56838579603937
July,02_device100_sweep,1B_device100-a5.0_frrand,freerider_random,5.0,1B,Flirds(proxy),Flirds1st,val,3,0.9999468256037515,0.9999321758003256,0.9999593054801953,0.9999968058093999,1.0,54.2873632630799
July,02_device100_sweep,1B_device100-a5.0_frrand,freerider_random,5.0,1B,Flirds(proxy),STD-DAGMM,det,3,,,,,0.8601914214817441,10.174761392059736
July,02_device100_sweep,1B_device100-a5.0_frrand,freerider_random,5.0,1B,Flirds(proxy),loss-heur,val,3,0.9997988060550281,0.9997320917374245,0.9998779156355566,0.9999944627152976,1.0,479.22641241701785
July,02_device100_sweep,1B_device100-a5.0_frzero,freerider_zero,5.0,1B,Flirds(proxy),ComFedSV,val,3,-0.049717072699876595,-0.20181781230716475,0.10045445319180984,-0.03970348811908255,0.38697073535783216,358.81046291592065
July,02_device100_sweep,1B_device100-a5.0_frzero,freerider_zero,5.0,1B,Flirds(proxy),FLDetector,det,3,,,,,0.5421915002560164,95.90052359504625
July,02_device100_sweep,1B_device100-a5.0_frzero,freerider_zero,5.0,1B,Flirds(proxy),FLTrust,det,3,,,,,1.0,55.761591718997806
July,02_device100_sweep,1B_device100-a5.0_frzero,freerider_zero,5.0,1B,Flirds(proxy),FedDQC,det,3,,,,,0.5425735554767813,441.4034755129833
July,02_device100_sweep,1B_device100-a5.0_frzero,freerider_zero,5.0,1B,Flirds(proxy),FedIF,val,3,0.7730606897302233,0.7505630172296839,0.8091521756507828,0.7708110645235577,0.996415770609319,55.39275462704245
July,02_device100_sweep,1B_device100-a5.0_frzero,freerider_zero,5.0,1B,Flirds(proxy),Flirds,val,3,,,,,1.0,158.5460713049397
July,02_device100_sweep,1B_device100-a5.0_frzero,freerider_zero,5.0,1B,Flirds(proxy),Flirds1st,val,3,0.9999601138960994,0.9999457332790667,0.9999728666395333,0.9999967051231394,1.0,53.23595316102728
July,02_device100_sweep,1B_device100-a5.0_frzero,freerider_zero,5.0,1B,Flirds(proxy),STD-DAGMM,det,3,,,,,0.8142108787270077,9.342519188066944
July,02_device100_sweep,1B_device100-a5.0_frzero,freerider_zero,5.0,1B,Flirds(proxy),loss-heur,val,3,0.9998943372412016,0.9998118964397218,0.9999423414192008,0.9999946510406801,1.0,478.9800065859454
July,02_device100_sweep,1B_device100-a5.0_noisy,noisy,5.0,1B,Flirds(proxy),ComFedSV,val,3,-0.020099807133757985,-0.17289744981009222,0.13666576234400435,-0.0014385049709172242,0.3898223640159124,359.1182377629448
July,02_device100_sweep,1B_device100-a5.0_noisy,noisy,5.0,1B,Flirds(proxy),FLDetector,det,3,,,,,0.5305486628067273,98.21076110401191
July,02_device100_sweep,1B_device100-a5.0_noisy,noisy,5.0,1B,Flirds(proxy),FLTrust,det,3,,,,,0.992831541218638,56.94354659400415
July,02_device100_sweep,1B_device100-a5.0_noisy,noisy,5.0,1B,Flirds(proxy),FedDQC,det,3,,,,,1.0,445.8620183210587
July,02_device100_sweep,1B_device100-a5.0_noisy,noisy,5.0,1B,Flirds(proxy),FedIF,val,3,0.6377737114586731,0.6262293303523842,0.6488281163573224,0.6627363680031034,0.9729370987435503,56.502764914999716
July,02_device100_sweep,1B_device100-a5.0_noisy,noisy,5.0,1B,Flirds(proxy),Flirds,val,3,,,,,0.5870967741935483,160.47207086195704
July,02_device100_sweep,1B_device100-a5.0_noisy,noisy,5.0,1B,Flirds(proxy),Flirds1st,val,3,0.9999279254278867,0.9998507867607163,0.9999872488826832,0.9999957218870085,0.5892945763913505,54.63625949504785
July,02_device100_sweep,1B_device100-a5.0_noisy,noisy,5.0,1B,Flirds(proxy),STD-DAGMM,det,3,,,,,0.7294103745716649,9.378729428979568
July,02_device100_sweep,1B_device100-a5.0_noisy,noisy,5.0,1B,Flirds(proxy),loss-heur,val,3,0.9998889702844677,0.9997795677571226,0.9999585587416959,0.9999932778427949,0.5878293749261492,479.3065343000926
July,03_device100_poison,1B_device100-a0.0_poison,poison,0.0,1B,Flirds(proxy),ComFedSV,val,3,0.10453445344534452,0.038379837983798376,0.14673867386738673,0.21075527175583728,0.7609427609427609,749.0077974250307
July,03_device100_poison,1B_device100-a0.0_poison,poison,0.0,1B,Flirds(proxy),FLDetector,det,3,,,,,0.9865319865319865,283.35558821901213
July,03_device100_poison,1B_device100-a0.0_poison,poison,0.0,1B,Flirds(proxy),FLTrust,det,3,,,,,0.6296296296296297,114.97073463897686
July,03_device100_poison,1B_device100-a0.0_poison,poison,0.0,1B,Flirds(proxy),FedDQC,det,3,,,,,1.0,442.61427489400376
July,03_device100_poison,1B_device100-a0.0_poison,poison,0.0,1B,Flirds(proxy),FedIF,val,3,0.6171937193719371,0.34119411941194117,0.8072007200720072,0.07660302866615225,0.5387205387205387,114.21349662891589
July,03_device100_poison,1B_device100-a0.0_poison,poison,0.0,1B,Flirds(proxy),Flirds,val,3,,,,,1.0,323.29979971202556
July,03_device100_poison,1B_device100-a0.0_poison,poison,0.0,1B,Flirds(proxy),Flirds1st,val,3,0.9966916691669164,0.9945994599459945,0.9984758475847583,0.7613677134745447,1.0,109.80061738204677
July,03_device100_poison,1B_device100-a0.0_poison,poison,0.0,1B,Flirds(proxy),STD-DAGMM,det,3,,,,,0.9932659932659934,19.913622501073405
July,03_device100_poison,1B_device100-a0.0_poison,poison,0.0,1B,Flirds(proxy),loss-heur,val,3,0.9971027092373156,0.9947434743474346,0.9989648933885147,0.9980688339831366,1.0,974.5947225299897
July,03_device100_poison,1B_device100-a0.5_poison,poison,0.5,1B,Flirds(proxy),ComFedSV,val,3,0.02672667266726672,-0.10085808580858086,0.11083108310831082,0.19545562827581145,0.7239057239057239,751.3367576199817
July,03_device100_poison,1B_device100-a0.5_poison,poison,0.5,1B,Flirds(proxy),FLDetector,det,3,,,,,0.9831649831649831,274.80341437400784
July,03_device100_poison,1B_device100-a0.5_poison,poison,0.5,1B,Flirds(proxy),FLTrust,det,3,,,,,0.5016835016835017,114.12282914994285
July,03_device100_poison,1B_device100-a0.5_poison,poison,0.5,1B,Flirds(proxy),FedDQC,det,3,,,,,1.0,445.0314930320019
July,03_device100_poison,1B_device100-a0.5_poison,poison,0.5,1B,Flirds(proxy),FedIF,val,3,0.4395790146546958,0.3482508250825082,0.5056677370333944,0.027948965296502804,0.4579124579124579,115.39447905099951
July,03_device100_poison,1B_device100-a0.5_poison,poison,0.5,1B,Flirds(proxy),Flirds,val,3,,,,,1.0,323.43275470810477
July,03_device100_poison,1B_device100-a0.5_poison,poison,0.5,1B,Flirds(proxy),Flirds1st,val,3,0.9796779677967796,0.9408100810081007,0.9992919291929192,0.43286250915750174,0.67003367003367,110.93711022695061
July,03_device100_poison,1B_device100-a0.5_poison,poison,0.5,1B,Flirds(proxy),STD-DAGMM,det,3,,,,,0.9966329966329966,20.15463915397413
July,03_device100_poison,1B_device100-a0.5_poison,poison,0.5,1B,Flirds(proxy),loss-heur,val,3,0.9993159299188094,0.9991599109685494,0.9995319531953195,0.9973181523521051,1.0,975.5586041579954
July,05_scale_3b,3B_silo5_frrand,freerider_random,,3B,(b)oracle,(b)oracle,val,1,,,,,1.0,1243.5893577699899
July,05_scale_3b,3B_silo5_frrand,freerider_random,,3B,(b)oracle,FLDetector,det,1,,,,,1.0,7.036220189009327
July,05_scale_3b,3B_silo5_frrand,freerider_random,,3B,(b)oracle,FLTrust,det,1,,,,,1.0,82.77926292602206
July,05_scale_3b,3B_silo5_frrand,freerider_random,,3B,(b)oracle,FedDQC,det,1,,,,,0.75,49.01867301395396
July,05_scale_3b,3B_silo5_frrand,freerider_random,,3B,(b)oracle,FedIF,val,1,0.6,0.6,0.6,0.8770333183884944,1.0,83.11138384998776
July,05_scale_3b,3B_silo5_frrand,freerider_random,,3B,(b)oracle,Flirds,val,1,0.9999999999999999,0.9999999999999999,0.9999999999999999,0.9999999061316294,1.0,250.1168853539857
July,05_scale_3b,3B_silo5_frrand,freerider_random,,3B,(b)oracle,Flirds1st,val,1,0.9999999999999999,0.9999999999999999,0.9999999999999999,0.9999984698868976,1.0,81.79573249898385
July,05_scale_3b,3B_silo5_frrand,freerider_random,,3B,(b)oracle,STD-DAGMM,det,1,,,,,1.0,3.5873542690533213
July,05_scale_3b,3B_silo5_frrand,freerider_random,,3B,(b)oracle,loss-heur,val,1,0.9999999999999999,0.9999999999999999,0.9999999999999999,0.9999979910762512,1.0,383.09144052997
July,05_scale_3b,3B_silo5_frzero,freerider_zero,,3B,(b)oracle,(b)oracle,val,1,,,,,1.0,1247.3245822119643
July,05_scale_3b,3B_silo5_frzero,freerider_zero,,3B,(b)oracle,FLDetector,det,1,,,,,1.0,6.337344501982443
July,05_scale_3b,3B_silo5_frzero,freerider_zero,,3B,(b)oracle,FLTrust,det,1,,,,,1.0,83.32722966495203
July,05_scale_3b,3B_silo5_frzero,freerider_zero,,3B,(b)oracle,FedDQC,det,1,,,,,0.75,49.098215169040486
July,05_scale_3b,3B_silo5_frzero,freerider_zero,,3B,(b)oracle,FedIF,val,1,0.6,0.6,0.6,0.8894177191985749,1.0,83.23279256600654
July,05_scale_3b,3B_silo5_frzero,freerider_zero,,3B,(b)oracle,Flirds,val,1,0.9999999999999999,0.9999999999999999,0.9999999999999999,0.9999999710307916,1.0,251.67054884001845
July,05_scale_3b,3B_silo5_frzero,freerider_zero,,3B,(b)oracle,Flirds1st,val,1,0.9999999999999999,0.9999999999999999,0.9999999999999999,0.9999980647060137,1.0,82.33002380502876
July,05_scale_3b,3B_silo5_frzero,freerider_zero,,3B,(b)oracle,STD-DAGMM,det,1,,,,,0.0,3.006811077008024
July,05_scale_3b,3B_silo5_frzero,freerider_zero,,3B,(b)oracle,loss-heur,val,1,0.9999999999999999,0.9999999999999999,0.9999999999999999,0.9999984999145936,1.0,385.01005007501226
July,05_scale_3b,3B_silo5_noisy,noisy,,3B,(b)oracle,(b)oracle,val,1,,,,,1.0,1244.7299716579728
July,05_scale_3b,3B_silo5_noisy,noisy,,3B,(b)oracle,FLDetector,det,1,,,,,1.0,7.717991003999487
July,05_scale_3b,3B_silo5_noisy,noisy,,3B,(b)oracle,FLTrust,det,1,,,,,1.0,82.91608968400396
July,05_scale_3b,3B_silo5_noisy,noisy,,3B,(b)oracle,FedDQC,det,1,,,,,1.0,48.82645469298586
July,05_scale_3b,3B_silo5_noisy,noisy,,3B,(b)oracle,FedIF,val,1,0.6,0.6,0.6,0.8091890397616079,1.0,83.00056484399829
July,05_scale_3b,3B_silo5_noisy,noisy,,3B,(b)oracle,Flirds,val,1,0.9999999999999999,0.9999999999999999,0.9999999999999999,0.9999999486822665,1.0,250.04176826396724
July,05_scale_3b,3B_silo5_noisy,noisy,,3B,(b)oracle,Flirds1st,val,1,0.9999999999999999,0.9999999999999999,0.9999999999999999,0.9999968890631838,1.0,82.53795824199915
July,05_scale_3b,3B_silo5_noisy,noisy,,3B,(b)oracle,STD-DAGMM,det,1,,,,,1.0,3.6440599180059507
July,05_scale_3b,3B_silo5_noisy,noisy,,3B,(b)oracle,loss-heur,val,1,0.9999999999999999,0.9999999999999999,0.9999999999999999,0.9999979187540045,1.0,383.8195361289545
July,05_scale_3b,3B_silo5_poison,poison,,3B,(b)oracle,(b)oracle,val,1,,,,,1.0,1371.0762779770885
July,05_scale_3b,3B_silo5_poison,poison,,3B,(b)oracle,FLDetector,det,1,,,,,1.0,7.769350917078555
July,05_scale_3b,3B_silo5_poison,poison,,3B,(b)oracle,FLTrust,det,1,,,,,1.0,91.51819632900879
July,05_scale_3b,3B_silo5_poison,poison,,3B,(b)oracle,FedDQC,det,1,,,,,1.0,46.26621122902725
July,05_scale_3b,3B_silo5_poison,poison,,3B,(b)oracle,FedIF,val,1,0.6,0.6,0.6,0.9138471001294215,1.0,91.41893340600654
July,05_scale_3b,3B_silo5_poison,poison,,3B,(b)oracle,Flirds,val,1,0.0,0.0,0.0,-0.8944622377665306,0.0,276.1446813120274
July,05_scale_3b,3B_silo5_poison,poison,,3B,(b)oracle,Flirds1st,val,1,0.0,0.0,0.0,-0.9359764293020372,0.0,90.74689786194358
July,05_scale_3b,3B_silo5_poison,poison,,3B,(b)oracle,STD-DAGMM,det,1,,,,,0.0,3.5976263309130445
July,05_scale_3b,3B_silo5_poison,poison,,3B,(b)oracle,loss-heur,val,1,0.9999999999999999,0.9999999999999999,0.9999999999999999,0.9995529074612596,1.0,422.871987203951
June,01_silo5,1B_silo5_frrand,freerider_random,,1B,(b)oracle,(b)oracle,val,3,,,,,1.0,536.6656694500707
June,01_silo5,1B_silo5_frrand,freerider_random,,1B,(b)oracle,Banzhaf,val,3,0.9999999999999999,0.9999999999999999,0.9999999999999999,0.9999999991220389,1.0,538.9123546481133
June,01_silo5,1B_silo5_frrand,freerider_random,,1B,(b)oracle,FLDetector,det,3,,,,,1.0,22.59698993898928
June,01_silo5,1B_silo5_frrand,freerider_random,,1B,(b)oracle,FLTrust,det,3,,,,,1.0,35.82857507211156
June,01_silo5,1B_silo5_frrand,freerider_random,,1B,(b)oracle,FedDQC,det,3,,,,,0.75,22.132855504984036
June,01_silo5,1B_silo5_frrand,freerider_random,,1B,(b)oracle,FedIF,val,3,0.8999999999999999,0.7999999999999999,0.9999999999999999,0.923839933927242,1.0,35.499043703079224
June,01_silo5,1B_silo5_frrand,freerider_random,,1B,(b)oracle,FedSV,val,3,0.9333333333333331,0.8999999999999998,0.9999999999999999,0.9971683072892894,1.0,533.7363697641995
June,01_silo5,1B_silo5_frrand,freerider_random,,1B,(b)oracle,Flirds,val,3,0.9999999999999999,0.9999999999999999,0.9999999999999999,0.9999999447696647,1.0,107.68823551991954
June,01_silo5,1B_silo5_frrand,freerider_random,,1B,(b)oracle,Flirds1st,val,3,0.9999999999999999,0.9999999999999999,0.9999999999999999,0.9999917379022065,1.0,35.28660618211143
June,01_silo5,1B_silo5_frrand,freerider_random,,1B,(b)oracle,GTG,val,3,0.9999999999999999,0.9999999999999999,0.9999999999999999,0.9996985024304418,1.0,542.951261471957
June,01_silo5,1B_silo5_frrand,freerider_random,,1B,(b)oracle,STD-DAGMM,det,3,,,,,1.0,95.39537684712559
June,01_silo5,1B_silo5_frrand,freerider_random,,1B,(b)oracle,ShapleyFL,val,3,0.9999999999999999,0.9999999999999999,0.9999999999999999,0.9989428669263313,1.0,536.0592502551153
June,01_silo5,1B_silo5_frrand,freerider_random,,1B,(b)oracle,loss-heur,val,3,0.9999999999999999,0.9999999999999999,0.9999999999999999,0.9999988208184315,1.0,166.0865818450693
June,01_silo5,1B_silo5_frzero,freerider_zero,,1B,(b)oracle,(b)oracle,val,3,,,,,1.0,537.5993483690545
June,01_silo5,1B_silo5_frzero,freerider_zero,,1B,(b)oracle,Banzhaf,val,3,0.9999999999999999,0.9999999999999999,0.9999999999999999,0.9999999988437468,1.0,538.6053088880144
June,01_silo5,1B_silo5_frzero,freerider_zero,,1B,(b)oracle,FLDetector,det,3,,,,,0.75,22.072449281113222
June,01_silo5,1B_silo5_frzero,freerider_zero,,1B,(b)oracle,FLTrust,det,3,,,,,1.0,35.99100230098702
June,01_silo5,1B_silo5_frzero,freerider_zero,,1B,(b)oracle,FedDQC,det,3,,,,,0.75,22.04221975011751
June,01_silo5,1B_silo5_frzero,freerider_zero,,1B,(b)oracle,FedIF,val,3,0.9333333333333331,0.8999999999999998,0.9999999999999999,0.9257830369950626,1.0,35.636563455918804
June,01_silo5,1B_silo5_frzero,freerider_zero,,1B,(b)oracle,FedSV,val,3,0.9999999999999999,0.9999999999999999,0.9999999999999999,0.9970615505643989,1.0,533.7463894959074
June,01_silo5,1B_silo5_frzero,freerider_zero,,1B,(b)oracle,Flirds,val,3,0.9999999999999999,0.9999999999999999,0.9999999999999999,0.9999999510115475,1.0,108.14038567291573
June,01_silo5,1B_silo5_frzero,freerider_zero,,1B,(b)oracle,Flirds1st,val,3,0.9999999999999999,0.9999999999999999,0.9999999999999999,0.9999944456733253,1.0,35.22433409187943
June,01_silo5,1B_silo5_frzero,freerider_zero,,1B,(b)oracle,GTG,val,3,0.9999999999999999,0.9999999999999999,0.9999999999999999,0.9997185089906394,1.0,543.0694805220701
June,01_silo5,1B_silo5_frzero,freerider_zero,,1B,(b)oracle,STD-DAGMM,det,3,,,,,0.25,96.08371898904443
June,01_silo5,1B_silo5_frzero,freerider_zero,,1B,(b)oracle,ShapleyFL,val,3,0.9999999999999999,0.9999999999999999,0.9999999999999999,0.9995710150457858,1.0,536.1922468740959
June,01_silo5,1B_silo5_frzero,freerider_zero,,1B,(b)oracle,loss-heur,val,3,0.9999999999999999,0.9999999999999999,0.9999999999999999,0.9999977474688816,1.0,166.15307678305544
June,01_silo5,1B_silo5_noisy,noisy,,1B,(b)oracle,(b)oracle,val,3,,,,,1.0,538.4325971899088
June,01_silo5,1B_silo5_noisy,noisy,,1B,(b)oracle,Banzhaf,val,3,0.9999999999999999,0.9999999999999999,0.9999999999999999,0.9999999995121759,1.0,539.2304652440362
June,01_silo5,1B_silo5_noisy,noisy,,1B,(b)oracle,FLDetector,det,3,,,,,0.75,22.247513361042365
June,01_silo5,1B_silo5_noisy,noisy,,1B,(b)oracle,FLTrust,det,3,,,,,1.0,35.51656011398882
June,01_silo5,1B_silo5_noisy,noisy,,1B,(b)oracle,FedDQC,det,3,,,,,0.9166666666666666,22.17417437490076
June,01_silo5,1B_silo5_noisy,noisy,,1B,(b)oracle,FedIF,val,3,0.9333333333333331,0.8999999999999998,0.9999999999999999,0.8209559287732215,1.0,35.50395995704457
June,01_silo5,1B_silo5_noisy,noisy,,1B,(b)oracle,FedSV,val,3,0.9999999999999999,0.9999999999999999,0.9999999999999999,0.9939624804218118,1.0,533.4887806361075
June,01_silo5,1B_silo5_noisy,noisy,,1B,(b)oracle,Flirds,val,3,0.9999999999999999,0.9999999999999999,0.9999999999999999,0.9999999832917134,1.0,107.54433439183049
June,01_silo5,1B_silo5_noisy,noisy,,1B,(b)oracle,Flirds1st,val,3,0.9999999999999999,0.9999999999999999,0.9999999999999999,0.9999996696196883,1.0,35.17821424687281
June,01_silo5,1B_silo5_noisy,noisy,,1B,(b)oracle,GTG,val,3,0.9999999999999999,0.9999999999999999,0.9999999999999999,0.9998600190287986,1.0,543.0973659078591
June,01_silo5,1B_silo5_noisy,noisy,,1B,(b)oracle,STD-DAGMM,det,3,,,,,0.4166666666666667,96.0677865720354
June,01_silo5,1B_silo5_noisy,noisy,,1B,(b)oracle,ShapleyFL,val,3,0.9999999999999999,0.9999999999999999,0.9999999999999999,0.9996140593386221,1.0,536.2485764089506
June,01_silo5,1B_silo5_noisy,noisy,,1B,(b)oracle,loss-heur,val,3,0.9999999999999999,0.9999999999999999,0.9999999999999999,0.9999940805784675,1.0,166.1812526769936
June,01_silo5,1B_silo5_poison,poison,,1B,(b)oracle,(b)oracle,val,3,,,,,1.0,592.0778545900248
June,01_silo5,1B_silo5_poison,poison,,1B,(b)oracle,Banzhaf,val,3,0.9999999999999999,0.9999999999999999,0.9999999999999999,0.9999999986858136,1.0,594.4720519590192
June,01_silo5,1B_silo5_poison,poison,,1B,(b)oracle,FLDetector,det,3,,,,,1.0,25.00374748907052
June,01_silo5,1B_silo5_poison,poison,,1B,(b)oracle,FLTrust,det,3,,,,,1.0,39.25370533601381
June,01_silo5,1B_silo5_poison,poison,,1B,(b)oracle,FedDQC,det,3,,,,,1.0,21.12397167389281
June,01_silo5,1B_silo5_poison,poison,,1B,(b)oracle,FedIF,val,3,0.9666666666666665,0.8999999999999998,0.9999999999999999,0.8410262960339171,1.0,39.087653633905575
June,01_silo5,1B_silo5_poison,poison,,1B,(b)oracle,FedSV,val,3,0.36666666666666664,0.0,0.6,0.980674931490781,1.0,585.5688185279723
June,01_silo5,1B_silo5_poison,poison,,1B,(b)oracle,Flirds,val,3,0.9666666666666665,0.8999999999999998,0.9999999999999999,0.6842703090749991,0.9166666666666666,118.16655241907574
June,01_silo5,1B_silo5_poison,poison,,1B,(b)oracle,Flirds1st,val,3,0.0,0.0,0.0,-0.949650278357566,0.0,38.63656930299476
June,01_silo5,1B_silo5_poison,poison,,1B,(b)oracle,GTG,val,3,0.8666666666666666,0.7,0.9999999999999999,0.9866752700413772,1.0,596.6427462070715
June,01_silo5,1B_silo5_poison,poison,,1B,(b)oracle,STD-DAGMM,det,3,,,,,0.75,97.31115285190754
June,01_silo5,1B_silo5_poison,poison,,1B,(b)oracle,ShapleyFL,val,3,0.9999999999999999,0.9999999999999999,0.9999999999999999,0.9117617611095689,1.0,590.221253195079
June,01_silo5,1B_silo5_poison,poison,,1B,(b)oracle,loss-heur,val,3,0.9999999999999999,0.9999999999999999,0.9999999999999999,0.9999835954104332,1.0,182.8803558528889
June,02_device100_sweep,1B_device100-a0.01_frrand,freerider_random,0.01,1B,Flirds(proxy),ComFedSV,val,3,-0.06313837098659979,-0.32517634291915354,0.0699717562751436,-0.08568759151349244,0.4379298121233606,359.3061755578965
June,02_device100_sweep,1B_device100-a0.01_frrand,freerider_random,0.01,1B,Flirds(proxy),FLDetector,det,3,,,,,0.596120367088109,211.73153070011176
June,02_device100_sweep,1B_device100-a0.01_frrand,freerider_random,0.01,1B,Flirds(proxy),FLTrust,det,3,,,,,1.0,56.90607552207075
June,02_device100_sweep,1B_device100-a0.01_frrand,freerider_random,0.01,1B,Flirds(proxy),FedDQC,det,3,,,,,0.5537043601559731,454.4818806210533
June,02_device100_sweep,1B_device100-a0.01_frrand,freerider_random,0.01,1B,Flirds(proxy),FedIF,val,3,0.7727991423860207,0.7497905808465224,0.7951124064012761,0.7782527791600579,0.99200441135925,56.490829665912315
June,02_device100_sweep,1B_device100-a0.01_frrand,freerider_random,0.01,1B,Flirds(proxy),Flirds,val,3,,,,,1.0,160.4052398998756
June,02_device100_sweep,1B_device100-a0.01_frrand,freerider_random,0.01,1B,Flirds(proxy),Flirds1st,val,3,0.9999066735656922,0.999891481280521,0.9999234932960999,0.9999929464564249,1.0,54.66668339702301
June,02_device100_sweep,1B_device100-a0.01_frrand,freerider_random,0.01,1B,Flirds(proxy),STD-DAGMM,det,3,,,,,0.9253534995470479,291.67311917990446
June,02_device100_sweep,1B_device100-a0.01_frrand,freerider_random,0.01,1B,Flirds(proxy),loss-heur,val,3,0.9997622492208028,0.9997388725472821,0.9997965234677544,0.9999932668986643,1.0,479.3429698678665
June,02_device100_sweep,1B_device100-a0.01_frzero,freerider_zero,0.01,1B,Flirds(proxy),ComFedSV,val,3,-0.0500177165145031,-0.30805127928151493,0.09515024101112142,-0.07405482613417093,0.4322895742250581,358.43163467687555
June,02_device100_sweep,1B_device100-a0.01_frzero,freerider_zero,0.01,1B,Flirds(proxy),FLDetector,det,3,,,,,0.5127771869707353,218.35430523590185
June,02_device100_sweep,1B_device100-a0.01_frzero,freerider_zero,0.01,1B,Flirds(proxy),FLTrust,det,3,,,,,1.0,57.43786582513712
June,02_device100_sweep,1B_device100-a0.01_frzero,freerider_zero,0.01,1B,Flirds(proxy),FedDQC,det,3,,,,,0.5537043601559731,462.42736766906455
June,02_device100_sweep,1B_device100-a0.01_frzero,freerider_zero,0.01,1B,Flirds(proxy),FedIF,val,3,0.7599085813454293,0.7204900707689973,0.780649125570939,0.7676845072912203,0.9927527669463153,57.20147808105685
June,02_device100_sweep,1B_device100-a0.01_frzero,freerider_zero,0.01,1B,Flirds(proxy),Flirds,val,3,,,,,1.0,160.04646831890568
June,02_device100_sweep,1B_device100-a0.01_frzero,freerider_zero,0.01,1B,Flirds(proxy),Flirds1st,val,3,0.9999255639557427,0.9998852253090946,0.9999592999593,0.9999932094581366,1.0,55.126163434935734
June,02_device100_sweep,1B_device100-a0.01_frzero,freerider_zero,0.01,1B,Flirds(proxy),STD-DAGMM,det,3,,,,,0.9085824569695538,292.6413873638958
June,02_device100_sweep,1B_device100-a0.01_frzero,freerider_zero,0.01,1B,Flirds(proxy),loss-heur,val,3,0.9999100747875476,0.9998692839681368,0.9999389495478296,0.9999912020906816,1.0,479.0444380771369
June,02_device100_sweep,1B_device100-a0.01_noisy,noisy,0.01,1B,Flirds(proxy),ComFedSV,val,3,-0.02026759058578298,-0.2389989148128052,0.10637547476939771,-0.05960560117665836,0.41910276103824495,358.024185386952
June,02_device100_sweep,1B_device100-a0.01_noisy,noisy,0.01,1B,Flirds(proxy),FLDetector,det,3,,,,,0.4819134270747174,608.9278206659947
June,02_device100_sweep,1B_device100-a0.01_noisy,noisy,0.01,1B,Flirds(proxy),FLTrust,det,3,,,,,0.6019220922446729,57.103994861012325
June,02_device100_sweep,1B_device100-a0.01_noisy,noisy,0.01,1B,Flirds(proxy),FedDQC,det,3,,,,,1.0,450.88691292586736
June,02_device100_sweep,1B_device100-a0.01_noisy,noisy,0.01,1B,Flirds(proxy),FedIF,val,3,0.6253155798403035,0.49859425392037565,0.7128579907764939,0.6635497409005374,0.5684430265075426,56.56555370497517
June,02_device100_sweep,1B_device100-a0.01_noisy,noisy,0.01,1B,Flirds(proxy),Flirds,val,3,,,,,0.5748394974201426,159.10596773889847
June,02_device100_sweep,1B_device100-a0.01_noisy,noisy,0.01,1B,Flirds(proxy),Flirds1st,val,3,0.999868691454615,0.9997959821229333,0.9999321758003256,0.9999918091644743,0.574823742565678,54.442993520060554
June,02_device100_sweep,1B_device100-a0.01_noisy,noisy,0.01,1B,Flirds(proxy),STD-DAGMM,det,3,,,,,0.6518807357517035,425.01881338097155
June,02_device100_sweep,1B_device100-a0.01_noisy,noisy,0.01,1B,Flirds(proxy),loss-heur,val,3,0.9998405650570535,0.99978960396277,0.9999152189396233,0.9999882816479944,0.5737405963212415,479.8926664851606
June,02_device100_sweep,1B_device100-a0.0_frrand,freerider_random,0.0,1B,Flirds(proxy),ComFedSV,val,3,-0.00036715947498056994,-0.12133749321758004,0.17280249593054803,-0.04859330921956103,0.4493363267556816,359.09739625197835
June,02_device100_sweep,1B_device100-a0.0_frrand,freerider_random,0.0,1B,Flirds(proxy),FLDetector,det,3,,,,,0.6063925321989837,212.9493891110178
June,02_device100_sweep,1B_device100-a0.0_frrand,freerider_random,0.0,1B,Flirds(proxy),FLTrust,det,3,,,,,1.0,57.499252007110044
June,02_device100_sweep,1B_device100-a0.0_frrand,freerider_random,0.0,1B,Flirds(proxy),FedDQC,det,3,,,,,0.13966678482807515,443.4924451059196
June,02_device100_sweep,1B_device100-a0.0_frrand,freerider_random,0.0,1B,Flirds(proxy),FedIF,val,3,0.7256132506006688,0.6778068739723637,0.7704269999528867,0.7485951761224037,0.9829965733191539,55.258868873119354
June,02_device100_sweep,1B_device100-a0.0_frrand,freerider_random,0.0,1B,Flirds(proxy),Flirds,val,3,,,,,1.0,160.00025682291016
June,02_device100_sweep,1B_device100-a0.0_frrand,freerider_random,0.0,1B,Flirds(proxy),Flirds1st,val,3,0.9999032369158716,0.9998724888268332,0.9999457406402604,0.9999942723181742,1.0,53.0521790550556
June,02_device100_sweep,1B_device100-a0.0_frrand,freerider_random,0.0,1B,Flirds(proxy),STD-DAGMM,det,3,,,,,0.9602111150498248,267.21733459993266
June,02_device100_sweep,1B_device100-a0.0_frrand,freerider_random,0.0,1B,Flirds(proxy),loss-heur,val,3,0.9997238149704993,0.9995919591241532,0.9998338290719794,0.9999907421496204,1.0,479.61275721597485
June,02_device100_sweep,1B_device100-a0.0_frzero,freerider_zero,0.0,1B,Flirds(proxy),ComFedSV,val,3,0.005451585278270203,-0.11041172107064691,0.18524045352250687,-0.04906631703922552,0.44059238252786637,358.2032045610249
June,02_device100_sweep,1B_device100-a0.0_frzero,freerider_zero,0.0,1B,Flirds(proxy),FLDetector,det,3,,,,,0.5289416676513451,215.2277693769429
June,02_device100_sweep,1B_device100-a0.0_frzero,freerider_zero,0.0,1B,Flirds(proxy),FLTrust,det,3,,,,,1.0,57.58762370888144
June,02_device100_sweep,1B_device100-a0.0_frzero,freerider_zero,0.0,1B,Flirds(proxy),FedDQC,det,3,,,,,0.13966678482807515,444.28622780391015
June,02_device100_sweep,1B_device100-a0.0_frzero,freerider_zero,0.0,1B,Flirds(proxy),FedIF,val,3,0.7347873796660905,0.6801667526226539,0.783911190764114,0.7509814874207644,0.989129150419473,57.17239361186512
June,02_device100_sweep,1B_device100-a0.0_frzero,freerider_zero,0.0,1B,Flirds(proxy),Flirds,val,3,,,,,1.0,160.88065743492916
June,02_device100_sweep,1B_device100-a0.0_frzero,freerider_zero,0.0,1B,Flirds(proxy),Flirds1st,val,3,0.9999202277921988,0.9999185999185999,0.9999234835393965,0.9999937467697692,1.0,54.98257291293703
June,02_device100_sweep,1B_device100-a0.0_frzero,freerider_zero,0.0,1B,Flirds(proxy),STD-DAGMM,det,3,,,,,0.8697073535783213,287.61140373698436
June,02_device100_sweep,1B_device100-a0.0_frzero,freerider_zero,0.0,1B,Flirds(proxy),loss-heur,val,3,0.9998834615456861,0.9997964984390817,0.9999559081454481,0.9999932408905932,1.0,479.0028622150421
June,02_device100_sweep,1B_device100-a0.0_noisy,noisy,0.0,1B,Flirds(proxy),ComFedSV,val,3,0.01666650168510489,-0.09561855670103094,0.172924579489962,-0.039607968462854214,0.4420103194296742,359.33920231694356
June,02_device100_sweep,1B_device100-a0.0_noisy,noisy,0.0,1B,Flirds(proxy),FLDetector,det,3,,,,,0.5349442672023317,216.85150263179094
June,02_device100_sweep,1B_device100-a0.0_noisy,noisy,0.0,1B,Flirds(proxy),FLTrust,det,3,,,,,1.0,57.566697790054604
June,02_device100_sweep,1B_device100-a0.0_noisy,noisy,0.0,1B,Flirds(proxy),FedDQC,det,3,,,,,0.9597069597069597,457.95252285618335
June,02_device100_sweep,1B_device100-a0.0_noisy,noisy,0.0,1B,Flirds(proxy),FedIF,val,3,0.6605966772728084,0.6150668640263864,0.7134549938901947,0.7035719014689944,0.9729055890346213,54.992275808006525
June,02_device100_sweep,1B_device100-a0.0_noisy,noisy,0.0,1B,Flirds(proxy),Flirds,val,3,,,,,0.7736342510536058,158.50911624520086
June,02_device100_sweep,1B_device100-a0.0_noisy,noisy,0.0,1B,Flirds(proxy),Flirds1st,val,3,0.9998811713310589,0.9998469865922,0.9999457406402604,0.9999933650802874,0.7721690495884044,54.289497340796515
June,02_device100_sweep,1B_device100-a0.0_noisy,noisy,0.0,1B,Flirds(proxy),STD-DAGMM,det,3,,,,,0.8559691204852494,267.18671709112823
June,02_device100_sweep,1B_device100-a0.0_noisy,noisy,0.0,1B,Flirds(proxy),loss-heur,val,3,0.9998770335330175,0.9998575682376493,0.9998914805674948,0.9999921571735894,0.7721690495884044,479.9437759988941
June,02_device100_sweep,1B_device100-a0.1_frrand,freerider_random,0.1,1B,Flirds(proxy),ComFedSV,val,3,0.014206411284157195,-0.22274823657080844,0.14173901247965273,-0.003213191846850418,0.4308401276143212,357.8101995950565
June,02_device100_sweep,1B_device100-a0.1_frrand,freerider_random,0.1,1B,Flirds(proxy),FLDetector,det,3,,,,,0.5721020914569301,373.7440983511042
June,02_device100_sweep,1B_device100-a0.1_frrand,freerider_random,0.1,1B,Flirds(proxy),FLTrust,det,3,,,,,1.0,56.06027365103364
June,02_device100_sweep,1B_device100-a0.1_frrand,freerider_random,0.1,1B,Flirds(proxy),FedDQC,det,3,,,,,0.5316318090511639,453.78488870617
June,02_device100_sweep,1B_device100-a0.1_frrand,freerider_random,0.1,1B,Flirds(proxy),FedIF,val,3,0.8183159234253673,0.805051752637028,0.8302145432901636,0.824454080606626,0.9858560794044665,55.143580625997856
June,02_device100_sweep,1B_device100-a0.1_frrand,freerider_random,0.1,1B,Flirds(proxy),Flirds,val,3,,,,,1.0,158.95994725613855
June,02_device100_sweep,1B_device100-a0.1_frrand,freerider_random,0.1,1B,Flirds(proxy),Flirds1st,val,3,0.9999377823771282,0.9999186109603907,0.9999489955307332,0.9999947947138418,1.0,53.24444530787878
June,02_device100_sweep,1B_device100-a0.1_frrand,freerider_random,0.1,1B,Flirds(proxy),STD-DAGMM,det,3,,,,,0.5081334436173146,619.3188137530815
June,02_device100_sweep,1B_device100-a0.1_frrand,freerider_random,0.1,1B,Flirds(proxy),loss-heur,val,3,0.9997498827289014,0.9997388759514756,0.9997626121729933,0.9999932294469521,1.0,481.2890798219014
June,02_device100_sweep,1B_device100-a0.1_frzero,freerider_zero,0.1,1B,Flirds(proxy),ComFedSV,val,3,0.012434876193470104,-0.22691446840505108,0.14378349080080924,-0.005534229803813434,0.42798849895624097,358.81079144310206
June,02_device100_sweep,1B_device100-a0.1_frzero,freerider_zero,0.1,1B,Flirds(proxy),FLDetector,det,3,,,,,0.53121824412147,216.00749340909533
June,02_device100_sweep,1B_device100-a0.1_frzero,freerider_zero,0.1,1B,Flirds(proxy),FLTrust,det,3,,,,,1.0,58.3726433198899
June,02_device100_sweep,1B_device100-a0.1_frzero,freerider_zero,0.1,1B,Flirds(proxy),FedDQC,det,3,,,,,0.5316318090511639,459.25052766804583
June,02_device100_sweep,1B_device100-a0.1_frzero,freerider_zero,0.1,1B,Flirds(proxy),FedIF,val,3,0.8169403670681262,0.8048625799021206,0.8252367935336276,0.8210288019842585,0.9909606522509748,56.04745427612215
June,02_device100_sweep,1B_device100-a0.1_frzero,freerider_zero,0.1,1B,Flirds(proxy),Flirds,val,3,,,,,1.0,158.97798446705565
June,02_device100_sweep,1B_device100-a0.1_frzero,freerider_zero,0.1,1B,Flirds(proxy),Flirds1st,val,3,0.9999287296211548,0.9998914665581333,0.9999489890262644,0.9999954314730345,1.0,54.49029578012414
June,02_device100_sweep,1B_device100-a0.1_frzero,freerider_zero,0.1,1B,Flirds(proxy),STD-DAGMM,det,3,,,,,0.9565166016778921,710.0179983680137
June,02_device100_sweep,1B_device100-a0.1_frzero,freerider_zero,0.1,1B,Flirds(proxy),loss-heur,val,3,0.9998883223532138,0.9998575489142595,0.9999253827755678,0.9999938676243842,1.0,478.57311661192216
June,02_device100_sweep,1B_device100-a0.1_noisy,noisy,0.1,1B,Flirds(proxy),ComFedSV,val,3,0.026332701481914706,-0.2078540423223006,0.1938008681497558,0.0045926807045985245,0.43239985820630983,358.6638986840844
June,02_device100_sweep,1B_device100-a0.1_noisy,noisy,0.1,1B,Flirds(proxy),FLDetector,det,3,,,,,0.5254204576785222,200.7665702670347
June,02_device100_sweep,1B_device100-a0.1_noisy,noisy,0.1,1B,Flirds(proxy),FLTrust,det,3,,,,,0.7195320808224034,57.83193216891959
June,02_device100_sweep,1B_device100-a0.1_noisy,noisy,0.1,1B,Flirds(proxy),FedDQC,det,3,,,,,1.0,454.35354934004135
June,02_device100_sweep,1B_device100-a0.1_noisy,noisy,0.1,1B,Flirds(proxy),FedIF,val,3,0.7103244651321674,0.6979455633341857,0.7347269615492791,0.7586163034295356,0.692567647406357,55.85898897307925
June,02_device100_sweep,1B_device100-a0.1_noisy,noisy,0.1,1B,Flirds(proxy),Flirds,val,3,,,,,0.6045216432313206,159.55937736597843
June,02_device100_sweep,1B_device100-a0.1_noisy,noisy,0.1,1B,Flirds(proxy),Flirds1st,val,3,0.9999258449824296,0.9998724888268332,0.9999593054801953,0.9999938774150664,0.6059553349875931,52.84322839486413
June,02_device100_sweep,1B_device100-a0.1_noisy,noisy,0.1,1B,Flirds(proxy),STD-DAGMM,det,3,,,,,0.6586868328803813,264.39448605198413
June,02_device100_sweep,1B_device100-a0.1_noisy,noisy,0.1,1B,Flirds(proxy),loss-heur,val,3,0.999907961453612,0.9998629250569614,0.9999355664065342,0.9999924059137156,0.60740478159833,478.8912763770204
June,02_device100_sweep,1B_device100-a5.0_frrand,freerider_random,5.0,1B,Flirds(proxy),ComFedSV,val,3,-0.047826723053449656,-0.18852414541508408,0.09460119370591427,-0.040295162931351165,0.38556855331048884,359.4261720289942
June,02_device100_sweep,1B_device100-a5.0_frrand,freerider_random,5.0,1B,Flirds(proxy),FLDetector,det,3,,,,,0.6144196305486628,217.50792763289064
June,02_device100_sweep,1B_device100-a5.0_frrand,freerider_random,5.0,1B,Flirds(proxy),FLTrust,det,3,,,,,1.0,57.55339444288984
June,02_device100_sweep,1B_device100-a5.0_frrand,freerider_random,5.0,1B,Flirds(proxy),FedDQC,det,3,,,,,0.5425735554767813,447.25033080694266
June,02_device100_sweep,1B_device100-a5.0_frrand,freerider_random,5.0,1B,Flirds(proxy),FedIF,val,3,0.7711447816968299,0.7493810836201368,0.8053327569717514,0.7732090690369963,0.9865729252826027,57.16268519987352
June,02_device100_sweep,1B_device100-a5.0_frrand,freerider_random,5.0,1B,Flirds(proxy),Flirds,val,3,,,,,1.0,159.25259860302322
June,02_device100_sweep,1B_device100-a5.0_frrand,freerider_random,5.0,1B,Flirds(proxy),Flirds1st,val,3,0.9999598479619407,0.9999457406402604,0.9999744977653665,0.9999965075992302,1.0,53.869134850101545
June,02_device100_sweep,1B_device100-a5.0_frrand,freerider_random,5.0,1B,Flirds(proxy),STD-DAGMM,det,3,,,,,0.7333963527511914,534.3745578310918
June,02_device100_sweep,1B_device100-a5.0_frrand,freerider_random,5.0,1B,Flirds(proxy),loss-heur,val,3,0.9998400921713686,0.9997592232803802,0.9999713096557676,0.9999949778803745,1.0,478.3808545181528
June,02_device100_sweep,1B_device100-a5.0_frzero,freerider_zero,5.0,1B,Flirds(proxy),ComFedSV,val,3,-0.04855946697034328,-0.1971376250889103,0.10115987271456124,-0.03989376195382342,0.3891527827011698,359.36588713899255
June,02_device100_sweep,1B_device100-a5.0_frzero,freerider_zero,5.0,1B,Flirds(proxy),FLDetector,det,3,,,,,0.5429241009886171,381.4981628630776
June,02_device100_sweep,1B_device100-a5.0_frzero,freerider_zero,5.0,1B,Flirds(proxy),FLTrust,det,3,,,,,1.0,57.50986315798946
June,02_device100_sweep,1B_device100-a5.0_frzero,freerider_zero,5.0,1B,Flirds(proxy),FedDQC,det,3,,,,,0.5425735554767813,444.5573148999829
June,02_device100_sweep,1B_device100-a5.0_frzero,freerider_zero,5.0,1B,Flirds(proxy),FedIF,val,3,0.7702984482777221,0.7525573192239859,0.799317549404288,0.7703978541963111,0.9945842687778171,56.16369834798388
June,02_device100_sweep,1B_device100-a5.0_frzero,freerider_zero,5.0,1B,Flirds(proxy),Flirds,val,3,,,,,1.0,160.34805186884478
June,02_device100_sweep,1B_device100-a5.0_frzero,freerider_zero,5.0,1B,Flirds(proxy),Flirds1st,val,3,0.9999558629816215,0.9999321665988333,0.9999864333197667,0.999996653586356,1.0,54.906330219935626
June,02_device100_sweep,1B_device100-a5.0_frzero,freerider_zero,5.0,1B,Flirds(proxy),STD-DAGMM,det,3,,,,,0.8581669226830516,355.2148402419407
June,02_device100_sweep,1B_device100-a5.0_frzero,freerider_zero,5.0,1B,Flirds(proxy),loss-heur,val,3,0.9999125847456005,0.9999107307959626,0.9999152079667063,0.9999937238920634,1.0,479.5139766559005
June,02_device100_sweep,1B_device100-a5.0_noisy,noisy,5.0,1B,Flirds(proxy),ComFedSV,val,3,-0.02400310590373376,-0.18037167661421596,0.1464053174172545,-0.0016292950375878061,0.3963527511914609,358.44017307297327
June,02_device100_sweep,1B_device100-a5.0_noisy,noisy,5.0,1B,Flirds(proxy),FLDetector,det,3,,,,,0.5320138642719288,209.9352855719626
June,02_device100_sweep,1B_device100-a5.0_noisy,noisy,5.0,1B,Flirds(proxy),FLTrust,det,3,,,,,0.9942652329749104,57.75889015989378
June,02_device100_sweep,1B_device100-a5.0_noisy,noisy,5.0,1B,Flirds(proxy),FedDQC,det,3,,,,,1.0,449.7068106010556
June,02_device100_sweep,1B_device100-a5.0_noisy,noisy,5.0,1B,Flirds(proxy),FedIF,val,3,0.6381593255484405,0.6335680083058259,0.6466185323056461,0.6611721955412525,0.9725865532317144,54.68331636302173
June,02_device100_sweep,1B_device100-a5.0_noisy,noisy,5.0,1B,Flirds(proxy),Flirds,val,3,,,,,0.5958092087124345,157.83394556189887
June,02_device100_sweep,1B_device100-a5.0_noisy,noisy,5.0,1B,Flirds(proxy),Flirds1st,val,3,0.9999295528731231,0.999891481280521,0.999986435160065,0.9999956820673103,0.5965418094450352,52.871915084077045
June,02_device100_sweep,1B_device100-a5.0_noisy,noisy,5.0,1B,Flirds(proxy),STD-DAGMM,det,3,,,,,0.7597542242703533,278.13310949504375
June,02_device100_sweep,1B_device100-a5.0_noisy,noisy,5.0,1B,Flirds(proxy),loss-heur,val,3,0.999909883108225,0.9998788636335012,0.9999423492405208,0.9999934598815728,0.5968923549568711,478.935688637197
June,03_device100_poison,1B_device100-a0.0_poison,poison,0.0,1B,Flirds(proxy),ComFedSV,val,3,0.10389838983898388,0.028118811881188113,0.14882688268826882,0.21591142357350276,0.7777777777777778,748.7737124878913
June,03_device100_poison,1B_device100-a0.0_poison,poison,0.0,1B,Flirds(proxy),FLDetector,det,3,,,,,0.9865319865319865,636.9696127721108
June,03_device100_poison,1B_device100-a0.0_poison,poison,0.0,1B,Flirds(proxy),FLTrust,det,3,,,,,0.6498316498316498,116.91372293699533
June,03_device100_poison,1B_device100-a0.0_poison,poison,0.0,1B,Flirds(proxy),FedDQC,det,3,,,,,1.0,440.88360619102605
June,03_device100_poison,1B_device100-a0.0_poison,poison,0.0,1B,Flirds(proxy),FedIF,val,3,0.6203220322032202,0.33911791179117906,0.8142214221422142,0.07617127334720773,0.5420875420875421,114.63640127913095
June,03_device100_poison,1B_device100-a0.0_poison,poison,0.0,1B,Flirds(proxy),Flirds,val,3,,,,,1.0,322.5453315060586
June,03_device100_poison,1B_device100-a0.0_poison,poison,0.0,1B,Flirds(proxy),Flirds1st,val,3,0.9968876887688767,0.9945514551455145,0.9983318331833182,0.7617300000404211,1.0,110.9125744921621
June,03_device100_poison,1B_device100-a0.0_poison,poison,0.0,1B,Flirds(proxy),STD-DAGMM,det,3,,,,,1.0,399.099755828036
June,03_device100_poison,1B_device100-a0.0_poison,poison,0.0,1B,Flirds(proxy),loss-heur,val,3,0.9971707118851465,0.9948124656884431,0.9986558655865586,0.9980646449270075,1.0,974.6122534740716
June,03_device100_poison,1B_device100-a0.5_poison,poison,0.5,1B,Flirds(proxy),ComFedSV,val,3,0.024518451845184513,-0.11213921392139213,0.11071107110711069,0.19534248956705821,0.7272727272727272,750.9917354958598
June,03_device100_poison,1B_device100-a0.5_poison,poison,0.5,1B,Flirds(proxy),FLDetector,det,3,,,,,0.9831649831649831,607.9391175881028
June,03_device100_poison,1B_device100-a0.5_poison,poison,0.5,1B,Flirds(proxy),FLTrust,det,3,,,,,0.4983164983164983,113.44541936600581
June,03_device100_poison,1B_device100-a0.5_poison,poison,0.5,1B,Flirds(proxy),FedDQC,det,3,,,,,1.0,452.10009755403735
June,03_device100_poison,1B_device100-a0.5_poison,poison,0.5,1B,Flirds(proxy),FedIF,val,3,0.43900298681622774,0.3423342334233423,0.5086441239650351,0.02850432041225355,0.4579124579124579,113.7753835991025
June,03_device100_poison,1B_device100-a0.5_poison,poison,0.5,1B,Flirds(proxy),Flirds,val,3,,,,,1.0,321.13289380585775
June,03_device100_poison,1B_device100-a0.5_poison,poison,0.5,1B,Flirds(proxy),Flirds1st,val,3,0.9795499549954995,0.9404860486048604,0.999171917191719,0.43375386079706946,0.67003367003367,110.65946971182711
June,03_device100_poison,1B_device100-a0.5_poison,poison,0.5,1B,Flirds(proxy),STD-DAGMM,det,3,,,,,0.9831649831649831,655.3741285197902
June,03_device100_poison,1B_device100-a0.5_poison,poison,0.5,1B,Flirds(proxy),loss-heur,val,3,0.9991309124776834,0.9986918691869185,0.9993849366529727,0.9973170742601343,1.0,974.6096723759547
June,04_device100_anchor,1B_device100-a0.5_frrand_anchor,freerider_random,0.5,1B,(b)perround,(b)oracle,val,3,,,,,1.0,25596.10094037489
June,04_device100_anchor,1B_device100-a0.5_frrand_anchor,freerider_random,0.5,1B,(b)perround,ComFedSV,val,3,-0.050752352273552175,-0.24239012479652738,0.13160607704829083,-0.06632587982426687,0.3828114537791958,359.27285955194384
June,04_device100_anchor,1B_device100-a0.5_frrand_anchor,freerider_random,0.5,1B,(b)perround,FLDetector,det,3,,,,,0.6168143684272717,225.403466419084
June,04_device100_anchor,1B_device100-a0.5_frrand_anchor,freerider_random,0.5,1B,(b)perround,FLTrust,det,3,,,,,1.0,55.5413390500471
June,04_device100_anchor,1B_device100-a0.5_frrand_anchor,freerider_random,0.5,1B,(b)perround,FedDQC,det,3,,,,,0.5733821733821735,446.47170606115833
June,04_device100_anchor,1B_device100-a0.5_frrand_anchor,freerider_random,0.5,1B,(b)perround,FedIF,val,3,0.8269315247601402,0.7993325582004316,0.853256399907686,0.8152525803057191,0.9807278742762614,56.458629958797246
June,04_device100_anchor,1B_device100-a0.5_frrand_anchor,freerider_random,0.5,1B,(b)perround,FedSV,val,3,0.7952871395027041,0.7692892023874118,0.8183220804723014,0.866224281791447,1.0,5049.005183918169
June,04_device100_anchor,1B_device100-a0.5_frrand_anchor,freerider_random,0.5,1B,(b)perround,Flirds,val,3,0.9999157167923154,0.999877916440586,0.9999457406402604,0.99999987396678,1.0,160.66998733300716
June,04_device100_anchor,1B_device100-a0.5_frrand_anchor,freerider_random,0.5,1B,(b)perround,Flirds1st,val,3,0.9998981728208144,0.999864351600651,0.9999321758003256,0.9999969232083007,1.0,55.29528907802887
June,04_device100_anchor,1B_device100-a0.5_frrand_anchor,freerider_random,0.5,1B,(b)perround,GTG,val,3,0.8167632843433168,0.7890803038524146,0.8432632659436782,0.8937973482873508,1.0,16476.230310520856
June,04_device100_anchor,1B_device100-a0.5_frrand_anchor,freerider_random,0.5,1B,(b)perround,STD-DAGMM,det,3,,,,,0.5877112135176651,306.6671576569788
June,04_device100_anchor,1B_device100-a0.5_frrand_anchor,freerider_random,0.5,1B,(b)perround,ShapleyFL,val,3,0.6852260734032075,0.6439830709240945,0.7618455585117437,0.6844573015957147,0.9761786600496278,25521.33009058796
June,04_device100_anchor,1B_device100-a0.5_frrand_anchor,freerider_random,0.5,1B,(b)perround,loss-heur,val,3,0.9999305017850766,0.9998661124348883,0.9999660876931553,0.9999947691017989,1.0,480.33261736202985
June,04_device100_anchor,1B_device100-a0.5_frzero_anchor,freerider_zero,0.5,1B,(b)perround,(b)oracle,val,3,,,,,1.0,25613.1331682459
June,04_device100_anchor,1B_device100-a0.5_frzero_anchor,freerider_zero,0.5,1B,(b)perround,ComFedSV,val,3,-0.05069353228379717,-0.2271722178460564,0.12161703887435181,-0.06966879664154572,0.3667257473709087,359.0051855270285
June,04_device100_anchor,1B_device100-a0.5_frzero_anchor,freerider_zero,0.5,1B,(b)perround,FLDetector,det,3,,,,,0.540135491748395,217.33956611016765
June,04_device100_anchor,1B_device100-a0.5_frzero_anchor,freerider_zero,0.5,1B,(b)perround,FLTrust,det,3,,,,,1.0,55.62967731920071
June,04_device100_anchor,1B_device100-a0.5_frzero_anchor,freerider_zero,0.5,1B,(b)perround,FedDQC,det,3,,,,,0.5733821733821735,448.4083215619903
June,04_device100_anchor,1B_device100-a0.5_frzero_anchor,freerider_zero,0.5,1B,(b)perround,FedIF,val,3,0.8244311522388165,0.8078154755501095,0.8478531275716524,0.8083826308068778,0.9872582614518098,55.27666077297181
June,04_device100_anchor,1B_device100-a0.5_frzero_anchor,freerider_zero,0.5,1B,(b)perround,FedSV,val,3,0.8142482393998435,0.7894187089990274,0.8306033592715772,0.8612156468516918,1.0,5060.666295273928
June,04_device100_anchor,1B_device100-a0.5_frzero_anchor,freerider_zero,0.5,1B,(b)perround,Flirds,val,3,0.9999957490855221,0.9999872472565661,1.0,0.9999999029023064,1.0,161.08434410206974
June,04_device100_anchor,1B_device100-a0.5_frzero_anchor,freerider_zero,0.5,1B,(b)perround,Flirds1st,val,3,0.9999505268180776,0.9999185999185999,0.9999872472565661,0.9999963499543331,1.0,54.91704296786338
June,04_device100_anchor,1B_device100-a0.5_frzero_anchor,freerider_zero,0.5,1B,(b)perround,GTG,val,3,0.8426645553934718,0.8069321052273363,0.8696880257924051,0.8947742752999669,1.0,15597.758686379064
June,04_device100_anchor,1B_device100-a0.5_frzero_anchor,freerider_zero,0.5,1B,(b)perround,STD-DAGMM,det,3,,,,,0.963448737642286,284.44467874406837
June,04_device100_anchor,1B_device100-a0.5_frzero_anchor,freerider_zero,0.5,1B,(b)perround,ShapleyFL,val,3,0.680955959503366,0.6448965194594136,0.750440823917691,0.675611053272173,0.9798022765764701,25565.163280624198
June,04_device100_anchor,1B_device100-a0.5_frzero_anchor,freerider_zero,0.5,1B,(b)perround,loss-heur,val,3,0.9999348344703355,0.9999050332383667,0.9999808707832029,0.9999944106037537,1.0,481.04381842399016
June,04_device100_anchor,1B_device100-a0.5_noisy_anchor,noisy,0.5,1B,(b)perround,(b)oracle,val,3,,,,,0.6039544684705974,25578.61499566678
June,04_device100_anchor,1B_device100-a0.5_noisy_anchor,noisy,0.5,1B,(b)perround,ComFedSV,val,3,-0.02257948839609175,-0.18414270211611503,0.1263564839934889,-0.0444044582453802,0.3711213517665131,359.5433996641077
June,04_device100_anchor,1B_device100-a0.5_noisy_anchor,noisy,0.5,1B,(b)perround,FLDetector,det,3,,,,,0.5393398715979361,219.4654605849646
June,04_device100_anchor,1B_device100-a0.5_noisy_anchor,noisy,0.5,1B,(b)perround,FLTrust,det,3,,,,,0.8544330221749578,55.26877474994399
June,04_device100_anchor,1B_device100-a0.5_noisy_anchor,noisy,0.5,1B,(b)perround,FedDQC,det,3,,,,,1.0,446.33183497795835
June,04_device100_anchor,1B_device100-a0.5_noisy_anchor,noisy,0.5,1B,(b)perround,FedIF,val,3,0.7214309676848999,0.6864585356466628,0.7506997637024068,0.7347643918944299,0.830127220449801,54.86080660810694
June,04_device100_anchor,1B_device100-a0.5_noisy_anchor,noisy,0.5,1B,(b)perround,FedSV,val,3,0.7517214959118688,0.7250271296798697,0.7713374932175799,0.8536830831666705,0.7084170309976762,5053.307806985918
June,04_device100_anchor,1B_device100-a0.5_noisy_anchor,noisy,0.5,1B,(b)perround,Flirds,val,3,0.9999909567733768,0.9999728703201302,1.0,0.999999901443443,0.6039544684705974,160.3535833528731
June,04_device100_anchor,1B_device100-a0.5_noisy_anchor,noisy,0.5,1B,(b)perround,Flirds1st,val,3,0.9999111951790037,0.9998507867607163,0.9999593054801953,0.9999952173507566,0.6046713143487337,54.983385796891525
June,04_device100_anchor,1B_device100-a0.5_noisy_anchor,noisy,0.5,1B,(b)perround,GTG,val,3,0.7838703119650332,0.7639989148128051,0.8125713265624899,0.8915079568418222,0.73353026901414,17946.852047132095
June,04_device100_anchor,1B_device100-a0.5_noisy_anchor,noisy,0.5,1B,(b)perround,STD-DAGMM,det,3,,,,,0.6711016581984324,309.03092072415166
June,04_device100_anchor,1B_device100-a0.5_noisy_anchor,noisy,0.5,1B,(b)perround,ShapleyFL,val,3,0.5819619284885387,0.48414577083620025,0.6673617398764593,0.6053062013693568,0.7620386781677104,25544.97529012803
June,04_device100_anchor,1B_device100-a0.5_noisy_anchor,noisy,0.5,1B,(b)perround,loss-heur,val,3,0.9999058139949701,0.9998745240058013,0.9999321758003256,0.9999940190791525,0.6046713143487337,479.0168053379748
June,05_scale_3b,3B_silo5_frrand,freerider_random,,3B,(b)oracle,(b)oracle,val,1,,,,,1.0,1236.745488292072
June,05_scale_3b,3B_silo5_frrand,freerider_random,,3B,(b)oracle,FLDetector,det,1,,,,,1.0,365.69910921994597
June,05_scale_3b,3B_silo5_frrand,freerider_random,,3B,(b)oracle,FLTrust,det,1,,,,,1.0,83.72058120905422
June,05_scale_3b,3B_silo5_frrand,freerider_random,,3B,(b)oracle,FedDQC,det,1,,,,,0.75,49.632729151053354
June,05_scale_3b,3B_silo5_frrand,freerider_random,,3B,(b)oracle,FedIF,val,1,0.6,0.6,0.6,0.8940500255604358,1.0,83.00802522106096
June,05_scale_3b,3B_silo5_frrand,freerider_random,,3B,(b)oracle,Flirds,val,1,0.9999999999999999,0.9999999999999999,0.9999999999999999,0.999999948619312,1.0,250.43192288908176
June,05_scale_3b,3B_silo5_frrand,freerider_random,,3B,(b)oracle,Flirds1st,val,1,0.9999999999999999,0.9999999999999999,0.9999999999999999,0.9999985594244901,1.0,82.01047292700969
June,05_scale_3b,3B_silo5_frrand,freerider_random,,3B,(b)oracle,STD-DAGMM,det,1,,,,,1.0,744.7845999139827
June,05_scale_3b,3B_silo5_frrand,freerider_random,,3B,(b)oracle,loss-heur,val,1,0.9999999999999999,0.9999999999999999,0.9999999999999999,0.9999980217459341,1.0,384.8910435840953
June,05_scale_3b,3B_silo5_frzero,freerider_zero,,3B,(b)oracle,(b)oracle,val,1,,,,,1.0,1245.8226473541
June,05_scale_3b,3B_silo5_frzero,freerider_zero,,3B,(b)oracle,FLDetector,det,1,,,,,1.0,132.61248829495162
June,05_scale_3b,3B_silo5_frzero,freerider_zero,,3B,(b)oracle,FLTrust,det,1,,,,,1.0,83.42068984080106
June,05_scale_3b,3B_silo5_frzero,freerider_zero,,3B,(b)oracle,FedDQC,det,1,,,,,0.75,48.93289924389683
June,05_scale_3b,3B_silo5_frzero,freerider_zero,,3B,(b)oracle,FedIF,val,1,0.6,0.6,0.6,0.8968559189388002,1.0,82.14854688500054
June,05_scale_3b,3B_silo5_frzero,freerider_zero,,3B,(b)oracle,Flirds,val,1,0.9999999999999999,0.9999999999999999,0.9999999999999999,0.9999999892893132,1.0,250.33601271989755
June,05_scale_3b,3B_silo5_frzero,freerider_zero,,3B,(b)oracle,Flirds1st,val,1,0.9999999999999999,0.9999999999999999,0.9999999999999999,0.9999980774436921,1.0,81.5214181970805
June,05_scale_3b,3B_silo5_frzero,freerider_zero,,3B,(b)oracle,STD-DAGMM,det,1,,,,,0.0,205.77015522494912
June,05_scale_3b,3B_silo5_frzero,freerider_zero,,3B,(b)oracle,loss-heur,val,1,0.9999999999999999,0.9999999999999999,0.9999999999999999,0.9999982993862561,1.0,383.2192419578787
June,05_scale_3b,3B_silo5_noisy,noisy,,3B,(b)oracle,(b)oracle,val,1,,,,,1.0,1243.8080054749735
June,05_scale_3b,3B_silo5_noisy,noisy,,3B,(b)oracle,FLDetector,det,1,,,,,1.0,382.1193515439518
June,05_scale_3b,3B_silo5_noisy,noisy,,3B,(b)oracle,FLTrust,det,1,,,,,1.0,86.73119876300916
June,05_scale_3b,3B_silo5_noisy,noisy,,3B,(b)oracle,FedDQC,det,1,,,,,1.0,49.406347018200904
June,05_scale_3b,3B_silo5_noisy,noisy,,3B,(b)oracle,FedIF,val,1,0.6,0.6,0.6,0.8237865885423944,1.0,82.3597171260044
June,05_scale_3b,3B_silo5_noisy,noisy,,3B,(b)oracle,Flirds,val,1,0.9999999999999999,0.9999999999999999,0.9999999999999999,0.9999998715715037,1.0,250.85777077195235
June,05_scale_3b,3B_silo5_noisy,noisy,,3B,(b)oracle,Flirds1st,val,1,0.9999999999999999,0.9999999999999999,0.9999999999999999,0.9999979679003063,1.0,82.10594386514276
June,05_scale_3b,3B_silo5_noisy,noisy,,3B,(b)oracle,STD-DAGMM,det,1,,,,,0.25,683.1142283480149
June,05_scale_3b,3B_silo5_noisy,noisy,,3B,(b)oracle,loss-heur,val,1,0.9999999999999999,0.9999999999999999,0.9999999999999999,0.9999971987246176,1.0,384.3079351200722
June,05_scale_3b,3B_silo5_poison,poison,,3B,(b)oracle,(b)oracle,val,1,,,,,1.0,1370.7726854288485
June,05_scale_3b,3B_silo5_poison,poison,,3B,(b)oracle,FLDetector,det,1,,,,,1.0,145.8129181188997
June,05_scale_3b,3B_silo5_poison,poison,,3B,(b)oracle,FLTrust,det,1,,,,,1.0,91.42961268196814
June,05_scale_3b,3B_silo5_poison,poison,,3B,(b)oracle,FedDQC,det,1,,,,,1.0,46.08075983100571
June,05_scale_3b,3B_silo5_poison,poison,,3B,(b)oracle,FedIF,val,1,0.6,0.6,0.6,0.9127103931894655,1.0,91.57734910515137
June,05_scale_3b,3B_silo5_poison,poison,,3B,(b)oracle,Flirds,val,1,0.0,0.0,0.0,-0.8932017439195956,0.0,276.61319599091075
June,05_scale_3b,3B_silo5_poison,poison,,3B,(b)oracle,Flirds1st,val,1,0.0,0.0,0.0,-0.9340039367335184,0.0,90.812044729013
June,05_scale_3b,3B_silo5_poison,poison,,3B,(b)oracle,STD-DAGMM,det,1,,,,,0.75,217.20076596480794
June,05_scale_3b,3B_silo5_poison,poison,,3B,(b)oracle,loss-heur,val,1,0.9999999999999999,0.9999999999999999,0.9999999999999999,0.9994977679972814,1.0,422.65566203999333
