cell,dataset,partition,threat,strength,flip_rate,seed,arm,final_acc,delta_acc,gap,recovery,auroc,rounds_to_target,n_excluded_pairs,false_excl_pairs,excl_precision,excl_clients,false_excl_clients
cifar10_dir1_clean_g_seed0,cifar10,dir1,clean,main,,0,vanilla,0.638875,0.0,,,,72.0,,,,,
cifar10_dir1_clean_g_seed0,cifar10,dir1,clean,main,,0,flirds_gate_v1,0.64475,0.005875000000000075,,,,72.0,428.0,428.0,0.0,97.0,97.0
cifar10_dir1_clean_g_seed0,cifar10,dir1,clean,main,,0,flirds_gate_v2,0.624625,-0.014249999999999985,,,,75.0,4110.0,4110.0,0.0,47.0,47.0
cifar10_dir1_clean_g_seed0,cifar10,dir1,clean,main,,0,flirds_zgate_v2,0.6345,-0.004375000000000018,,,,73.0,,,,,
cifar10_dir1_clean_g_seed0,cifar10,dir1,clean,main,,0,flirds_gatew_v2,0.618875,-0.020000000000000018,,,,71.0,3403.0,3403.0,0.0,42.0,42.0
cifar10_dir1_clean_g_seed0,cifar10,dir1,clean,main,,0,flirds_gatew_v1,0.641875,0.0030000000000000027,,,,72.0,324.0,324.0,0.0,89.0,89.0
cifar10_dir1_clean_g_seed0,cifar10,dir1,clean,main,,0,flirds_mult,0.643375,0.0045000000000000595,,,,72.0,,,,,
cifar10_dir1_clean_g_seed1,cifar10,dir1,clean,main,,1,vanilla,0.633625,0.0,,,,74.0,,,,,
cifar10_dir1_clean_g_seed1,cifar10,dir1,clean,main,,1,flirds_gate_v1,0.638375,0.004750000000000032,,,,74.0,437.0,437.0,0.0,97.0,97.0
cifar10_dir1_clean_g_seed1,cifar10,dir1,clean,main,,1,flirds_gate_v2,0.639375,0.005750000000000033,,,,73.0,3152.0,3152.0,0.0,39.0,39.0
cifar10_dir1_clean_g_seed1,cifar10,dir1,clean,main,,1,flirds_zgate_v2,0.642375,0.008750000000000036,,,,73.0,,,,,
cifar10_dir1_clean_g_seed1,cifar10,dir1,clean,main,,1,flirds_gatew_v2,0.623625,-0.010000000000000009,,,,75.0,2860.0,2860.0,0.0,39.0,39.0
cifar10_dir1_clean_g_seed1,cifar10,dir1,clean,main,,1,flirds_gatew_v1,0.632125,-0.0014999999999999458,,,,74.0,325.0,325.0,0.0,93.0,93.0
cifar10_dir1_clean_g_seed1,cifar10,dir1,clean,main,,1,flirds_mult,0.639375,0.005750000000000033,,,,72.0,,,,,
cifar10_dir1_clean_g_seed2,cifar10,dir1,clean,main,,2,vanilla,0.644125,0.0,,,,71.0,,,,,
cifar10_dir1_clean_g_seed2,cifar10,dir1,clean,main,,2,flirds_gate_v1,0.623875,-0.02024999999999999,,,,73.0,454.0,454.0,0.0,97.0,97.0
cifar10_dir1_clean_g_seed2,cifar10,dir1,clean,main,,2,flirds_gate_v2,0.6305,-0.013624999999999998,,,,74.0,4162.0,4162.0,0.0,45.0,45.0
cifar10_dir1_clean_g_seed2,cifar10,dir1,clean,main,,2,flirds_zgate_v2,0.625375,-0.018749999999999933,,,,71.0,,,,,
cifar10_dir1_clean_g_seed2,cifar10,dir1,clean,main,,2,flirds_gatew_v2,0.613875,-0.03025,,,,82.0,3393.0,3393.0,0.0,44.0,44.0
cifar10_dir1_clean_g_seed2,cifar10,dir1,clean,main,,2,flirds_gatew_v1,0.585375,-0.05874999999999997,,,,82.0,323.0,323.0,0.0,94.0,94.0
cifar10_dir1_clean_g_seed2,cifar10,dir1,clean,main,,2,flirds_mult,0.644875,0.0007500000000000284,,,,71.0,,,,,
cifar10_dir1_free-rider_g_seed0,cifar10,dir1,free_rider,main,,0,vanilla,0.58675,0.0,0.033625000000000016,0.0,,,,,,,
cifar10_dir1_free-rider_g_seed0,cifar10,dir1,free_rider,main,,0,oracle_excl,0.620375,0.033625000000000016,0.033625000000000016,1.0,,75.0,,,,,
cifar10_dir1_free-rider_g_seed0,cifar10,dir1,free_rider,main,,0,random_excl,0.593,0.006249999999999978,0.033625000000000016,0.18587360594795463,,,,,,,
cifar10_dir1_free-rider_g_seed0,cifar10,dir1,free_rider,main,,0,flirds_gate_v1,0.617375,0.030625000000000013,0.033625000000000016,0.9107806691449813,0.9833333333333333,86.0,637.0,157.0,0.7535321821036107,94.0,54.0
cifar10_dir1_free-rider_g_seed0,cifar10,dir1,free_rider,main,,0,flirds_gate_v2,0.614625,0.027874999999999983,0.033625000000000016,0.8289962825278802,0.7833333333333333,84.0,5341.0,1220.0,0.7715783561130874,53.0,13.0
cifar10_dir1_free-rider_g_seed0,cifar10,dir1,free_rider,main,,0,flirds_zgate_v2,0.58175,-0.0050000000000000044,0.033625000000000016,-0.14869888475836437,0.5166666666666666,,,,,,
cifar10_dir1_free-rider_g_seed0,cifar10,dir1,free_rider,main,,0,flirds_gatew_v2,0.611375,0.024625000000000008,0.033625000000000016,0.7323420074349442,0.7,90.0,5562.0,1426.0,0.7436174038115786,60.0,20.0
cifar10_dir1_free-rider_g_seed0,cifar10,dir1,free_rider,main,,0,flirds_gatew_v1,0.624375,0.03762500000000002,0.033625000000000016,1.1189591078066914,1.0,86.0,580.0,100.0,0.8275862068965517,85.0,45.0
cifar10_dir1_free-rider_g_seed0,cifar10,dir1,free_rider,main,,0,flirds_mult,0.598,0.011249999999999982,0.033625000000000016,0.334572490706319,0.35708333333333336,,,,,,
cifar10_dir1_free-rider_g_seed1,cifar10,dir1,free_rider,main,,1,vanilla,0.59125,0.0,0.026249999999999996,0.0,,,,,,,
cifar10_dir1_free-rider_g_seed1,cifar10,dir1,free_rider,main,,1,oracle_excl,0.6175,0.026249999999999996,0.026249999999999996,1.0,,79.0,,,,,
cifar10_dir1_free-rider_g_seed1,cifar10,dir1,free_rider,main,,1,random_excl,0.597875,0.006624999999999992,0.026249999999999996,0.2523809523809521,,,,,,,
cifar10_dir1_free-rider_g_seed1,cifar10,dir1,free_rider,main,,1,flirds_gate_v1,0.613125,0.021874999999999978,0.026249999999999996,0.8333333333333326,0.9666666666666667,91.0,638.0,159.0,0.7507836990595611,90.0,50.0
cifar10_dir1_free-rider_g_seed1,cifar10,dir1,free_rider,main,,1,flirds_gate_v2,0.615,0.023749999999999938,0.026249999999999996,0.9047619047619025,0.6666666666666667,89.0,5658.0,1619.0,0.7138564863909509,61.0,21.0
cifar10_dir1_free-rider_g_seed1,cifar10,dir1,free_rider,main,,1,flirds_zgate_v2,0.58275,-0.008500000000000063,0.026249999999999996,-0.32380952380952627,0.6166666666666667,,,,,,
cifar10_dir1_free-rider_g_seed1,cifar10,dir1,free_rider,main,,1,flirds_gatew_v2,0.614625,0.023374999999999924,0.026249999999999996,0.8904761904761878,0.6833333333333333,76.0,5277.0,1264.0,0.7604699639946939,60.0,20.0
cifar10_dir1_free-rider_g_seed1,cifar10,dir1,free_rider,main,,1,flirds_gatew_v1,0.6145,0.023249999999999993,0.026249999999999996,0.8857142857142856,0.9666666666666667,88.0,596.0,117.0,0.8036912751677853,81.0,41.0
cifar10_dir1_free-rider_g_seed1,cifar10,dir1,free_rider,main,,1,flirds_mult,0.599375,0.008124999999999938,0.026249999999999996,0.3095238095238072,0.43125,,,,,,
cifar10_dir1_free-rider_g_seed2,cifar10,dir1,free_rider,main,,2,vanilla,0.58575,0.0,0.03737500000000005,0.0,,,,,,,
cifar10_dir1_free-rider_g_seed2,cifar10,dir1,free_rider,main,,2,oracle_excl,0.623125,0.03737500000000005,0.03737500000000005,1.0,,81.0,,,,,
cifar10_dir1_free-rider_g_seed2,cifar10,dir1,free_rider,main,,2,random_excl,0.560625,-0.025124999999999953,0.03737500000000005,-0.6722408026755832,,,,,,,
cifar10_dir1_free-rider_g_seed2,cifar10,dir1,free_rider,main,,2,flirds_gate_v1,0.60125,0.015499999999999958,0.03737500000000005,0.4147157190635435,1.0,95.0,644.0,154.0,0.7608695652173914,91.0,51.0
cifar10_dir1_free-rider_g_seed2,cifar10,dir1,free_rider,main,,2,flirds_gate_v2,0.614875,0.029124999999999956,0.03737500000000005,0.7792642140468206,0.6666666666666667,84.0,5775.0,1803.0,0.6877922077922078,61.0,21.0
cifar10_dir1_free-rider_g_seed2,cifar10,dir1,free_rider,main,,2,flirds_zgate_v2,0.5875,0.0017500000000000293,0.03737500000000005,0.04682274247491711,0.5166666666666666,,,,,,
cifar10_dir1_free-rider_g_seed2,cifar10,dir1,free_rider,main,,2,flirds_gatew_v2,0.590875,0.005125000000000046,0.03737500000000005,0.13712374581939907,0.7166666666666667,90.0,5263.0,1310.0,0.7510925327759833,57.0,17.0
cifar10_dir1_free-rider_g_seed2,cifar10,dir1,free_rider,main,,2,flirds_gatew_v1,0.595,0.00924999999999998,0.03737500000000005,0.2474916387959858,1.0,87.0,594.0,104.0,0.8249158249158249,83.0,43.0
cifar10_dir1_free-rider_g_seed2,cifar10,dir1,free_rider,main,,2,flirds_mult,0.59625,0.010499999999999954,0.03737500000000005,0.28093645484949675,0.40249999999999997,112.0,,,,,
cifar10_dir1_frrand_g_seed0,cifar10,dir1,frrand,main,,0,vanilla,0.5865,0.0,0.033625000000000016,0.0,,,,,,,
cifar10_dir1_frrand_g_seed0,cifar10,dir1,frrand,main,,0,oracle_excl,0.620125,0.033625000000000016,0.033625000000000016,1.0,,75.0,,,,,
cifar10_dir1_frrand_g_seed0,cifar10,dir1,frrand,main,,0,random_excl,0.593375,0.0068749999999999645,0.033625000000000016,0.20446096654274978,,115.0,,,,,
cifar10_dir1_frrand_g_seed0,cifar10,dir1,frrand,main,,0,flirds_gate_v1,0.599875,0.013375000000000026,0.033625000000000016,0.3977695167286251,0.8995833333333333,,512.0,267.0,0.478515625,98.0,59.0
cifar10_dir1_frrand_g_seed0,cifar10,dir1,frrand,main,,0,flirds_gate_v2,0.580625,-0.005875000000000075,0.033625000000000016,-0.1747211895910802,0.5095833333333333,,5232.0,2514.0,0.5194954128440367,63.0,30.0
cifar10_dir1_frrand_g_seed0,cifar10,dir1,frrand,main,,0,flirds_zgate_v2,0.590875,0.004375000000000018,0.033625000000000016,0.13011152416356925,0.5858333333333332,,,,,,
cifar10_dir1_frrand_g_seed0,cifar10,dir1,frrand,main,,0,flirds_gatew_v2,0.610875,0.024374999999999925,0.033625000000000016,0.7249070631970235,0.85,93.0,3664.0,886.0,0.7581877729257642,44.0,10.0
cifar10_dir1_frrand_g_seed0,cifar10,dir1,frrand,main,,0,flirds_gatew_v1,0.625375,0.03887499999999999,0.033625000000000016,1.1561338289962817,1.0,86.0,352.0,99.0,0.71875,83.0,44.0
cifar10_dir1_frrand_g_seed0,cifar10,dir1,frrand,main,,0,flirds_mult,0.597125,0.010624999999999996,0.033625000000000016,0.3159851301115239,0.35666666666666663,,,,,,
cifar10_dir1_grad-noise_g_seed0,cifar10,dir1,grad_noise,main,,0,vanilla,0.26575,0.0,0.354625,0.0,,,,,,,
cifar10_dir1_grad-noise_g_seed0,cifar10,dir1,grad_noise,main,,0,oracle_excl,0.620375,0.354625,0.354625,1.0,,75.0,,,,,
cifar10_dir1_grad-noise_g_seed0,cifar10,dir1,grad_noise,main,,0,random_excl,0.241125,-0.02462499999999998,0.354625,-0.06943954881917512,,,,,,,
cifar10_dir1_grad-noise_g_seed0,cifar10,dir1,grad_noise,main,,0,flirds_gate_v1,0.572375,0.306625,0.354625,0.8646457525555162,0.9987499999999999,,658.0,203.0,0.6914893617021277,99.0,59.0
cifar10_dir1_grad-noise_g_seed0,cifar10,dir1,grad_noise,main,,0,flirds_gate_v2,0.537,0.27125000000000005,0.354625,0.7648924920690872,0.9891666666666666,,5288.0,1243.0,0.7649394856278366,56.0,16.0
cifar10_dir1_grad-noise_g_seed0,cifar10,dir1,grad_noise,main,,0,flirds_zgate_v2,0.378875,0.11312500000000003,0.354625,0.31899894254494193,0.9966666666666666,,,,,,
cifar10_dir1_grad-noise_g_seed0,cifar10,dir1,grad_noise,main,,0,flirds_gatew_v2,0.57825,0.31250000000000006,0.354625,0.8812125484666903,0.97875,,5774.0,1651.0,0.7140630412192588,65.0,25.0
cifar10_dir1_grad-noise_g_seed0,cifar10,dir1,grad_noise,main,,0,flirds_gatew_v1,0.544875,0.279125,0.354625,0.7870990482904476,0.9995833333333333,,634.0,172.0,0.7287066246056783,97.0,57.0
cifar10_dir1_grad-noise_g_seed0,cifar10,dir1,grad_noise,main,,0,flirds_mult,0.462875,0.197125,0.354625,0.5558688755727881,0.9924999999999999,,,,,,
cifar10_dir1_grad-noise_g_seed1,cifar10,dir1,grad_noise,main,,1,vanilla,0.221375,0.0,0.39612500000000006,0.0,,,,,,,
cifar10_dir1_grad-noise_g_seed1,cifar10,dir1,grad_noise,main,,1,oracle_excl,0.6175,0.39612500000000006,0.39612500000000006,1.0,,79.0,,,,,
cifar10_dir1_grad-noise_g_seed1,cifar10,dir1,grad_noise,main,,1,random_excl,0.281875,0.0605,0.39612500000000006,0.15272956768696747,,,,,,,
cifar10_dir1_grad-noise_g_seed1,cifar10,dir1,grad_noise,main,,1,flirds_gate_v1,0.512875,0.2915,0.39612500000000006,0.735878826128116,0.9995833333333333,,652.0,194.0,0.7024539877300614,94.0,54.0
cifar10_dir1_grad-noise_g_seed1,cifar10,dir1,grad_noise,main,,1,flirds_gate_v2,0.58525,0.36387500000000006,0.39612500000000006,0.9185863048280215,0.995,,5654.0,1607.0,0.7157764414573753,58.0,18.0
cifar10_dir1_grad-noise_g_seed1,cifar10,dir1,grad_noise,main,,1,flirds_zgate_v2,0.32875,0.107375,0.39612500000000006,0.27106342694856417,0.9945833333333334,,,,,,
cifar10_dir1_grad-noise_g_seed1,cifar10,dir1,grad_noise,main,,1,flirds_gatew_v2,0.594375,0.373,0.39612500000000006,0.9416219627642788,0.9954166666666666,,5744.0,1766.0,0.6925487465181058,65.0,25.0
cifar10_dir1_grad-noise_g_seed1,cifar10,dir1,grad_noise,main,,1,flirds_gatew_v1,0.50575,0.28437500000000004,0.39612500000000006,0.7178920795203534,0.9983333333333333,,657.0,209.0,0.6818873668188736,94.0,54.0
cifar10_dir1_grad-noise_g_seed1,cifar10,dir1,grad_noise,main,,1,flirds_mult,0.44575,0.224375,0.39612500000000006,0.5664247396655095,0.9975,,,,,,
cifar10_dir1_grad-noise_g_seed2,cifar10,dir1,grad_noise,main,,2,vanilla,0.24375,0.0,0.379375,0.0,,,,,,,
cifar10_dir1_grad-noise_g_seed2,cifar10,dir1,grad_noise,main,,2,oracle_excl,0.623125,0.379375,0.379375,1.0,,81.0,,,,,
cifar10_dir1_grad-noise_g_seed2,cifar10,dir1,grad_noise,main,,2,random_excl,0.254125,0.010374999999999995,0.379375,0.027347611202635902,,,,,,,
cifar10_dir1_grad-noise_g_seed2,cifar10,dir1,grad_noise,main,,2,flirds_gate_v1,0.55325,0.3095,0.379375,0.8158154859967051,1.0,,690.0,215.0,0.6884057971014492,99.0,59.0
cifar10_dir1_grad-noise_g_seed2,cifar10,dir1,grad_noise,main,,2,flirds_gate_v2,0.578125,0.334375,0.379375,0.8813838550247116,0.99125,,5270.0,1231.0,0.7664136622390891,54.0,14.0
cifar10_dir1_grad-noise_g_seed2,cifar10,dir1,grad_noise,main,,2,flirds_zgate_v2,0.318,0.07425000000000001,0.379375,0.19571663920922572,1.0,,,,,,
cifar10_dir1_grad-noise_g_seed2,cifar10,dir1,grad_noise,main,,2,flirds_gatew_v2,0.589625,0.34587499999999993,0.379375,0.9116968698517296,0.9945833333333334,98.0,5469.0,1458.0,0.7334064728469556,63.0,23.0
cifar10_dir1_grad-noise_g_seed2,cifar10,dir1,grad_noise,main,,2,flirds_gatew_v1,0.503375,0.259625,0.379375,0.6843492586490939,1.0,,636.0,166.0,0.7389937106918238,95.0,55.0
cifar10_dir1_grad-noise_g_seed2,cifar10,dir1,grad_noise,main,,2,flirds_mult,0.4005,0.15675000000000003,0.379375,0.413179571663921,0.9908333333333332,,,,,,
cifar10_dir1_label-flip_fr0.15_g_seed0,cifar10,dir1,label_flip,main,0.15,0,vanilla,0.622,0.0,0.005125000000000046,,,83.0,,,,,
cifar10_dir1_label-flip_fr0.15_g_seed0,cifar10,dir1,label_flip,main,0.15,0,oracle_excl,0.627125,0.005125000000000046,0.005125000000000046,,,71.0,,,,,
cifar10_dir1_label-flip_fr0.15_g_seed0,cifar10,dir1,label_flip,main,0.15,0,random_excl,0.606625,-0.015375000000000028,0.005125000000000046,,,79.0,,,,,
cifar10_dir1_label-flip_fr0.15_g_seed0,cifar10,dir1,label_flip,main,0.15,0,flirds_gate_v1,0.6235,0.0015000000000000568,0.005125000000000046,,0.539302227826818,77.0,418.0,244.0,0.41626794258373206,93.0,56.0
cifar10_dir1_label-flip_fr0.15_g_seed0,cifar10,dir1,label_flip,main,0.15,0,flirds_gate_v2,0.615875,-0.006125000000000047,0.005125000000000046,,0.6048759983186212,79.0,2593.0,1025.0,0.6047049749325106,30.0,12.0
cifar10_dir1_label-flip_fr0.15_g_seed0,cifar10,dir1,label_flip,main,0.15,0,flirds_zgate_v2,0.61475,-0.007249999999999979,0.005125000000000046,,0.5350987810004204,86.0,,,,,
cifar10_dir1_label-flip_fr0.15_g_seed0,cifar10,dir1,label_flip,main,0.15,0,flirds_gatew_v2,0.59775,-0.024249999999999994,0.005125000000000046,,0.4426229508196721,92.0,2984.0,1746.0,0.4148793565683646,40.0,24.0
cifar10_dir1_label-flip_fr0.15_g_seed0,cifar10,dir1,label_flip,main,0.15,0,flirds_gatew_v1,0.622375,0.0003750000000000142,0.005125000000000046,,0.5720891130727197,77.0,314.0,185.0,0.410828025477707,87.0,52.0
cifar10_dir1_label-flip_fr0.15_g_seed0,cifar10,dir1,label_flip,main,0.15,0,flirds_mult,0.624625,0.0026249999999999885,0.005125000000000046,,0.4434636401849517,77.0,,,,,
cifar10_dir1_label-flip_fr0.15_g_seed1,cifar10,dir1,label_flip,main,0.15,1,vanilla,0.614125,0.0,0.007249999999999979,,,87.0,,,,,
cifar10_dir1_label-flip_fr0.15_g_seed1,cifar10,dir1,label_flip,main,0.15,1,oracle_excl,0.621375,0.007249999999999979,0.007249999999999979,,,77.0,,,,,
cifar10_dir1_label-flip_fr0.15_g_seed1,cifar10,dir1,label_flip,main,0.15,1,random_excl,0.596875,-0.017249999999999988,0.007249999999999979,,,111.0,,,,,
cifar10_dir1_label-flip_fr0.15_g_seed1,cifar10,dir1,label_flip,main,0.15,1,flirds_gate_v1,0.61225,-0.001875000000000071,0.007249999999999979,,0.5348557692307692,90.0,421.0,219.0,0.47980997624703087,92.0,49.0
cifar10_dir1_label-flip_fr0.15_g_seed1,cifar10,dir1,label_flip,main,0.15,1,flirds_gate_v2,0.595125,-0.019000000000000017,0.007249999999999979,,0.4795673076923077,102.0,2960.0,1547.0,0.47736486486486485,38.0,21.0
cifar10_dir1_label-flip_fr0.15_g_seed1,cifar10,dir1,label_flip,main,0.15,1,flirds_zgate_v2,0.62,0.005874999999999964,0.007249999999999979,,0.5877403846153846,84.0,,,,,
cifar10_dir1_label-flip_fr0.15_g_seed1,cifar10,dir1,label_flip,main,0.15,1,flirds_gatew_v2,0.588125,-0.026000000000000023,0.007249999999999979,,0.4318910256410256,110.0,2539.0,1270.0,0.4998030720756203,35.0,20.0
cifar10_dir1_label-flip_fr0.15_g_seed1,cifar10,dir1,label_flip,main,0.15,1,flirds_gatew_v1,0.612375,-0.0017500000000000293,0.007249999999999979,,0.5240384615384616,99.0,342.0,184.0,0.4619883040935672,92.0,46.0
cifar10_dir1_label-flip_fr0.15_g_seed1,cifar10,dir1,label_flip,main,0.15,1,flirds_mult,0.6165,0.002375000000000016,0.007249999999999979,,0.5556891025641026,87.0,,,,,
cifar10_dir1_label-flip_fr0.15_g_seed2,cifar10,dir1,label_flip,main,0.15,2,vanilla,0.615625,0.0,0.006750000000000034,,,84.0,,,,,
cifar10_dir1_label-flip_fr0.15_g_seed2,cifar10,dir1,label_flip,main,0.15,2,oracle_excl,0.622375,0.006750000000000034,0.006750000000000034,,,73.0,,,,,
cifar10_dir1_label-flip_fr0.15_g_seed2,cifar10,dir1,label_flip,main,0.15,2,random_excl,0.573625,-0.041999999999999926,0.006750000000000034,,,,,,,,
cifar10_dir1_label-flip_fr0.15_g_seed2,cifar10,dir1,label_flip,main,0.15,2,flirds_gate_v1,0.61225,-0.003375000000000017,0.006750000000000034,,0.5547972701726214,90.0,440.0,221.0,0.49772727272727274,98.0,52.0
cifar10_dir1_label-flip_fr0.15_g_seed2,cifar10,dir1,label_flip,main,0.15,2,flirds_gate_v2,0.58625,-0.02937499999999993,0.006750000000000034,,0.5704536330790847,97.0,3576.0,1751.0,0.5103467561521253,42.0,21.0
cifar10_dir1_label-flip_fr0.15_g_seed2,cifar10,dir1,label_flip,main,0.15,2,flirds_zgate_v2,0.609875,-0.005750000000000033,0.006750000000000034,,0.5921316740264954,87.0,,,,,
cifar10_dir1_label-flip_fr0.15_g_seed2,cifar10,dir1,label_flip,main,0.15,2,flirds_gatew_v2,0.593875,-0.021749999999999936,0.006750000000000034,,0.5150541951023686,107.0,2912.0,1343.0,0.538804945054945,44.0,21.0
cifar10_dir1_label-flip_fr0.15_g_seed2,cifar10,dir1,label_flip,main,0.15,2,flirds_gatew_v1,0.57325,-0.04237499999999994,0.006750000000000034,,0.5640305098354074,91.0,344.0,163.0,0.5261627906976745,89.0,44.0
cifar10_dir1_label-flip_fr0.15_g_seed2,cifar10,dir1,label_flip,main,0.15,2,flirds_mult,0.610375,-0.005249999999999977,0.006750000000000034,,0.5299076676033722,84.0,,,,,
cifar10_dir1_label-flip_fr0.35_g_seed0,cifar10,dir1,label_flip,main,0.35,0,vanilla,0.59875,0.0,0.02837500000000004,0.0,,100.0,,,,,
cifar10_dir1_label-flip_fr0.35_g_seed0,cifar10,dir1,label_flip,main,0.35,0,oracle_excl,0.627125,0.02837500000000004,0.02837500000000004,1.0,,71.0,,,,,
cifar10_dir1_label-flip_fr0.35_g_seed0,cifar10,dir1,label_flip,main,0.35,0,random_excl,0.58175,-0.017000000000000015,0.02837500000000004,-0.5991189427312772,,,,,,,
cifar10_dir1_label-flip_fr0.35_g_seed0,cifar10,dir1,label_flip,main,0.35,0,flirds_gate_v1,0.606125,0.00737500000000002,0.02837500000000004,0.2599118942731281,0.7305590584279109,104.0,438.0,194.0,0.5570776255707762,93.0,54.0
cifar10_dir1_label-flip_fr0.35_g_seed0,cifar10,dir1,label_flip,main,0.35,0,flirds_gate_v2,0.593625,-0.005125000000000046,0.02837500000000004,-0.1806167400881071,0.6603614964270702,98.0,3644.0,1524.0,0.5817782656421515,45.0,19.0
cifar10_dir1_label-flip_fr0.35_g_seed0,cifar10,dir1,label_flip,main,0.35,0,flirds_zgate_v2,0.60875,0.010000000000000009,0.02837500000000004,0.35242290748898664,0.9092055485498108,99.0,,,,,
cifar10_dir1_label-flip_fr0.35_g_seed0,cifar10,dir1,label_flip,main,0.35,0,flirds_gatew_v2,0.58325,-0.015499999999999958,0.02837500000000004,-0.5462555066079273,0.5531736023539302,106.0,2616.0,1071.0,0.5905963302752294,39.0,18.0
cifar10_dir1_label-flip_fr0.35_g_seed0,cifar10,dir1,label_flip,main,0.35,0,flirds_gatew_v1,0.60125,0.0024999999999999467,0.02837500000000004,0.0881057268722447,0.6788566624632197,89.0,356.0,155.0,0.5646067415730337,90.0,51.0
cifar10_dir1_label-flip_fr0.35_g_seed0,cifar10,dir1,label_flip,main,0.35,0,flirds_mult,0.612375,0.013624999999999998,0.02837500000000004,0.4801762114537438,0.6645649432534678,83.0,,,,,
cifar10_dir1_label-flip_fr0.35_g_seed1,cifar10,dir1,label_flip,main,0.35,1,vanilla,0.574625,0.0,0.04674999999999996,0.0,,113.0,,,,,
cifar10_dir1_label-flip_fr0.35_g_seed1,cifar10,dir1,label_flip,main,0.35,1,oracle_excl,0.621375,0.04674999999999996,0.04674999999999996,1.0,,77.0,,,,,
cifar10_dir1_label-flip_fr0.35_g_seed1,cifar10,dir1,label_flip,main,0.35,1,random_excl,0.56875,-0.005875000000000075,0.04674999999999996,-0.12566844919786266,,,,,,,
cifar10_dir1_label-flip_fr0.35_g_seed1,cifar10,dir1,label_flip,main,0.35,1,flirds_gate_v1,0.57975,0.005124999999999935,0.04674999999999996,0.10962566844919658,0.7844551282051282,,457.0,159.0,0.6520787746170679,96.0,48.0
cifar10_dir1_label-flip_fr0.35_g_seed1,cifar10,dir1,label_flip,main,0.35,1,flirds_gate_v2,0.5745,-0.00012500000000004174,0.04674999999999996,-0.0026737967914447457,0.6963141025641025,,3830.0,1046.0,0.7268929503916449,45.0,13.0
cifar10_dir1_label-flip_fr0.35_g_seed1,cifar10,dir1,label_flip,main,0.35,1,flirds_zgate_v2,0.581875,0.007249999999999979,0.04674999999999996,0.155080213903743,0.9110576923076923,,,,,,
cifar10_dir1_label-flip_fr0.35_g_seed1,cifar10,dir1,label_flip,main,0.35,1,flirds_gatew_v2,0.581125,0.00649999999999995,0.04674999999999996,0.13903743315507927,0.6634615384615384,,3545.0,1028.0,0.7100141043723555,47.0,17.0
cifar10_dir1_label-flip_fr0.35_g_seed1,cifar10,dir1,label_flip,main,0.35,1,flirds_gatew_v1,0.591375,0.01674999999999993,0.04674999999999996,0.3582887700534748,0.796875,,382.0,128.0,0.6649214659685864,91.0,43.0
cifar10_dir1_label-flip_fr0.35_g_seed1,cifar10,dir1,label_flip,main,0.35,1,flirds_mult,0.588125,0.013499999999999956,0.04674999999999996,0.28877005347593515,0.8549679487179487,110.0,,,,,
cifar10_dir1_label-flip_fr0.35_g_seed2,cifar10,dir1,label_flip,main,0.35,2,vanilla,0.58125,0.0,0.04112499999999997,0.0,,,,,,,
cifar10_dir1_label-flip_fr0.35_g_seed2,cifar10,dir1,label_flip,main,0.35,2,oracle_excl,0.622375,0.04112499999999997,0.04112499999999997,1.0,,73.0,,,,,
cifar10_dir1_label-flip_fr0.35_g_seed2,cifar10,dir1,label_flip,main,0.35,2,random_excl,0.529,-0.05225000000000002,0.04112499999999997,-1.2705167173252294,,,,,,,
cifar10_dir1_label-flip_fr0.35_g_seed2,cifar10,dir1,label_flip,main,0.35,2,flirds_gate_v1,0.60475,0.023499999999999965,0.04112499999999997,0.5714285714285711,0.8538739462063428,113.0,450.0,148.0,0.6711111111111111,96.0,49.0
cifar10_dir1_label-flip_fr0.35_g_seed2,cifar10,dir1,label_flip,main,0.35,2,flirds_gate_v2,0.548625,-0.032625000000000015,0.04112499999999997,-0.7933130699088156,0.6635889201124047,,5455.0,2047.0,0.6247479376718607,60.0,24.0
cifar10_dir1_label-flip_fr0.35_g_seed2,cifar10,dir1,label_flip,main,0.35,2,flirds_zgate_v2,0.5735,-0.007750000000000035,0.04112499999999997,-0.1884498480243171,0.9341629867523082,,,,,,
cifar10_dir1_label-flip_fr0.35_g_seed2,cifar10,dir1,label_flip,main,0.35,2,flirds_gatew_v2,0.581875,0.0006249999999999867,0.04112499999999997,0.015197568389057439,0.6471296668004818,,2907.0,951.0,0.672858617131063,38.0,15.0
cifar10_dir1_label-flip_fr0.35_g_seed2,cifar10,dir1,label_flip,main,0.35,2,flirds_gatew_v1,0.582375,0.0011249999999999316,0.04112499999999997,0.02735562310030231,0.7655560016057809,95.0,372.0,115.0,0.6908602150537635,92.0,45.0
cifar10_dir1_label-flip_fr0.35_g_seed2,cifar10,dir1,label_flip,main,0.35,2,flirds_mult,0.60025,0.018999999999999906,0.04112499999999997,0.4620060790273537,0.8109193095142513,113.0,,,,,
cifar10_dir1_label-flip_fr0.70_g_seed0,cifar10,dir1,label_flip,main,0.7,0,vanilla,0.556,0.0,0.071125,0.0,,,,,,,
cifar10_dir1_label-flip_fr0.70_g_seed0,cifar10,dir1,label_flip,main,0.7,0,oracle_excl,0.627125,0.071125,0.071125,1.0,,71.0,,,,,
cifar10_dir1_label-flip_fr0.70_g_seed0,cifar10,dir1,label_flip,main,0.7,0,random_excl,0.559875,0.003874999999999962,0.071125,0.05448154657293444,,,,,,,
cifar10_dir1_label-flip_fr0.70_g_seed0,cifar10,dir1,label_flip,main,0.7,0,flirds_gate_v1,0.6065,0.05049999999999999,0.071125,0.7100175746924428,0.9924337957124842,100.0,481.0,158.0,0.6715176715176715,92.0,53.0
cifar10_dir1_label-flip_fr0.70_g_seed0,cifar10,dir1,label_flip,main,0.7,0,flirds_gate_v2,0.564125,0.008124999999999938,0.071125,0.11423550087873376,0.8083228247162674,108.0,4242.0,1246.0,0.7062706270627063,52.0,18.0
cifar10_dir1_label-flip_fr0.70_g_seed0,cifar10,dir1,label_flip,main,0.7,0,flirds_zgate_v2,0.588875,0.03287499999999999,0.071125,0.46221441124780305,0.9899117276166456,,,,,,
cifar10_dir1_label-flip_fr0.70_g_seed0,cifar10,dir1,label_flip,main,0.7,0,flirds_gatew_v2,0.59375,0.03774999999999995,0.071125,0.5307557117750433,0.667927700714586,101.0,3920.0,1292.0,0.6704081632653062,51.0,21.0
cifar10_dir1_label-flip_fr0.70_g_seed0,cifar10,dir1,label_flip,main,0.7,0,flirds_gatew_v1,0.536,-0.020000000000000018,0.071125,-0.28119507908611624,0.94619588062211,89.0,392.0,127.0,0.6760204081632653,87.0,48.0
cifar10_dir1_label-flip_fr0.70_g_seed0,cifar10,dir1,label_flip,main,0.7,0,flirds_mult,0.5995,0.04349999999999998,0.071125,0.6115992970123021,0.8675914249684742,100.0,,,,,
cifar10_dir1_label-flip_fr0.70_g_seed1,cifar10,dir1,label_flip,main,0.7,1,vanilla,0.499125,0.0,0.12225000000000003,0.0,,,,,,,
cifar10_dir1_label-flip_fr0.70_g_seed1,cifar10,dir1,label_flip,main,0.7,1,oracle_excl,0.621375,0.12225000000000003,0.12225000000000003,1.0,,77.0,,,,,
cifar10_dir1_label-flip_fr0.70_g_seed1,cifar10,dir1,label_flip,main,0.7,1,random_excl,0.507125,0.008000000000000063,0.12225000000000003,0.06543967280163648,,,,,,,
cifar10_dir1_label-flip_fr0.70_g_seed1,cifar10,dir1,label_flip,main,0.7,1,flirds_gate_v1,0.5525,0.053375000000000006,0.12225000000000003,0.4366053169734151,0.9731570512820513,,524.0,126.0,0.7595419847328244,90.0,42.0
cifar10_dir1_label-flip_fr0.70_g_seed1,cifar10,dir1,label_flip,main,0.7,1,flirds_gate_v2,0.569,0.06987499999999996,0.12225000000000003,0.571574642126789,0.8293269230769231,,5177.0,865.0,0.8329148155302298,58.0,12.0
cifar10_dir1_label-flip_fr0.70_g_seed1,cifar10,dir1,label_flip,main,0.7,1,flirds_zgate_v2,0.496375,-0.0027499999999999747,0.12225000000000003,-0.02249488752556216,0.984375,,,,,,
cifar10_dir1_label-flip_fr0.70_g_seed1,cifar10,dir1,label_flip,main,0.7,1,flirds_gatew_v2,0.578375,0.07924999999999999,0.12225000000000003,0.6482617586912063,0.7824519230769231,,5358.0,1539.0,0.7127659574468085,65.0,23.0
cifar10_dir1_label-flip_fr0.70_g_seed1,cifar10,dir1,label_flip,main,0.7,1,flirds_gatew_v1,0.541,0.04187500000000005,0.12225000000000003,0.34253578732106377,0.9567307692307692,,449.0,104.0,0.7683741648106904,85.0,37.0
cifar10_dir1_label-flip_fr0.70_g_seed1,cifar10,dir1,label_flip,main,0.7,1,flirds_mult,0.5755,0.07637500000000003,0.12225000000000003,0.6247443762781187,0.9338942307692307,,,,,,
cifar10_dir1_label-flip_fr0.70_g_seed2,cifar10,dir1,label_flip,main,0.7,2,vanilla,0.518875,0.0,0.10350000000000004,0.0,,,,,,,
cifar10_dir1_label-flip_fr0.70_g_seed2,cifar10,dir1,label_flip,main,0.7,2,oracle_excl,0.622375,0.10350000000000004,0.10350000000000004,1.0,,73.0,,,,,
cifar10_dir1_label-flip_fr0.70_g_seed2,cifar10,dir1,label_flip,main,0.7,2,random_excl,0.4385,-0.08037499999999997,0.10350000000000004,-0.7765700483091782,,,,,,,
cifar10_dir1_label-flip_fr0.70_g_seed2,cifar10,dir1,label_flip,main,0.7,2,flirds_gate_v1,0.587,0.06812499999999999,0.10350000000000004,0.6582125603864731,0.9975913287836211,,527.0,128.0,0.7571157495256167,91.0,44.0
cifar10_dir1_label-flip_fr0.70_g_seed2,cifar10,dir1,label_flip,main,0.7,2,flirds_gate_v2,0.5805,0.06162500000000004,0.10350000000000004,0.5954106280193239,0.7539140907266157,,6075.0,1895.0,0.6880658436213992,67.0,24.0
cifar10_dir1_label-flip_fr0.70_g_seed2,cifar10,dir1,label_flip,main,0.7,2,flirds_zgate_v2,0.5165,-0.002375000000000016,0.10350000000000004,-0.02294685990338179,1.0,,,,,,
cifar10_dir1_label-flip_fr0.70_g_seed2,cifar10,dir1,label_flip,main,0.7,2,flirds_gatew_v2,0.570875,0.052000000000000046,0.10350000000000004,0.5024154589371983,0.7145724608590928,,5308.0,1557.0,0.7066691785983421,62.0,22.0
cifar10_dir1_label-flip_fr0.70_g_seed2,cifar10,dir1,label_flip,main,0.7,2,flirds_gatew_v1,0.566875,0.04800000000000004,0.10350000000000004,0.4637681159420292,0.9735046166198315,,470.0,107.0,0.7723404255319148,84.0,37.0
cifar10_dir1_label-flip_fr0.70_g_seed2,cifar10,dir1,label_flip,main,0.7,2,flirds_mult,0.585875,0.06700000000000006,0.10350000000000004,0.6473429951690824,0.9706945002007227,,,,,,
cifar10_iid_clean_g_seed0,cifar10,iid,clean,main,,0,vanilla,0.649125,0.0,,,,65.0,,,,,
cifar10_iid_clean_g_seed0,cifar10,iid,clean,main,,0,flirds_gate_v1,0.64375,-0.005374999999999908,,,,67.0,383.0,383.0,0.0,92.0,92.0
cifar10_iid_clean_g_seed0,cifar10,iid,clean,main,,0,flirds_gate_v2,0.645375,-0.00374999999999992,,,,63.0,450.0,450.0,0.0,13.0,13.0
cifar10_iid_clean_g_seed0,cifar10,iid,clean,main,,0,flirds_zgate_v2,0.6455,-0.0036249999999999893,,,,61.0,,,,,
cifar10_iid_clean_g_seed0,cifar10,iid,clean,main,,0,flirds_gatew_v2,0.636875,-0.012249999999999983,,,,67.0,643.0,643.0,0.0,19.0,19.0
cifar10_iid_clean_g_seed0,cifar10,iid,clean,main,,0,flirds_gatew_v1,0.6455,-0.0036249999999999893,,,,67.0,313.0,313.0,0.0,90.0,90.0
cifar10_iid_clean_g_seed0,cifar10,iid,clean,main,,0,flirds_mult,0.646875,-0.0022499999999999742,,,,64.0,,,,,
cifar10_iid_clean_g_seed1,cifar10,iid,clean,main,,1,vanilla,0.64825,0.0,,,,62.0,,,,,
cifar10_iid_clean_g_seed1,cifar10,iid,clean,main,,1,flirds_gate_v1,0.6395,-0.008750000000000036,,,,66.0,363.0,363.0,0.0,91.0,91.0
cifar10_iid_clean_g_seed1,cifar10,iid,clean,main,,1,flirds_gate_v2,0.64875,0.000500000000000056,,,,66.0,651.0,651.0,0.0,16.0,16.0
cifar10_iid_clean_g_seed1,cifar10,iid,clean,main,,1,flirds_zgate_v2,0.650125,0.00187499999999996,,,,63.0,,,,,
cifar10_iid_clean_g_seed1,cifar10,iid,clean,main,,1,flirds_gatew_v2,0.646625,-0.0016249999999999876,,,,67.0,746.0,746.0,0.0,18.0,18.0
cifar10_iid_clean_g_seed1,cifar10,iid,clean,main,,1,flirds_gatew_v1,0.614875,-0.033375000000000044,,,,66.0,318.0,318.0,0.0,91.0,91.0
cifar10_iid_clean_g_seed1,cifar10,iid,clean,main,,1,flirds_mult,0.648125,-0.00012500000000004174,,,,63.0,,,,,
cifar10_iid_clean_g_seed2,cifar10,iid,clean,main,,2,vanilla,0.648875,0.0,,,,62.0,,,,,
cifar10_iid_clean_g_seed2,cifar10,iid,clean,main,,2,flirds_gate_v1,0.641125,-0.007750000000000035,,,,64.0,381.0,381.0,0.0,91.0,91.0
cifar10_iid_clean_g_seed2,cifar10,iid,clean,main,,2,flirds_gate_v2,0.63425,-0.014624999999999999,,,,65.0,583.0,583.0,0.0,18.0,18.0
cifar10_iid_clean_g_seed2,cifar10,iid,clean,main,,2,flirds_zgate_v2,0.648625,-0.00024999999999997247,,,,62.0,,,,,
cifar10_iid_clean_g_seed2,cifar10,iid,clean,main,,2,flirds_gatew_v2,0.64025,-0.008624999999999994,,,,62.0,547.0,547.0,0.0,16.0,16.0
cifar10_iid_clean_g_seed2,cifar10,iid,clean,main,,2,flirds_gatew_v1,0.641375,-0.007499999999999951,,,,66.0,311.0,311.0,0.0,91.0,91.0
cifar10_iid_clean_g_seed2,cifar10,iid,clean,main,,2,flirds_mult,0.645,-0.003874999999999962,,,,62.0,,,,,
cifar10_iid_free-rider_g_seed0,cifar10,iid,free_rider,main,,0,vanilla,0.609875,0.0,0.02475000000000005,0.0,,111.0,,,,,
cifar10_iid_free-rider_g_seed0,cifar10,iid,free_rider,main,,0,oracle_excl,0.634625,0.02475000000000005,0.02475000000000005,1.0,,69.0,,,,,
cifar10_iid_free-rider_g_seed0,cifar10,iid,free_rider,main,,0,random_excl,0.6035,-0.0063749999999999085,0.02475000000000005,-0.25757575757575335,,118.0,,,,,
cifar10_iid_free-rider_g_seed0,cifar10,iid,free_rider,main,,0,flirds_gate_v1,0.60475,-0.005124999999999935,0.02475000000000005,-0.20707070707070405,1.0,68.0,603.0,123.0,0.7960199004975125,85.0,45.0
cifar10_iid_free-rider_g_seed0,cifar10,iid,free_rider,main,,0,flirds_gate_v2,0.625625,0.015750000000000042,0.02475000000000005,0.6363636363636368,0.9333333333333333,71.0,4261.0,176.0,0.9586951419854495,45.0,5.0
cifar10_iid_free-rider_g_seed0,cifar10,iid,free_rider,main,,0,flirds_zgate_v2,0.6055,-0.004374999999999907,0.02475000000000005,-0.17676767676767263,0.9,114.0,,,,,
cifar10_iid_free-rider_g_seed0,cifar10,iid,free_rider,main,,0,flirds_gatew_v2,0.62725,0.01737500000000003,0.02475000000000005,0.7020202020202018,0.9166666666666666,69.0,4301.0,215.0,0.9500116252034411,47.0,7.0
cifar10_iid_free-rider_g_seed0,cifar10,iid,free_rider,main,,0,flirds_gatew_v1,0.61775,0.007875000000000076,0.02475000000000005,0.3181818181818206,1.0,74.0,574.0,94.0,0.8362369337979094,89.0,49.0
cifar10_iid_free-rider_g_seed0,cifar10,iid,free_rider,main,,0,flirds_mult,0.627875,0.018000000000000016,0.02475000000000005,0.7272727272727264,0.4645833333333333,83.0,,,,,
cifar10_iid_free-rider_g_seed1,cifar10,iid,free_rider,main,,1,vanilla,0.603125,0.0,0.03374999999999995,0.0,,108.0,,,,,
cifar10_iid_free-rider_g_seed1,cifar10,iid,free_rider,main,,1,oracle_excl,0.636875,0.03374999999999995,0.03374999999999995,1.0,,63.0,,,,,
cifar10_iid_free-rider_g_seed1,cifar10,iid,free_rider,main,,1,random_excl,0.603625,0.0004999999999999449,0.03374999999999995,0.014814814814813207,,106.0,,,,,
cifar10_iid_free-rider_g_seed1,cifar10,iid,free_rider,main,,1,flirds_gate_v1,0.63125,0.028124999999999956,0.03374999999999995,0.8333333333333334,1.0,70.0,595.0,116.0,0.8050420168067227,87.0,47.0
cifar10_iid_free-rider_g_seed1,cifar10,iid,free_rider,main,,1,flirds_gate_v2,0.6355,0.03237499999999993,0.03374999999999995,0.9592592592592587,0.85,70.0,4382.0,401.0,0.9084892743039708,49.0,9.0
cifar10_iid_free-rider_g_seed1,cifar10,iid,free_rider,main,,1,flirds_zgate_v2,0.60575,0.0026249999999999885,0.03374999999999995,0.07777777777777756,0.9166666666666666,110.0,,,,,
cifar10_iid_free-rider_g_seed1,cifar10,iid,free_rider,main,,1,flirds_gatew_v2,0.63525,0.03212499999999996,0.03374999999999995,0.9518518518518522,0.9166666666666666,69.0,4105.0,168.0,0.959074299634592,46.0,6.0
cifar10_iid_free-rider_g_seed1,cifar10,iid,free_rider,main,,1,flirds_gatew_v1,0.630375,0.027249999999999996,0.03374999999999995,0.8074074074074086,1.0,72.0,573.0,94.0,0.8359511343804538,87.0,47.0
cifar10_iid_free-rider_g_seed1,cifar10,iid,free_rider,main,,1,flirds_mult,0.62025,0.017124999999999946,0.03374999999999995,0.5074074074074066,0.38708333333333333,79.0,,,,,
cifar10_iid_free-rider_g_seed2,cifar10,iid,free_rider,main,,2,vanilla,0.611875,0.0,0.023500000000000076,0.0,,102.0,,,,,
cifar10_iid_free-rider_g_seed2,cifar10,iid,free_rider,main,,2,oracle_excl,0.635375,0.023500000000000076,0.023500000000000076,1.0,,66.0,,,,,
cifar10_iid_free-rider_g_seed2,cifar10,iid,free_rider,main,,2,random_excl,0.588625,-0.023249999999999993,0.023500000000000076,-0.9893617021276561,,,,,,,
cifar10_iid_free-rider_g_seed2,cifar10,iid,free_rider,main,,2,flirds_gate_v1,0.62675,0.014875000000000083,0.023500000000000076,0.6329787234042568,1.0,71.0,616.0,126.0,0.7954545454545454,86.0,46.0
cifar10_iid_free-rider_g_seed2,cifar10,iid,free_rider,main,,2,flirds_gate_v2,0.631375,0.019500000000000073,0.023500000000000076,0.8297872340425536,0.8666666666666667,65.0,4365.0,352.0,0.9193585337915234,48.0,8.0
cifar10_iid_free-rider_g_seed2,cifar10,iid,free_rider,main,,2,flirds_zgate_v2,0.61375,0.001875000000000071,0.023500000000000076,0.07978723404255596,0.8333333333333334,108.0,,,,,
cifar10_iid_free-rider_g_seed2,cifar10,iid,free_rider,main,,2,flirds_gatew_v2,0.6325,0.020625000000000004,0.023500000000000076,0.8776595744680824,0.8666666666666667,65.0,4319.0,315.0,0.9270664505672609,48.0,8.0
cifar10_iid_free-rider_g_seed2,cifar10,iid,free_rider,main,,2,flirds_gatew_v1,0.6265,0.014624999999999999,0.023500000000000076,0.6223404255319128,1.0,71.0,583.0,93.0,0.8404802744425386,86.0,46.0
cifar10_iid_free-rider_g_seed2,cifar10,iid,free_rider,main,,2,flirds_mult,0.6295,0.017625000000000002,0.023500000000000076,0.7499999999999977,0.35791666666666666,75.0,,,,,
cifar10_iid_frrand_g_seed0,cifar10,iid,frrand,main,,0,vanilla,0.610875,0.0,0.02387500000000009,0.0,,111.0,,,,,
cifar10_iid_frrand_g_seed0,cifar10,iid,frrand,main,,0,oracle_excl,0.63475,0.02387500000000009,0.02387500000000009,1.0,,65.0,,,,,
cifar10_iid_frrand_g_seed0,cifar10,iid,frrand,main,,0,random_excl,0.60375,-0.007124999999999937,0.02387500000000009,-0.29842931937172396,,116.0,,,,,
cifar10_iid_frrand_g_seed0,cifar10,iid,frrand,main,,0,flirds_gate_v1,0.6195,0.008625000000000105,0.02387500000000009,0.36125654450262085,0.9833333333333333,96.0,409.0,172.0,0.5794621026894865,94.0,54.0
cifar10_iid_frrand_g_seed0,cifar10,iid,frrand,main,,0,flirds_gate_v2,0.6105,-0.0003749999999999032,0.02387500000000009,-0.015706806282718398,0.8683333333333334,87.0,2992.0,326.0,0.891042780748663,44.0,9.0
cifar10_iid_frrand_g_seed0,cifar10,iid,frrand,main,,0,flirds_zgate_v2,0.60625,-0.00462499999999999,0.02387500000000009,-0.19371727748690984,0.87625,112.0,,,,,
cifar10_iid_frrand_g_seed0,cifar10,iid,frrand,main,,0,flirds_gatew_v2,0.6295,0.018625000000000003,0.02387500000000009,0.7801047120418819,0.9666666666666667,72.0,3044.0,18.0,0.9940867279894875,40.0,2.0
cifar10_iid_frrand_g_seed0,cifar10,iid,frrand,main,,0,flirds_gatew_v1,0.631875,0.02100000000000002,0.02387500000000009,0.8795811518324582,1.0,76.0,315.0,95.0,0.6984126984126984,84.0,44.0
cifar10_iid_frrand_g_seed0,cifar10,iid,frrand,main,,0,flirds_mult,0.62775,0.016875000000000084,0.02387500000000009,0.7068062827225139,0.46291666666666664,83.0,,,,,
cifar10_iid_grad-noise_g_seed0,cifar10,iid,grad_noise,main,,0,vanilla,0.25875,0.0,0.375875,0.0,,,,,,,
cifar10_iid_grad-noise_g_seed0,cifar10,iid,grad_noise,main,,0,oracle_excl,0.634625,0.375875,0.375875,1.0,,69.0,,,,,
cifar10_iid_grad-noise_g_seed0,cifar10,iid,grad_noise,main,,0,random_excl,0.2655,0.006750000000000034,0.375875,0.017958097771865737,,,,,,,
cifar10_iid_grad-noise_g_seed0,cifar10,iid,grad_noise,main,,0,flirds_gate_v1,0.583625,0.32487499999999997,0.375875,0.8643165946125706,1.0,62.0,674.0,207.0,0.6928783382789317,98.0,58.0
cifar10_iid_grad-noise_g_seed0,cifar10,iid,grad_noise,main,,0,flirds_gate_v2,0.6285,0.36974999999999997,0.375875,0.9837046890588625,1.0,58.0,4942.0,821.0,0.8338729259409146,51.0,11.0
cifar10_iid_grad-noise_g_seed0,cifar10,iid,grad_noise,main,,0,flirds_zgate_v2,0.297,0.038250000000000006,0.375875,0.10176255404057201,1.0,,,,,,
cifar10_iid_grad-noise_g_seed0,cifar10,iid,grad_noise,main,,0,flirds_gatew_v2,0.613625,0.354875,0.375875,0.944130362487529,1.0,87.0,4471.0,407.0,0.9089689107582196,49.0,9.0
cifar10_iid_grad-noise_g_seed0,cifar10,iid,grad_noise,main,,0,flirds_gatew_v1,0.583625,0.32487499999999997,0.375875,0.8643165946125706,1.0,69.0,632.0,162.0,0.7436708860759493,94.0,54.0
cifar10_iid_grad-noise_g_seed0,cifar10,iid,grad_noise,main,,0,flirds_mult,0.551875,0.293125,0.375875,0.779847023611573,1.0,,,,,,
cifar10_iid_grad-noise_g_seed1,cifar10,iid,grad_noise,main,,1,vanilla,0.25175,0.0,0.385125,0.0,,,,,,,
cifar10_iid_grad-noise_g_seed1,cifar10,iid,grad_noise,main,,1,oracle_excl,0.636875,0.385125,0.385125,1.0,,63.0,,,,,
cifar10_iid_grad-noise_g_seed1,cifar10,iid,grad_noise,main,,1,random_excl,0.274375,0.022625000000000006,0.385125,0.058747160012982816,,,,,,,
cifar10_iid_grad-noise_g_seed1,cifar10,iid,grad_noise,main,,1,flirds_gate_v1,0.57475,0.323,0.385125,0.8386887374229147,1.0,86.0,668.0,198.0,0.7035928143712575,96.0,56.0
cifar10_iid_grad-noise_g_seed1,cifar10,iid,grad_noise,main,,1,flirds_gate_v2,0.590125,0.33837500000000004,0.385125,0.8786108406361572,1.0,68.0,5153.0,1161.0,0.7746943528041917,57.0,17.0
cifar10_iid_grad-noise_g_seed1,cifar10,iid,grad_noise,main,,1,flirds_zgate_v2,0.33625,0.08450000000000002,0.385125,0.21940928270042198,1.0,,,,,,
cifar10_iid_grad-noise_g_seed1,cifar10,iid,grad_noise,main,,1,flirds_gatew_v2,0.61525,0.3635,0.385125,0.9438493995456021,1.0,68.0,4691.0,712.0,0.8482199957365167,52.0,12.0
cifar10_iid_grad-noise_g_seed1,cifar10,iid,grad_noise,main,,1,flirds_gatew_v1,0.5775,0.32575000000000004,0.385125,0.8458292762090232,1.0,86.0,661.0,191.0,0.7110438729198184,96.0,56.0
cifar10_iid_grad-noise_g_seed1,cifar10,iid,grad_noise,main,,1,flirds_mult,0.51975,0.26800000000000007,0.385125,0.6958779617007467,1.0,,,,,,
cifar10_iid_grad-noise_g_seed2,cifar10,iid,grad_noise,main,,2,vanilla,0.258625,0.0,0.37675000000000003,0.0,,,,,,,
cifar10_iid_grad-noise_g_seed2,cifar10,iid,grad_noise,main,,2,oracle_excl,0.635375,0.37675000000000003,0.37675000000000003,1.0,,66.0,,,,,
cifar10_iid_grad-noise_g_seed2,cifar10,iid,grad_noise,main,,2,random_excl,0.2535,-0.005124999999999991,0.37675000000000003,-0.013603185136031825,,,,,,,
cifar10_iid_grad-noise_g_seed2,cifar10,iid,grad_noise,main,,2,flirds_gate_v1,0.580375,0.32175,0.37675000000000003,0.8540145985401458,1.0,79.0,702.0,222.0,0.6837606837606838,98.0,58.0
cifar10_iid_grad-noise_g_seed2,cifar10,iid,grad_noise,main,,2,flirds_gate_v2,0.624375,0.36575,0.37675000000000003,0.9708029197080291,1.0,55.0,4866.0,833.0,0.8288121660501439,53.0,13.0
cifar10_iid_grad-noise_g_seed2,cifar10,iid,grad_noise,main,,2,flirds_zgate_v2,0.324125,0.0655,0.37675000000000003,0.1738553417385534,1.0,,,,,,
cifar10_iid_grad-noise_g_seed2,cifar10,iid,grad_noise,main,,2,flirds_gatew_v2,0.6265,0.36787499999999995,0.37675000000000003,0.9764432647644324,1.0,52.0,4518.0,542.0,0.8800354138999558,51.0,11.0
cifar10_iid_grad-noise_g_seed2,cifar10,iid,grad_noise,main,,2,flirds_gatew_v1,0.570375,0.31174999999999997,0.37675000000000003,0.8274717982747178,1.0,62.0,661.0,176.0,0.7337367624810892,96.0,56.0
cifar10_iid_grad-noise_g_seed2,cifar10,iid,grad_noise,main,,2,flirds_mult,0.527125,0.26849999999999996,0.37675000000000003,0.7126741871267417,1.0,,,,,,
cifar10_iid_label-flip_fr0.15_g_seed0,cifar10,iid,label_flip,main,0.15,0,vanilla,0.630625,0.0,-0.001375000000000015,,,70.0,,,,,
cifar10_iid_label-flip_fr0.15_g_seed0,cifar10,iid,label_flip,main,0.15,0,oracle_excl,0.62925,-0.001375000000000015,-0.001375000000000015,,,69.0,,,,,
cifar10_iid_label-flip_fr0.15_g_seed0,cifar10,iid,label_flip,main,0.15,0,random_excl,0.612625,-0.018000000000000016,-0.001375000000000015,,,76.0,,,,,
cifar10_iid_label-flip_fr0.15_g_seed0,cifar10,iid,label_flip,main,0.15,0,flirds_gate_v1,0.607625,-0.02300000000000002,-0.001375000000000015,,0.6931483816729719,67.0,360.0,187.0,0.48055555555555557,93.0,57.0
cifar10_iid_label-flip_fr0.15_g_seed0,cifar10,iid,label_flip,main,0.15,0,flirds_gate_v2,0.6245,-0.006124999999999936,-0.001375000000000015,,0.575031525851198,70.0,914.0,301.0,0.6706783369803063,17.0,6.0
cifar10_iid_label-flip_fr0.15_g_seed0,cifar10,iid,label_flip,main,0.15,0,flirds_zgate_v2,0.621625,-0.009000000000000008,-0.001375000000000015,,0.6477511559478772,73.0,,,,,
cifar10_iid_label-flip_fr0.15_g_seed0,cifar10,iid,label_flip,main,0.15,0,flirds_gatew_v2,0.618125,-0.012499999999999956,-0.001375000000000015,,0.37620849096258935,72.0,587.0,227.0,0.6132879045996593,19.0,11.0
cifar10_iid_label-flip_fr0.15_g_seed0,cifar10,iid,label_flip,main,0.15,0,flirds_gatew_v1,0.61925,-0.011375000000000024,-0.001375000000000015,,0.6300966792770072,76.0,304.0,165.0,0.45723684210526316,92.0,57.0
cifar10_iid_label-flip_fr0.15_g_seed0,cifar10,iid,label_flip,main,0.15,0,flirds_mult,0.625625,-0.0050000000000000044,-0.001375000000000015,,0.3858764186633039,70.0,,,,,
cifar10_iid_label-flip_fr0.15_g_seed1,cifar10,iid,label_flip,main,0.15,1,vanilla,0.630375,0.0,0.0050000000000000044,,,72.0,,,,,
cifar10_iid_label-flip_fr0.15_g_seed1,cifar10,iid,label_flip,main,0.15,1,oracle_excl,0.635375,0.0050000000000000044,0.0050000000000000044,,,68.0,,,,,
cifar10_iid_label-flip_fr0.15_g_seed1,cifar10,iid,label_flip,main,0.15,1,random_excl,0.60325,-0.027125000000000066,0.0050000000000000044,,,85.0,,,,,
cifar10_iid_label-flip_fr0.15_g_seed1,cifar10,iid,label_flip,main,0.15,1,flirds_gate_v1,0.628375,-0.0020000000000000018,0.0050000000000000044,,0.6274038461538461,72.0,378.0,163.0,0.5687830687830688,95.0,48.0
cifar10_iid_label-flip_fr0.15_g_seed1,cifar10,iid,label_flip,main,0.15,1,flirds_gate_v2,0.6225,-0.007874999999999965,0.0050000000000000044,,0.6466346153846154,73.0,1686.0,144.0,0.9145907473309609,29.0,5.0
cifar10_iid_label-flip_fr0.15_g_seed1,cifar10,iid,label_flip,main,0.15,1,flirds_zgate_v2,0.636625,0.006249999999999978,0.0050000000000000044,,0.7303685897435896,71.0,,,,,
cifar10_iid_label-flip_fr0.15_g_seed1,cifar10,iid,label_flip,main,0.15,1,flirds_gatew_v2,0.612,-0.01837500000000003,0.0050000000000000044,,0.500801282051282,75.0,1161.0,223.0,0.8079242032730405,24.0,8.0
cifar10_iid_label-flip_fr0.15_g_seed1,cifar10,iid,label_flip,main,0.15,1,flirds_gatew_v1,0.627,-0.003375000000000017,0.0050000000000000044,,0.6646634615384616,75.0,312.0,128.0,0.5897435897435898,91.0,45.0
cifar10_iid_label-flip_fr0.15_g_seed1,cifar10,iid,label_flip,main,0.15,1,flirds_mult,0.63025,-0.00012500000000004174,0.0050000000000000044,,0.40024038461538464,70.0,,,,,
cifar10_iid_label-flip_fr0.15_g_seed2,cifar10,iid,label_flip,main,0.15,2,vanilla,0.622,0.0,0.006249999999999978,,,69.0,,,,,
cifar10_iid_label-flip_fr0.15_g_seed2,cifar10,iid,label_flip,main,0.15,2,oracle_excl,0.62825,0.006249999999999978,0.006249999999999978,,,62.0,,,,,
cifar10_iid_label-flip_fr0.15_g_seed2,cifar10,iid,label_flip,main,0.15,2,random_excl,0.589375,-0.032625000000000015,0.006249999999999978,,,91.0,,,,,
cifar10_iid_label-flip_fr0.15_g_seed2,cifar10,iid,label_flip,main,0.15,2,flirds_gate_v1,0.612625,-0.009375000000000022,0.006249999999999978,,0.7133681252509032,71.0,390.0,160.0,0.5897435897435898,95.0,48.0
cifar10_iid_label-flip_fr0.15_g_seed2,cifar10,iid,label_flip,main,0.15,2,flirds_gate_v2,0.621375,-0.0006249999999999867,0.006249999999999978,,0.6499397832195907,69.0,1601.0,282.0,0.8238600874453467,28.0,9.0
cifar10_iid_label-flip_fr0.15_g_seed2,cifar10,iid,label_flip,main,0.15,2,flirds_zgate_v2,0.6175,-0.0044999999999999485,0.006249999999999978,,0.6989160979526294,66.0,,,,,
cifar10_iid_label-flip_fr0.15_g_seed2,cifar10,iid,label_flip,main,0.15,2,flirds_gatew_v2,0.610875,-0.011125000000000052,0.006249999999999978,,0.4897631473303894,71.0,1271.0,258.0,0.7970102281667978,25.0,8.0
cifar10_iid_label-flip_fr0.15_g_seed2,cifar10,iid,label_flip,main,0.15,2,flirds_gatew_v1,0.614125,-0.007874999999999965,0.006249999999999978,,0.7101565636290647,74.0,314.0,123.0,0.60828025477707,90.0,46.0
cifar10_iid_label-flip_fr0.15_g_seed2,cifar10,iid,label_flip,main,0.15,2,flirds_mult,0.617,-0.0050000000000000044,0.006249999999999978,,0.3693295865114411,64.0,,,,,
cifar10_iid_label-flip_fr0.35_g_seed0,cifar10,iid,label_flip,main,0.35,0,vanilla,0.594875,0.0,0.03437499999999993,0.0,,92.0,,,,,
cifar10_iid_label-flip_fr0.35_g_seed0,cifar10,iid,label_flip,main,0.35,0,oracle_excl,0.62925,0.03437499999999993,0.03437499999999993,1.0,,69.0,,,,,
cifar10_iid_label-flip_fr0.35_g_seed0,cifar10,iid,label_flip,main,0.35,0,random_excl,0.59625,0.001374999999999904,0.03437499999999993,0.03999999999999729,,,,,,,
cifar10_iid_label-flip_fr0.35_g_seed0,cifar10,iid,label_flip,main,0.35,0,flirds_gate_v1,0.62475,0.029874999999999985,0.03437499999999993,0.8690909090909104,0.9638503572929802,78.0,446.0,126.0,0.7174887892376681,88.0,49.0
cifar10_iid_label-flip_fr0.35_g_seed0,cifar10,iid,label_flip,main,0.35,0,flirds_gate_v2,0.6105,0.015625,0.03437499999999993,0.4545454545454554,0.7650273224043715,72.0,3157.0,187.0,0.9407665505226481,38.0,4.0
cifar10_iid_label-flip_fr0.35_g_seed0,cifar10,iid,label_flip,main,0.35,0,flirds_zgate_v2,0.604875,0.010000000000000009,0.03437499999999993,0.2909090909090917,0.9953762084909626,85.0,,,,,
cifar10_iid_label-flip_fr0.35_g_seed0,cifar10,iid,label_flip,main,0.35,0,flirds_gatew_v2,0.607875,0.013000000000000012,0.03437499999999993,0.37818181818181923,0.605296343001261,78.0,2447.0,278.0,0.8863914997956681,36.0,10.0
cifar10_iid_label-flip_fr0.35_g_seed0,cifar10,iid,label_flip,main,0.35,0,flirds_gatew_v1,0.619625,0.02474999999999994,0.03437499999999993,0.7199999999999996,0.984026902059689,73.0,408.0,100.0,0.7549019607843137,86.0,47.0
cifar10_iid_label-flip_fr0.35_g_seed0,cifar10,iid,label_flip,main,0.35,0,flirds_mult,0.619125,0.024249999999999994,0.03437499999999993,0.7054545454545467,0.7515762925598991,79.0,,,,,
cifar10_iid_label-flip_fr0.35_g_seed1,cifar10,iid,label_flip,main,0.35,1,vanilla,0.591625,0.0,0.04375000000000007,0.0,,95.0,,,,,
cifar10_iid_label-flip_fr0.35_g_seed1,cifar10,iid,label_flip,main,0.35,1,oracle_excl,0.635375,0.04375000000000007,0.04375000000000007,1.0,,68.0,,,,,
cifar10_iid_label-flip_fr0.35_g_seed1,cifar10,iid,label_flip,main,0.35,1,random_excl,0.569875,-0.021749999999999936,0.04375000000000007,-0.49714285714285494,,,,,,,
cifar10_iid_label-flip_fr0.35_g_seed1,cifar10,iid,label_flip,main,0.35,1,flirds_gate_v1,0.607125,0.01550000000000007,0.04375000000000007,0.3542857142857153,0.9983974358974359,79.0,480.0,92.0,0.8083333333333333,89.0,41.0
cifar10_iid_label-flip_fr0.35_g_seed1,cifar10,iid,label_flip,main,0.35,1,flirds_gate_v2,0.609875,0.01824999999999999,0.04375000000000007,0.41714285714285626,0.8205128205128205,71.0,4225.0,404.0,0.9043786982248521,49.0,8.0
cifar10_iid_label-flip_fr0.35_g_seed1,cifar10,iid,label_flip,main,0.35,1,flirds_zgate_v2,0.5925,0.0008750000000000702,0.04375000000000007,0.020000000000001572,1.0,95.0,,,,,
cifar10_iid_label-flip_fr0.35_g_seed1,cifar10,iid,label_flip,main,0.35,1,flirds_gatew_v2,0.607875,0.016250000000000098,0.04375000000000007,0.3714285714285731,0.7107371794871794,75.0,3775.0,326.0,0.9136423841059602,51.0,13.0
cifar10_iid_label-flip_fr0.35_g_seed1,cifar10,iid,label_flip,main,0.35,1,flirds_gatew_v1,0.603375,0.011750000000000038,0.04375000000000007,0.268571428571429,0.9971955128205128,79.0,445.0,75.0,0.8314606741573034,90.0,42.0
cifar10_iid_label-flip_fr0.35_g_seed1,cifar10,iid,label_flip,main,0.35,1,flirds_mult,0.61625,0.024625000000000008,0.04375000000000007,0.5628571428571422,0.8393429487179487,79.0,,,,,
cifar10_iid_label-flip_fr0.35_g_seed2,cifar10,iid,label_flip,main,0.35,2,vanilla,0.59025,0.0,0.03799999999999992,0.0,,87.0,,,,,
cifar10_iid_label-flip_fr0.35_g_seed2,cifar10,iid,label_flip,main,0.35,2,oracle_excl,0.62825,0.03799999999999992,0.03799999999999992,1.0,,62.0,,,,,
cifar10_iid_label-flip_fr0.35_g_seed2,cifar10,iid,label_flip,main,0.35,2,random_excl,0.55075,-0.03950000000000009,0.03799999999999992,-1.0394736842105308,,,,,,,
cifar10_iid_label-flip_fr0.35_g_seed2,cifar10,iid,label_flip,main,0.35,2,flirds_gate_v1,0.617375,0.027124999999999955,0.03799999999999992,0.7138157894736845,0.9939783219590527,75.0,474.0,96.0,0.7974683544303798,89.0,42.0
cifar10_iid_label-flip_fr0.35_g_seed2,cifar10,iid,label_flip,main,0.35,2,flirds_gate_v2,0.587,-0.003250000000000086,0.03799999999999992,-0.08552631578947613,0.8474508229626656,71.0,4260.0,374.0,0.9122065727699531,50.0,6.0
cifar10_iid_label-flip_fr0.35_g_seed2,cifar10,iid,label_flip,main,0.35,2,flirds_zgate_v2,0.595875,0.005624999999999991,0.03799999999999992,0.14802631578947376,1.0,92.0,,,,,
cifar10_iid_label-flip_fr0.35_g_seed2,cifar10,iid,label_flip,main,0.35,2,flirds_gatew_v2,0.58175,-0.008500000000000063,0.03799999999999992,-0.2236842105263179,0.6876756322761943,72.0,4114.0,503.0,0.8777345649003403,57.0,17.0
cifar10_iid_label-flip_fr0.35_g_seed2,cifar10,iid,label_flip,main,0.35,2,flirds_gatew_v1,0.6105,0.02024999999999999,0.03799999999999992,0.5328947368421061,0.9971898835808912,71.0,446.0,77.0,0.827354260089686,82.0,35.0
cifar10_iid_label-flip_fr0.35_g_seed2,cifar10,iid,label_flip,main,0.35,2,flirds_mult,0.613,0.022749999999999937,0.03799999999999992,0.5986842105263154,0.9076676033721397,72.0,,,,,
cifar10_iid_label-flip_fr0.70_g_seed0,cifar10,iid,label_flip,main,0.7,0,vanilla,0.538,0.0,0.09124999999999994,0.0,,,,,,,
cifar10_iid_label-flip_fr0.70_g_seed0,cifar10,iid,label_flip,main,0.7,0,oracle_excl,0.62925,0.09124999999999994,0.09124999999999994,1.0,,69.0,,,,,
cifar10_iid_label-flip_fr0.70_g_seed0,cifar10,iid,label_flip,main,0.7,0,random_excl,0.561,0.02300000000000002,0.09124999999999994,0.25205479452054835,,,,,,,
cifar10_iid_label-flip_fr0.70_g_seed0,cifar10,iid,label_flip,main,0.7,0,flirds_gate_v1,0.57125,0.03325,0.09124999999999994,0.36438356164383584,1.0,73.0,488.0,96.0,0.8032786885245902,89.0,50.0
cifar10_iid_label-flip_fr0.70_g_seed0,cifar10,iid,label_flip,main,0.7,0,flirds_gate_v2,0.60325,0.06524999999999992,0.09124999999999994,0.7150684931506845,0.8394283312316099,72.0,3735.0,210.0,0.9437751004016064,45.0,6.0
cifar10_iid_label-flip_fr0.70_g_seed0,cifar10,iid,label_flip,main,0.7,0,flirds_zgate_v2,0.591125,0.05312499999999998,0.09124999999999994,0.5821917808219179,1.0,,,,,,
cifar10_iid_label-flip_fr0.70_g_seed0,cifar10,iid,label_flip,main,0.7,0,flirds_gatew_v2,0.609125,0.071125,0.09124999999999994,0.779452054794521,0.8541403951240018,73.0,4002.0,420.0,0.8950524737631185,52.0,13.0
cifar10_iid_label-flip_fr0.70_g_seed0,cifar10,iid,label_flip,main,0.7,0,flirds_gatew_v1,0.605375,0.06737499999999996,0.09124999999999994,0.7383561643835617,1.0,84.0,476.0,81.0,0.8298319327731093,82.0,43.0
cifar10_iid_label-flip_fr0.70_g_seed0,cifar10,iid,label_flip,main,0.7,0,flirds_mult,0.61425,0.07624999999999993,0.09124999999999994,0.8356164383561642,0.9756200084068936,73.0,,,,,
cifar10_iid_label-flip_fr0.70_g_seed1,cifar10,iid,label_flip,main,0.7,1,vanilla,0.503375,0.0,0.132,0.0,,,,,,,
cifar10_iid_label-flip_fr0.70_g_seed1,cifar10,iid,label_flip,main,0.7,1,oracle_excl,0.635375,0.132,0.132,1.0,,68.0,,,,,
cifar10_iid_label-flip_fr0.70_g_seed1,cifar10,iid,label_flip,main,0.7,1,random_excl,0.48975,-0.013624999999999998,0.132,-0.10321969696969695,,,,,,,
cifar10_iid_label-flip_fr0.70_g_seed1,cifar10,iid,label_flip,main,0.7,1,flirds_gate_v1,0.57725,0.07387500000000002,0.132,0.559659090909091,1.0,79.0,567.0,87.0,0.8465608465608465,92.0,44.0
cifar10_iid_label-flip_fr0.70_g_seed1,cifar10,iid,label_flip,main,0.7,1,flirds_gate_v2,0.598625,0.09524999999999995,0.132,0.7215909090909086,0.8986378205128204,72.0,5315.0,576.0,0.8916274694261525,62.0,14.0
cifar10_iid_label-flip_fr0.70_g_seed1,cifar10,iid,label_flip,main,0.7,1,flirds_zgate_v2,0.520875,0.01749999999999996,0.132,0.13257575757575726,1.0,,,,,,
cifar10_iid_label-flip_fr0.70_g_seed1,cifar10,iid,label_flip,main,0.7,1,flirds_gatew_v2,0.5965,0.09312500000000001,0.132,0.7054924242424243,0.8774038461538463,71.0,4957.0,427.0,0.9138591890256204,56.0,10.0
cifar10_iid_label-flip_fr0.70_g_seed1,cifar10,iid,label_flip,main,0.7,1,flirds_gatew_v1,0.595,0.09162499999999996,0.132,0.6941287878787875,1.0,85.0,556.0,79.0,0.8579136690647482,91.0,43.0
cifar10_iid_label-flip_fr0.70_g_seed1,cifar10,iid,label_flip,main,0.7,1,flirds_mult,0.602,0.09862499999999996,0.132,0.7471590909090906,0.9871794871794872,79.0,,,,,
cifar10_iid_label-flip_fr0.70_g_seed2,cifar10,iid,label_flip,main,0.7,2,vanilla,0.51,0.0,0.11824999999999997,0.0,,,,,,,
cifar10_iid_label-flip_fr0.70_g_seed2,cifar10,iid,label_flip,main,0.7,2,oracle_excl,0.62825,0.11824999999999997,0.11824999999999997,1.0,,62.0,,,,,
cifar10_iid_label-flip_fr0.70_g_seed2,cifar10,iid,label_flip,main,0.7,2,random_excl,0.456125,-0.053875000000000006,0.11824999999999997,-0.455602536997886,,,,,,,
cifar10_iid_label-flip_fr0.70_g_seed2,cifar10,iid,label_flip,main,0.7,2,flirds_gate_v1,0.615875,0.10587499999999994,0.11824999999999997,0.8953488372093021,1.0,75.0,565.0,88.0,0.8442477876106195,85.0,38.0
cifar10_iid_label-flip_fr0.70_g_seed2,cifar10,iid,label_flip,main,0.7,2,flirds_gate_v2,0.58825,0.07825000000000004,0.11824999999999997,0.6617336152219878,0.8900040144520274,66.0,4929.0,550.0,0.8884155001014404,56.0,10.0
cifar10_iid_label-flip_fr0.70_g_seed2,cifar10,iid,label_flip,main,0.7,2,flirds_zgate_v2,0.512625,0.0026249999999999885,0.11824999999999997,0.02219873150105699,1.0,,,,,,
cifar10_iid_label-flip_fr0.70_g_seed2,cifar10,iid,label_flip,main,0.7,2,flirds_gatew_v2,0.603875,0.09387500000000004,0.11824999999999997,0.7938689217758991,0.8703331995182658,65.0,4823.0,405.0,0.9160273688575575,57.0,12.0
cifar10_iid_label-flip_fr0.70_g_seed2,cifar10,iid,label_flip,main,0.7,2,flirds_gatew_v1,0.6185,0.10850000000000004,0.11824999999999997,0.91754756871036,1.0,77.0,553.0,69.0,0.8752260397830018,84.0,37.0
cifar10_iid_label-flip_fr0.70_g_seed2,cifar10,iid,label_flip,main,0.7,2,flirds_mult,0.606625,0.09662499999999996,0.11824999999999997,0.8171247357293868,0.9915696507426737,77.0,,,,,
cifar10_qskew_clean_g_seed0,cifar10,qskew,clean,main,,0,vanilla,0.669,0.0,,,,48.0,,,,,
cifar10_qskew_clean_g_seed0,cifar10,qskew,clean,main,,0,flirds_gate_v1,0.661375,-0.007624999999999993,,,,49.0,358.0,358.0,0.0,88.0,88.0
cifar10_qskew_clean_g_seed0,cifar10,qskew,clean,main,,0,flirds_gate_v2,0.659125,-0.009875000000000078,,,,51.0,1703.0,1703.0,0.0,25.0,25.0
cifar10_qskew_clean_g_seed0,cifar10,qskew,clean,main,,0,flirds_zgate_v2,0.666625,-0.002375000000000016,,,,50.0,,,,,
cifar10_qskew_clean_g_seed0,cifar10,qskew,clean,main,,0,flirds_gatew_v2,0.656125,-0.01287500000000008,,,,47.0,1254.0,1254.0,0.0,22.0,22.0
cifar10_qskew_clean_g_seed0,cifar10,qskew,clean,main,,0,flirds_gatew_v1,0.657,-0.01200000000000001,,,,49.0,276.0,276.0,0.0,83.0,83.0
cifar10_qskew_clean_g_seed0,cifar10,qskew,clean,main,,0,flirds_mult,0.66375,-0.005250000000000088,,,,47.0,,,,,
cifar10_qskew_free-rider_g_seed0,cifar10,qskew,free_rider,main,,0,vanilla,0.623125,0.0,0.02012499999999995,0.0,,89.0,,,,,
cifar10_qskew_free-rider_g_seed0,cifar10,qskew,free_rider,main,,0,oracle_excl,0.64325,0.02012499999999995,0.02012499999999995,1.0,,52.0,,,,,
cifar10_qskew_free-rider_g_seed0,cifar10,qskew,free_rider,main,,0,random_excl,0.61275,-0.010375000000000023,0.02012499999999995,-0.5155279503105614,,89.0,,,,,
cifar10_qskew_free-rider_g_seed0,cifar10,qskew,free_rider,main,,0,flirds_gate_v1,0.64725,0.024124999999999952,0.02012499999999995,1.1987577639751559,0.9666666666666667,63.0,605.0,125.0,0.7933884297520661,86.0,46.0
cifar10_qskew_free-rider_g_seed0,cifar10,qskew,free_rider,main,,0,flirds_gate_v2,0.631625,0.008499999999999952,0.02012499999999995,0.42236024844720366,0.6833333333333333,59.0,5419.0,1306.0,0.7589961247462631,59.0,19.0
cifar10_qskew_free-rider_g_seed0,cifar10,qskew,free_rider,main,,0,flirds_zgate_v2,0.62025,-0.002875000000000072,0.02012499999999995,-0.1428571428571468,0.8333333333333334,92.0,,,,,
cifar10_qskew_free-rider_g_seed0,cifar10,qskew,free_rider,main,,0,flirds_gatew_v2,0.63125,0.008124999999999938,0.02012499999999995,0.4037267080745321,0.65,53.0,5235.0,1123.0,0.7854823304680039,61.0,21.0
cifar10_qskew_free-rider_g_seed0,cifar10,qskew,free_rider,main,,0,flirds_gatew_v1,0.640625,0.01749999999999996,0.02012499999999995,0.8695652173913045,0.9833333333333333,53.0,575.0,95.0,0.8347826086956521,81.0,41.0
cifar10_qskew_free-rider_g_seed0,cifar10,qskew,free_rider,main,,0,flirds_mult,0.636625,0.013499999999999956,0.02012499999999995,0.6708074534161487,0.4325,69.0,,,,,
cifar10_qskew_frrand_g_seed0,cifar10,qskew,frrand,main,,0,vanilla,0.623875,0.0,0.01937500000000003,,,89.0,,,,,
cifar10_qskew_frrand_g_seed0,cifar10,qskew,frrand,main,,0,oracle_excl,0.64325,0.01937500000000003,0.01937500000000003,,,52.0,,,,,
cifar10_qskew_frrand_g_seed0,cifar10,qskew,frrand,main,,0,random_excl,0.61175,-0.012124999999999941,0.01937500000000003,,,89.0,,,,,
cifar10_qskew_frrand_g_seed0,cifar10,qskew,frrand,main,,0,flirds_gate_v1,0.628375,0.0045000000000000595,0.01937500000000003,,0.8666666666666666,81.0,440.0,205.0,0.5340909090909091,92.0,52.0
cifar10_qskew_frrand_g_seed0,cifar10,qskew,frrand,main,,0,flirds_gate_v2,0.624,0.00012500000000004174,0.01937500000000003,,0.8070833333333334,79.0,4026.0,828.0,0.7943368107302533,53.0,13.0
cifar10_qskew_frrand_g_seed0,cifar10,qskew,frrand,main,,0,flirds_zgate_v2,0.6215,-0.002374999999999905,0.01937500000000003,,0.8358333333333333,98.0,,,,,
cifar10_qskew_frrand_g_seed0,cifar10,qskew,frrand,main,,0,flirds_gatew_v2,0.634125,0.010250000000000092,0.01937500000000003,,0.7812499999999999,59.0,3551.0,622.0,0.8248380737820332,47.0,12.0
cifar10_qskew_frrand_g_seed0,cifar10,qskew,frrand,main,,0,flirds_gatew_v1,0.630875,0.007000000000000006,0.01937500000000003,,0.9666666666666667,53.0,335.0,105.0,0.6865671641791045,85.0,45.0
cifar10_qskew_frrand_g_seed0,cifar10,qskew,frrand,main,,0,flirds_mult,0.63575,0.01187500000000008,0.01937500000000003,,0.43833333333333335,69.0,,,,,
cifar10_qskew_grad-noise_g_seed0,cifar10,qskew,grad_noise,main,,0,vanilla,0.2525,0.0,0.39075,0.0,,,,,,,
cifar10_qskew_grad-noise_g_seed0,cifar10,qskew,grad_noise,main,,0,oracle_excl,0.64325,0.39075,0.39075,1.0,,52.0,,,,,
cifar10_qskew_grad-noise_g_seed0,cifar10,qskew,grad_noise,main,,0,random_excl,0.255625,0.003124999999999989,0.39075,0.007997440818937912,,,,,,,
cifar10_qskew_grad-noise_g_seed0,cifar10,qskew,grad_noise,main,,0,flirds_gate_v1,0.544125,0.29162499999999997,0.39075,0.7463211772232885,0.9958333333333333,97.0,649.0,197.0,0.6964560862865947,95.0,55.0
cifar10_qskew_grad-noise_g_seed0,cifar10,qskew,grad_noise,main,,0,flirds_gate_v2,0.636625,0.384125,0.39075,0.9830454254638515,0.9879166666666667,51.0,5323.0,1273.0,0.7608491452188615,59.0,19.0
cifar10_qskew_grad-noise_g_seed0,cifar10,qskew,grad_noise,main,,0,flirds_zgate_v2,0.433875,0.181375,0.39075,0.4641714651311581,0.9833333333333333,,,,,,
cifar10_qskew_grad-noise_g_seed0,cifar10,qskew,grad_noise,main,,0,flirds_gatew_v2,0.630375,0.377875,0.39075,0.9670505438259758,0.9870833333333333,49.0,4907.0,888.0,0.8190340330140615,57.0,17.0
cifar10_qskew_grad-noise_g_seed0,cifar10,qskew,grad_noise,main,,0,flirds_gatew_v1,0.203875,-0.048625,0.39075,-0.12444017914267436,0.9066666666666666,,725.0,278.0,0.616551724137931,100.0,60.0
cifar10_qskew_grad-noise_g_seed0,cifar10,qskew,grad_noise,main,,0,flirds_mult,0.487125,0.23462499999999997,0.39075,0.6004478566858604,0.9445833333333333,,,,,,
cifar10_qskew_label-flip_fr0.15_g_seed0,cifar10,qskew,label_flip,main,0.15,0,vanilla,0.640625,0.0,0.00824999999999998,,,51.0,,,,,
cifar10_qskew_label-flip_fr0.15_g_seed0,cifar10,qskew,label_flip,main,0.15,0,oracle_excl,0.648875,0.00824999999999998,0.00824999999999998,,,48.0,,,,,
cifar10_qskew_label-flip_fr0.15_g_seed0,cifar10,qskew,label_flip,main,0.15,0,random_excl,0.63775,-0.002874999999999961,0.00824999999999998,,,57.0,,,,,
cifar10_qskew_label-flip_fr0.15_g_seed0,cifar10,qskew,label_flip,main,0.15,0,flirds_gate_v1,0.6325,-0.008125000000000049,0.00824999999999998,,0.5523329129886507,53.0,355.0,205.0,0.4225352112676056,87.0,50.0
cifar10_qskew_label-flip_fr0.15_g_seed0,cifar10,qskew,label_flip,main,0.15,0,flirds_gate_v2,0.62975,-0.010874999999999968,0.00824999999999998,,0.4686843211433375,53.0,2002.0,941.0,0.52997002997003,31.0,17.0
cifar10_qskew_label-flip_fr0.15_g_seed0,cifar10,qskew,label_flip,main,0.15,0,flirds_zgate_v2,0.643,0.002375000000000016,0.00824999999999998,,0.42118537200504413,53.0,,,,,
cifar10_qskew_label-flip_fr0.15_g_seed0,cifar10,qskew,label_flip,main,0.15,0,flirds_gatew_v2,0.639125,-0.0014999999999999458,0.00824999999999998,,0.3774695250105087,50.0,1120.0,580.0,0.48214285714285715,20.0,13.0
cifar10_qskew_label-flip_fr0.15_g_seed0,cifar10,qskew,label_flip,main,0.15,0,flirds_gatew_v1,0.640375,-0.00024999999999997247,0.00824999999999998,,0.532156368221942,51.0,259.0,157.0,0.3938223938223938,80.0,48.0
cifar10_qskew_label-flip_fr0.15_g_seed0,cifar10,qskew,label_flip,main,0.15,0,flirds_mult,0.637375,-0.003249999999999975,0.00824999999999998,,0.24590163934426232,51.0,,,,,
cifar10_qskew_label-flip_fr0.35_g_seed0,cifar10,qskew,label_flip,main,0.35,0,vanilla,0.607,0.0,0.041874999999999996,0.0,,64.0,,,,,
cifar10_qskew_label-flip_fr0.35_g_seed0,cifar10,qskew,label_flip,main,0.35,0,oracle_excl,0.648875,0.041874999999999996,0.041874999999999996,1.0,,48.0,,,,,
cifar10_qskew_label-flip_fr0.35_g_seed0,cifar10,qskew,label_flip,main,0.35,0,random_excl,0.619125,0.012125000000000052,0.041874999999999996,0.2895522388059714,,64.0,,,,,
cifar10_qskew_label-flip_fr0.35_g_seed0,cifar10,qskew,label_flip,main,0.35,0,flirds_gate_v1,0.617625,0.010624999999999996,0.041874999999999996,0.253731343283582,0.8108448928121059,53.0,424.0,152.0,0.6415094339622641,87.0,48.0
cifar10_qskew_label-flip_fr0.35_g_seed0,cifar10,qskew,label_flip,main,0.35,0,flirds_gate_v2,0.610125,0.0031250000000000444,0.041874999999999996,0.07462686567164285,0.7175283732660782,53.0,3487.0,715.0,0.7949526813880127,47.0,14.0
cifar10_qskew_label-flip_fr0.35_g_seed0,cifar10,qskew,label_flip,main,0.35,0,flirds_zgate_v2,0.625125,0.018125000000000058,0.041874999999999996,0.4328358208955238,0.9251786464901219,58.0,,,,,
cifar10_qskew_label-flip_fr0.35_g_seed0,cifar10,qskew,label_flip,main,0.35,0,flirds_gatew_v2,0.617125,0.01012500000000005,0.041874999999999996,0.24179104477612065,0.5220680958385876,44.0,2794.0,977.0,0.6503221188260558,48.0,23.0
cifar10_qskew_label-flip_fr0.35_g_seed0,cifar10,qskew,label_flip,main,0.35,0,flirds_gatew_v1,0.619625,0.012624999999999997,0.041874999999999996,0.3014925373134328,0.8087431693989071,53.0,342.0,115.0,0.6637426900584795,84.0,45.0
cifar10_qskew_label-flip_fr0.35_g_seed0,cifar10,qskew,label_flip,main,0.35,0,flirds_mult,0.62475,0.017750000000000044,0.041874999999999996,0.4238805970149265,0.5628415300546449,53.0,,,,,
cifar10_qskew_label-flip_fr0.70_g_seed0,cifar10,qskew,label_flip,main,0.7,0,vanilla,0.558625,0.0,0.09024999999999994,0.0,,,,,,,
cifar10_qskew_label-flip_fr0.70_g_seed0,cifar10,qskew,label_flip,main,0.7,0,oracle_excl,0.648875,0.09024999999999994,0.09024999999999994,1.0,,48.0,,,,,
cifar10_qskew_label-flip_fr0.70_g_seed0,cifar10,qskew,label_flip,main,0.7,0,random_excl,0.589125,0.03049999999999997,0.09024999999999994,0.337950138504155,,,,,,,
cifar10_qskew_label-flip_fr0.70_g_seed0,cifar10,qskew,label_flip,main,0.7,0,flirds_gate_v1,0.58275,0.024124999999999952,0.09024999999999994,0.2673130193905814,0.9705758722152165,53.0,476.0,126.0,0.7352941176470589,82.0,43.0
cifar10_qskew_label-flip_fr0.70_g_seed0,cifar10,qskew,label_flip,main,0.7,0,flirds_gate_v2,0.596875,0.038250000000000006,0.09024999999999994,0.4238227146814408,0.7944514501891551,55.0,4477.0,1150.0,0.7431315613133795,56.0,19.0
cifar10_qskew_label-flip_fr0.70_g_seed0,cifar10,qskew,label_flip,main,0.7,0,flirds_zgate_v2,0.5995,0.040874999999999995,0.09024999999999994,0.45290858725761796,0.9878100042034469,74.0,,,,,
cifar10_qskew_label-flip_fr0.70_g_seed0,cifar10,qskew,label_flip,main,0.7,0,flirds_gatew_v2,0.58225,0.023625000000000007,0.09024999999999994,0.26177285318559584,0.6675073560319462,49.0,3873.0,940.0,0.7572940872708495,56.0,22.0
cifar10_qskew_label-flip_fr0.70_g_seed0,cifar10,qskew,label_flip,main,0.7,0,flirds_gatew_v1,0.537375,-0.02124999999999999,0.09024999999999994,-0.2354570637119114,0.9739386296763346,51.0,449.0,111.0,0.7527839643652561,87.0,48.0
cifar10_qskew_label-flip_fr0.70_g_seed0,cifar10,qskew,label_flip,main,0.7,0,flirds_mult,0.62525,0.06662499999999993,0.09024999999999994,0.7382271468144042,0.7906683480453972,53.0,,,,,
cifar10_shard_clean_g_seed0,cifar10,shard,clean,main,,0,vanilla,0.512875,0.0,,,,,,,,,
cifar10_shard_clean_g_seed0,cifar10,shard,clean,main,,0,flirds_gate_v1,0.455625,-0.05724999999999997,,,,,455.0,455.0,0.0,99.0,99.0
cifar10_shard_clean_g_seed0,cifar10,shard,clean,main,,0,flirds_gate_v2,0.449125,-0.06374999999999997,,,,,3747.0,3747.0,0.0,42.0,42.0
cifar10_shard_clean_g_seed0,cifar10,shard,clean,main,,0,flirds_zgate_v2,0.50425,-0.008624999999999994,,,,,,,,,
cifar10_shard_clean_g_seed0,cifar10,shard,clean,main,,0,flirds_gatew_v2,0.400875,-0.11199999999999999,,,,,3207.0,3207.0,0.0,43.0,43.0
cifar10_shard_clean_g_seed0,cifar10,shard,clean,main,,0,flirds_gatew_v1,0.3905,-0.12237499999999996,,,,,368.0,368.0,0.0,98.0,98.0
cifar10_shard_clean_g_seed0,cifar10,shard,clean,main,,0,flirds_mult,0.527125,0.014249999999999985,,,,,,,,,
cifar10_shard_clean_g_seed1,cifar10,shard,clean,main,,1,vanilla,0.436875,0.0,,,,,,,,,
cifar10_shard_clean_g_seed1,cifar10,shard,clean,main,,1,flirds_gate_v1,0.462875,0.025999999999999968,,,,,442.0,442.0,0.0,99.0,99.0
cifar10_shard_clean_g_seed1,cifar10,shard,clean,main,,1,flirds_gate_v2,0.467375,0.03049999999999997,,,,,2984.0,2984.0,0.0,34.0,34.0
cifar10_shard_clean_g_seed1,cifar10,shard,clean,main,,1,flirds_zgate_v2,0.418,-0.01887500000000003,,,,,,,,,
cifar10_shard_clean_g_seed1,cifar10,shard,clean,main,,1,flirds_gatew_v2,0.495875,0.059,,,,,3678.0,3678.0,0.0,48.0,48.0
cifar10_shard_clean_g_seed1,cifar10,shard,clean,main,,1,flirds_gatew_v1,0.193,-0.243875,,,,,393.0,393.0,0.0,97.0,97.0
cifar10_shard_clean_g_seed1,cifar10,shard,clean,main,,1,flirds_mult,0.45475,0.017874999999999974,,,,,,,,,
cifar10_shard_free-rider_g_seed0,cifar10,shard,free_rider,main,,0,vanilla,0.376875,0.0,0.08049999999999996,0.0,,,,,,,
cifar10_shard_free-rider_g_seed0,cifar10,shard,free_rider,main,,0,oracle_excl,0.457375,0.08049999999999996,0.08049999999999996,1.0,,,,,,,
cifar10_shard_free-rider_g_seed0,cifar10,shard,free_rider,main,,0,random_excl,0.405875,0.02899999999999997,0.08049999999999996,0.36024844720496874,,,,,,,
cifar10_shard_free-rider_g_seed0,cifar10,shard,free_rider,main,,0,flirds_gate_v1,0.20175,-0.175125,0.08049999999999996,-2.175465838509318,0.9833333333333333,,688.0,208.0,0.6976744186046512,99.0,59.0
cifar10_shard_free-rider_g_seed0,cifar10,shard,free_rider,main,,0,flirds_gate_v2,0.364375,-0.012500000000000011,0.08049999999999996,-0.15527950310559027,0.6666666666666667,,6025.0,1870.0,0.6896265560165975,60.0,20.0
cifar10_shard_free-rider_g_seed0,cifar10,shard,free_rider,main,,0,flirds_zgate_v2,0.412625,0.035750000000000004,0.08049999999999996,0.44409937888198786,0.41666666666666663,,,,,,
cifar10_shard_free-rider_g_seed0,cifar10,shard,free_rider,main,,0,flirds_gatew_v2,0.4675,0.09062500000000001,0.08049999999999996,1.1257763975155286,0.6333333333333333,,5945.0,1821.0,0.6936921783010933,62.0,22.0
cifar10_shard_free-rider_g_seed0,cifar10,shard,free_rider,main,,0,flirds_gatew_v1,0.205375,-0.1715,0.08049999999999996,-2.1304347826086967,1.0,,659.0,179.0,0.7283763277693475,97.0,57.0
cifar10_shard_free-rider_g_seed0,cifar10,shard,free_rider,main,,0,flirds_mult,0.412,0.03512499999999996,0.08049999999999996,0.4363354037267078,0.315,,,,,,
cifar10_shard_frrand_g_seed0,cifar10,shard,frrand,main,,0,vanilla,0.37675,0.0,0.080625,0.0,,,,,,,
cifar10_shard_frrand_g_seed0,cifar10,shard,frrand,main,,0,oracle_excl,0.457375,0.080625,0.080625,1.0,,,,,,,
cifar10_shard_frrand_g_seed0,cifar10,shard,frrand,main,,0,random_excl,0.408375,0.031625000000000014,0.080625,0.39224806201550405,,,,,,,
cifar10_shard_frrand_g_seed0,cifar10,shard,frrand,main,,0,flirds_gate_v1,0.470625,0.09387500000000004,0.080625,1.1643410852713183,0.81875,,549.0,308.0,0.43897996357012753,100.0,60.0
cifar10_shard_frrand_g_seed0,cifar10,shard,frrand,main,,0,flirds_gate_v2,0.40575,0.029000000000000026,0.080625,0.3596899224806205,0.6833333333333333,,5026.0,1698.0,0.6621567847194588,58.0,21.0
cifar10_shard_frrand_g_seed0,cifar10,shard,frrand,main,,0,flirds_zgate_v2,0.467375,0.09062500000000001,0.080625,1.124031007751938,0.4666666666666667,,,,,,
cifar10_shard_frrand_g_seed0,cifar10,shard,frrand,main,,0,flirds_gatew_v2,0.446125,0.06937500000000002,0.080625,0.86046511627907,0.8833333333333333,,3212.0,751.0,0.7661892901618929,38.0,9.0
cifar10_shard_frrand_g_seed0,cifar10,shard,frrand,main,,0,flirds_gatew_v1,0.207625,-0.16912499999999997,0.080625,-2.0976744186046505,1.0,,420.0,180.0,0.5714285714285714,98.0,58.0
cifar10_shard_frrand_g_seed0,cifar10,shard,frrand,main,,0,flirds_mult,0.41175,0.03500000000000003,0.080625,0.43410852713178333,0.31500000000000006,,,,,,
cifar10_shard_grad-noise_g_seed0,cifar10,shard,grad_noise,main,,0,vanilla,0.170875,0.0,0.2865,0.0,,,,,,,
cifar10_shard_grad-noise_g_seed0,cifar10,shard,grad_noise,main,,0,oracle_excl,0.457375,0.2865,0.2865,1.0,,,,,,,
cifar10_shard_grad-noise_g_seed0,cifar10,shard,grad_noise,main,,0,random_excl,0.180875,0.010000000000000009,0.2865,0.03490401396160562,,,,,,,
cifar10_shard_grad-noise_g_seed0,cifar10,shard,grad_noise,main,,0,flirds_gate_v1,0.117375,-0.053500000000000006,0.2865,-0.18673647469458993,0.8383333333333334,,623.0,277.0,0.5553772070626003,100.0,60.0
cifar10_shard_grad-noise_g_seed0,cifar10,shard,grad_noise,main,,0,flirds_gate_v2,0.407875,0.237,0.2865,0.8272251308900523,0.8408333333333333,,7604.0,3582.0,0.5289321409784324,77.0,37.0
cifar10_shard_grad-noise_g_seed0,cifar10,shard,grad_noise,main,,0,flirds_zgate_v2,0.165875,-0.0050000000000000044,0.2865,-0.01745200698080281,1.0,,,,,,
cifar10_shard_grad-noise_g_seed0,cifar10,shard,grad_noise,main,,0,flirds_gatew_v2,0.40625,0.235375,0.2865,0.8215532286212915,0.9004166666666666,,6093.0,2152.0,0.6468078122435582,66.0,26.0
cifar10_shard_grad-noise_g_seed0,cifar10,shard,grad_noise,main,,0,flirds_gatew_v1,0.143,-0.02787500000000001,0.2865,-0.09729493891797561,0.8108333333333334,,527.0,229.0,0.5654648956356736,99.0,59.0
cifar10_shard_grad-noise_g_seed0,cifar10,shard,grad_noise,main,,0,flirds_mult,0.282875,0.11199999999999999,0.2865,0.39092495636998253,0.9908333333333333,,,,,,
cifar10_shard_label-flip_fr0.15_g_seed0,cifar10,shard,label_flip,main,0.15,0,vanilla,0.478875,0.0,-0.02174999999999999,-0.0,,,,,,,
cifar10_shard_label-flip_fr0.15_g_seed0,cifar10,shard,label_flip,main,0.15,0,oracle_excl,0.457125,-0.02174999999999999,-0.02174999999999999,1.0,,,,,,,
cifar10_shard_label-flip_fr0.15_g_seed0,cifar10,shard,label_flip,main,0.15,0,random_excl,0.37625,-0.10262500000000002,-0.02174999999999999,4.718390804597704,,,,,,,
cifar10_shard_label-flip_fr0.15_g_seed0,cifar10,shard,label_flip,main,0.15,0,flirds_gate_v1,0.45175,-0.02712500000000001,-0.02174999999999999,1.2471264367816102,0.31778058007566207,,429.0,285.0,0.3356643356643357,98.0,61.0
cifar10_shard_label-flip_fr0.15_g_seed0,cifar10,shard,label_flip,main,0.15,0,flirds_gate_v2,0.229875,-0.249,-0.02174999999999999,11.44827586206897,0.35729298024379996,,3083.0,2417.0,0.21602335387609473,40.0,31.0
cifar10_shard_label-flip_fr0.15_g_seed0,cifar10,shard,label_flip,main,0.15,0,flirds_zgate_v2,0.469875,-0.009000000000000008,-0.02174999999999999,0.4137931034482764,0.3127364438839849,,,,,,
cifar10_shard_label-flip_fr0.15_g_seed0,cifar10,shard,label_flip,main,0.15,0,flirds_gatew_v2,0.449375,-0.02949999999999997,-0.02174999999999999,1.356321839080459,0.3274485077763767,,3943.0,2748.0,0.30306872939386253,47.0,33.0
cifar10_shard_label-flip_fr0.15_g_seed0,cifar10,shard,label_flip,main,0.15,0,flirds_gatew_v1,0.310125,-0.16875,-0.02174999999999999,7.758620689655176,0.3278688524590164,,348.0,244.0,0.2988505747126437,97.0,61.0
cifar10_shard_label-flip_fr0.15_g_seed0,cifar10,shard,label_flip,main,0.15,0,flirds_mult,0.506375,0.027500000000000024,-0.02174999999999999,-1.2643678160919556,0.45901639344262296,,,,,,
cifar10_shard_label-flip_fr0.35_g_seed0,cifar10,shard,label_flip,main,0.35,0,vanilla,0.43725,0.0,0.019874999999999976,,,,,,,,
cifar10_shard_label-flip_fr0.35_g_seed0,cifar10,shard,label_flip,main,0.35,0,oracle_excl,0.457125,0.019874999999999976,0.019874999999999976,,,,,,,,
cifar10_shard_label-flip_fr0.35_g_seed0,cifar10,shard,label_flip,main,0.35,0,random_excl,0.346875,-0.09037500000000004,0.019874999999999976,,,,,,,,
cifar10_shard_label-flip_fr0.35_g_seed0,cifar10,shard,label_flip,main,0.35,0,flirds_gate_v1,0.302875,-0.13437500000000002,0.019874999999999976,,0.3442622950819672,,426.0,293.0,0.31220657276995306,100.0,61.0
cifar10_shard_label-flip_fr0.35_g_seed0,cifar10,shard,label_flip,main,0.35,0,flirds_gate_v2,0.17325,-0.264,0.019874999999999976,,0.21017234131988233,,3891.0,3187.0,0.18093035209457722,45.0,37.0
cifar10_shard_label-flip_fr0.35_g_seed0,cifar10,shard,label_flip,main,0.35,0,flirds_zgate_v2,0.44875,0.011499999999999955,0.019874999999999976,,0.36065573770491804,,,,,,
cifar10_shard_label-flip_fr0.35_g_seed0,cifar10,shard,label_flip,main,0.35,0,flirds_gatew_v2,0.387125,-0.05012500000000003,0.019874999999999976,,0.29298024379991594,,2724.0,2610.0,0.04185022026431718,34.0,32.0
cifar10_shard_label-flip_fr0.35_g_seed0,cifar10,shard,label_flip,main,0.35,0,flirds_gatew_v1,0.245125,-0.19212500000000002,0.019874999999999976,,0.38041193778898696,,330.0,246.0,0.2545454545454545,97.0,61.0
cifar10_shard_label-flip_fr0.35_g_seed0,cifar10,shard,label_flip,main,0.35,0,flirds_mult,0.4575,0.02024999999999999,0.019874999999999976,,0.5157629255989913,,,,,,
cifar10_shard_label-flip_fr0.70_g_seed0,cifar10,shard,label_flip,main,0.7,0,vanilla,0.366375,0.0,0.09075,0.0,,,,,,,
cifar10_shard_label-flip_fr0.70_g_seed0,cifar10,shard,label_flip,main,0.7,0,oracle_excl,0.457125,0.09075,0.09075,1.0,,,,,,,
cifar10_shard_label-flip_fr0.70_g_seed0,cifar10,shard,label_flip,main,0.7,0,random_excl,0.308625,-0.057750000000000024,0.09075,-0.6363636363636367,,,,,,,
cifar10_shard_label-flip_fr0.70_g_seed0,cifar10,shard,label_flip,main,0.7,0,flirds_gate_v1,0.241625,-0.12475,0.09075,-1.3746556473829201,0.3728457335014712,,412.0,294.0,0.28640776699029125,98.0,61.0
cifar10_shard_label-flip_fr0.70_g_seed0,cifar10,shard,label_flip,main,0.7,0,flirds_gate_v2,0.354,-0.012375000000000025,0.09075,-0.13636363636363663,0.2698612862547289,,3590.0,3318.0,0.07576601671309192,39.0,36.0
cifar10_shard_label-flip_fr0.70_g_seed0,cifar10,shard,label_flip,main,0.7,0,flirds_zgate_v2,0.278875,-0.08750000000000002,0.09075,-0.9641873278236918,0.3888188314417822,,,,,,
cifar10_shard_label-flip_fr0.70_g_seed0,cifar10,shard,label_flip,main,0.7,0,flirds_gatew_v2,0.1745,-0.19187500000000002,0.09075,-2.1143250688705235,0.21353509878100044,,3167.0,2988.0,0.056520366277233974,39.0,37.0
cifar10_shard_label-flip_fr0.70_g_seed0,cifar10,shard,label_flip,main,0.7,0,flirds_gatew_v1,0.216,-0.150375,0.09075,-1.65702479338843,0.3917612442202606,,325.0,245.0,0.24615384615384617,93.0,60.0
cifar10_shard_label-flip_fr0.70_g_seed0,cifar10,shard,label_flip,main,0.7,0,flirds_mult,0.372875,0.006500000000000006,0.09075,0.07162534435261715,0.5439260193358555,,,,,,
fmnist_dir1_clean_g_seed0,fmnist,dir1,clean,main,,0,vanilla,0.794,0.0,,,,8.0,,,,,
fmnist_dir1_clean_g_seed0,fmnist,dir1,clean,main,,0,flirds_gate_v1,0.845875,0.051875000000000004,,,,8.0,456.0,456.0,0.0,97.0,97.0
fmnist_dir1_clean_g_seed0,fmnist,dir1,clean,main,,0,flirds_gate_v2,0.8275,0.033499999999999974,,,,8.0,2746.0,2746.0,0.0,39.0,39.0
fmnist_dir1_clean_g_seed0,fmnist,dir1,clean,main,,0,flirds_zgate_v2,0.8455,0.05149999999999999,,,,8.0,,,,,
fmnist_dir1_clean_g_seed0,fmnist,dir1,clean,main,,0,flirds_gatew_v2,0.8435,0.04949999999999999,,,,7.0,1860.0,1860.0,0.0,27.0,27.0
fmnist_dir1_clean_g_seed0,fmnist,dir1,clean,main,,0,flirds_gatew_v1,0.8475,0.05349999999999999,,,,7.0,323.0,323.0,0.0,93.0,93.0
fmnist_dir1_clean_g_seed0,fmnist,dir1,clean,main,,0,flirds_mult,0.815375,0.021374999999999922,,,,7.0,,,,,
fmnist_dir1_free-rider_g_seed0,fmnist,dir1,free_rider,main,,0,vanilla,0.79375,0.0,0.04400000000000004,0.0,,13.0,,,,,
fmnist_dir1_free-rider_g_seed0,fmnist,dir1,free_rider,main,,0,oracle_excl,0.83775,0.04400000000000004,0.04400000000000004,1.0,,7.0,,,,,
fmnist_dir1_free-rider_g_seed0,fmnist,dir1,free_rider,main,,0,random_excl,0.8095,0.015750000000000042,0.04400000000000004,0.3579545454545461,,10.0,,,,,
fmnist_dir1_free-rider_g_seed0,fmnist,dir1,free_rider,main,,0,flirds_gate_v1,0.781875,-0.011874999999999969,0.04400000000000004,-0.2698863636363627,0.9333333333333333,8.0,676.0,196.0,0.7100591715976331,93.0,53.0
fmnist_dir1_free-rider_g_seed0,fmnist,dir1,free_rider,main,,0,flirds_gate_v2,0.837125,0.04337500000000005,0.04400000000000004,0.9857954545454548,0.7,8.0,5715.0,1544.0,0.7298337707786526,60.0,20.0
fmnist_dir1_free-rider_g_seed0,fmnist,dir1,free_rider,main,,0,flirds_zgate_v2,0.802125,0.008375000000000021,0.04400000000000004,0.1903409090909094,0.7,12.0,,,,,
fmnist_dir1_free-rider_g_seed0,fmnist,dir1,free_rider,main,,0,flirds_gatew_v2,0.820375,0.02662500000000001,0.04400000000000004,0.605113636363636,0.7333333333333334,8.0,5347.0,1244.0,0.7673461754254722,57.0,17.0
fmnist_dir1_free-rider_g_seed0,fmnist,dir1,free_rider,main,,0,flirds_gatew_v1,0.79425,0.000500000000000056,0.04400000000000004,0.011363636363637625,0.9833333333333333,8.0,622.0,142.0,0.7717041800643086,85.0,45.0
fmnist_dir1_free-rider_g_seed0,fmnist,dir1,free_rider,main,,0,flirds_mult,0.8085,0.01475000000000004,0.04400000000000004,0.3352272727272734,0.39458333333333334,8.0,,,,,
fmnist_dir1_frrand_g_seed0,fmnist,dir1,frrand,main,,0,vanilla,0.796125,0.0,0.04162500000000002,0.0,,13.0,,,,,
fmnist_dir1_frrand_g_seed0,fmnist,dir1,frrand,main,,0,oracle_excl,0.83775,0.04162500000000002,0.04162500000000002,1.0,,7.0,,,,,
fmnist_dir1_frrand_g_seed0,fmnist,dir1,frrand,main,,0,random_excl,0.80875,0.012624999999999997,0.04162500000000002,0.3033033033033031,,10.0,,,,,
fmnist_dir1_frrand_g_seed0,fmnist,dir1,frrand,main,,0,flirds_gate_v1,0.793375,-0.002749999999999919,0.04162500000000002,-0.06606606606606409,0.8350000000000001,13.0,538.0,295.0,0.4516728624535316,99.0,59.0
fmnist_dir1_frrand_g_seed0,fmnist,dir1,frrand,main,,0,flirds_gate_v2,0.798875,0.00275000000000003,0.04162500000000002,0.06606606606606676,0.6033333333333333,12.0,4813.0,2039.0,0.5763557033035529,56.0,25.0
fmnist_dir1_frrand_g_seed0,fmnist,dir1,frrand,main,,0,flirds_zgate_v2,0.800875,0.004750000000000032,0.04162500000000002,0.11411411411411482,0.7,12.0,,,,,
fmnist_dir1_frrand_g_seed0,fmnist,dir1,frrand,main,,0,flirds_gatew_v2,0.838125,0.04200000000000004,0.04162500000000002,1.0090090090090094,0.7558333333333334,8.0,3535.0,956.0,0.7295615275813295,46.0,15.0
fmnist_dir1_frrand_g_seed0,fmnist,dir1,frrand,main,,0,flirds_gatew_v1,0.799125,0.0030000000000000027,0.04162500000000002,0.0720720720720721,0.9833333333333333,8.0,379.0,150.0,0.604221635883905,87.0,47.0
fmnist_dir1_frrand_g_seed0,fmnist,dir1,frrand,main,,0,flirds_mult,0.807125,0.01100000000000001,0.04162500000000002,0.26426426426426436,0.39041666666666663,8.0,,,,,
fmnist_dir1_grad-noise_g_seed0,fmnist,dir1,grad_noise,main,,0,vanilla,0.74825,0.0,0.08950000000000002,0.0,,10.0,,,,,
fmnist_dir1_grad-noise_g_seed0,fmnist,dir1,grad_noise,main,,0,oracle_excl,0.83775,0.08950000000000002,0.08950000000000002,1.0,,7.0,,,,,
fmnist_dir1_grad-noise_g_seed0,fmnist,dir1,grad_noise,main,,0,random_excl,0.7705,0.022249999999999992,0.08950000000000002,0.2486033519553071,,11.0,,,,,
fmnist_dir1_grad-noise_g_seed0,fmnist,dir1,grad_noise,main,,0,flirds_gate_v1,0.796875,0.04862500000000003,0.08950000000000002,0.543296089385475,0.9870833333333333,9.0,622.0,226.0,0.6366559485530546,95.0,55.0
fmnist_dir1_grad-noise_g_seed0,fmnist,dir1,grad_noise,main,,0,flirds_gate_v2,0.85925,0.11099999999999999,0.08950000000000002,1.2402234636871503,0.9512499999999999,9.0,5292.0,1325.0,0.7496220710506425,56.0,16.0
fmnist_dir1_grad-noise_g_seed0,fmnist,dir1,grad_noise,main,,0,flirds_zgate_v2,0.807875,0.05962500000000004,0.08950000000000002,0.666201117318436,0.9995833333333333,10.0,,,,,
fmnist_dir1_grad-noise_g_seed0,fmnist,dir1,grad_noise,main,,0,flirds_gatew_v2,0.85775,0.10950000000000004,0.08950000000000002,1.2234636871508382,0.9808333333333333,7.0,4499.0,859.0,0.8090686819293176,51.0,11.0
fmnist_dir1_grad-noise_g_seed0,fmnist,dir1,grad_noise,main,,0,flirds_gatew_v1,0.769125,0.020874999999999977,0.08950000000000002,0.23324022346368684,0.98875,6.0,528.0,151.0,0.7140151515151515,86.0,46.0
fmnist_dir1_grad-noise_g_seed0,fmnist,dir1,grad_noise,main,,0,flirds_mult,0.806625,0.058375000000000066,0.08950000000000002,0.652234636871509,0.9895833333333333,6.0,,,,,
fmnist_dir1_label-flip_fr0.15_g_seed0,fmnist,dir1,label_flip,main,0.15,0,vanilla,0.821875,0.0,-0.0015000000000000568,,,8.0,,,,,
fmnist_dir1_label-flip_fr0.15_g_seed0,fmnist,dir1,label_flip,main,0.15,0,oracle_excl,0.820375,-0.0015000000000000568,-0.0015000000000000568,,,10.0,,,,,
fmnist_dir1_label-flip_fr0.15_g_seed0,fmnist,dir1,label_flip,main,0.15,0,random_excl,0.79425,-0.02762500000000001,-0.0015000000000000568,,,8.0,,,,,
fmnist_dir1_label-flip_fr0.15_g_seed0,fmnist,dir1,label_flip,main,0.15,0,flirds_gate_v1,0.68175,-0.14012500000000006,-0.0015000000000000568,,0.919714165615805,8.0,508.0,185.0,0.6358267716535433,93.0,54.0
fmnist_dir1_label-flip_fr0.15_g_seed0,fmnist,dir1,label_flip,main,0.15,0,flirds_gate_v2,0.84225,0.020375000000000032,-0.0015000000000000568,,0.8566624632198402,8.0,3144.0,892.0,0.7162849872773537,42.0,12.0
fmnist_dir1_label-flip_fr0.15_g_seed0,fmnist,dir1,label_flip,main,0.15,0,flirds_zgate_v2,0.836375,0.014499999999999957,-0.0015000000000000568,,0.9251786464901219,8.0,,,,,
fmnist_dir1_label-flip_fr0.15_g_seed0,fmnist,dir1,label_flip,main,0.15,0,flirds_gatew_v2,0.836,0.014124999999999943,-0.0015000000000000568,,0.8028583438419503,8.0,3583.0,1332.0,0.6282444878593357,46.0,17.0
fmnist_dir1_label-flip_fr0.15_g_seed0,fmnist,dir1,label_flip,main,0.15,0,flirds_gatew_v1,0.834625,0.012749999999999928,-0.0015000000000000568,,0.9096258932324506,7.0,401.0,142.0,0.6458852867830424,89.0,50.0
fmnist_dir1_label-flip_fr0.15_g_seed0,fmnist,dir1,label_flip,main,0.15,0,flirds_mult,0.823875,0.0020000000000000018,-0.0015000000000000568,,0.8684321143337537,7.0,,,,,
fmnist_dir1_label-flip_fr0.35_g_seed0,fmnist,dir1,label_flip,main,0.35,0,vanilla,0.812125,0.0,0.00824999999999998,,,10.0,,,,,
fmnist_dir1_label-flip_fr0.35_g_seed0,fmnist,dir1,label_flip,main,0.35,0,oracle_excl,0.820375,0.00824999999999998,0.00824999999999998,,,10.0,,,,,
fmnist_dir1_label-flip_fr0.35_g_seed0,fmnist,dir1,label_flip,main,0.35,0,random_excl,0.784875,-0.027249999999999996,0.00824999999999998,,,10.0,,,,,
fmnist_dir1_label-flip_fr0.35_g_seed0,fmnist,dir1,label_flip,main,0.35,0,flirds_gate_v1,0.801375,-0.010750000000000037,0.00824999999999998,,0.9953762084909626,11.0,556.0,174.0,0.6870503597122302,93.0,54.0
fmnist_dir1_label-flip_fr0.35_g_seed0,fmnist,dir1,label_flip,main,0.35,0,flirds_gate_v2,0.8155,0.003375000000000017,0.00824999999999998,,0.8877679697351828,11.0,4597.0,1215.0,0.7356971938220579,52.0,15.0
fmnist_dir1_label-flip_fr0.35_g_seed0,fmnist,dir1,label_flip,main,0.35,0,flirds_zgate_v2,0.82075,0.008624999999999994,0.00824999999999998,,1.0,10.0,,,,,
fmnist_dir1_label-flip_fr0.35_g_seed0,fmnist,dir1,label_flip,main,0.35,0,flirds_gatew_v2,0.831625,0.019499999999999962,0.00824999999999998,,0.8680117696511139,8.0,4848.0,1576.0,0.6749174917491749,60.0,24.0
fmnist_dir1_label-flip_fr0.35_g_seed0,fmnist,dir1,label_flip,main,0.35,0,flirds_gatew_v1,0.815625,0.0035000000000000586,0.00824999999999998,,0.9932744850777638,8.0,495.0,143.0,0.7111111111111111,84.0,45.0
fmnist_dir1_label-flip_fr0.35_g_seed0,fmnist,dir1,label_flip,main,0.35,0,flirds_mult,0.80425,-0.007874999999999965,0.00824999999999998,,0.9777217318200925,8.0,,,,,
fmnist_dir1_label-flip_fr0.70_g_seed0,fmnist,dir1,label_flip,main,0.7,0,vanilla,0.796,0.0,0.024374999999999925,0.0,,10.0,,,,,
fmnist_dir1_label-flip_fr0.70_g_seed0,fmnist,dir1,label_flip,main,0.7,0,oracle_excl,0.820375,0.024374999999999925,0.024374999999999925,1.0,,10.0,,,,,
fmnist_dir1_label-flip_fr0.70_g_seed0,fmnist,dir1,label_flip,main,0.7,0,random_excl,0.7695,-0.02650000000000008,0.024374999999999925,-1.0871794871794938,,12.0,,,,,
fmnist_dir1_label-flip_fr0.70_g_seed0,fmnist,dir1,label_flip,main,0.7,0,flirds_gate_v1,0.757125,-0.03887499999999999,0.024374999999999925,-1.5948717948717994,1.0,11.0,602.0,195.0,0.6760797342192691,96.0,57.0
fmnist_dir1_label-flip_fr0.70_g_seed0,fmnist,dir1,label_flip,main,0.7,0,flirds_gate_v2,0.8335,0.03749999999999998,0.024374999999999925,1.5384615384615423,0.9630096679277007,11.0,5003.0,1247.0,0.7507495502698381,54.0,16.0
fmnist_dir1_label-flip_fr0.70_g_seed0,fmnist,dir1,label_flip,main,0.7,0,flirds_zgate_v2,0.81975,0.023749999999999938,0.024374999999999925,0.9743589743589748,1.0,10.0,,,,,
fmnist_dir1_label-flip_fr0.70_g_seed0,fmnist,dir1,label_flip,main,0.7,0,flirds_gatew_v2,0.83825,0.04225000000000001,0.024374999999999925,1.7333333333333392,0.9667927700714586,8.0,5096.0,1307.0,0.7435243328100472,58.0,19.0
fmnist_dir1_label-flip_fr0.70_g_seed0,fmnist,dir1,label_flip,main,0.7,0,flirds_gatew_v1,0.790125,-0.005875000000000075,0.024374999999999925,-0.24102564102564483,1.0,8.0,612.0,195.0,0.6813725490196079,96.0,57.0
fmnist_dir1_label-flip_fr0.70_g_seed0,fmnist,dir1,label_flip,main,0.7,0,flirds_mult,0.777,-0.019000000000000017,0.024374999999999925,-0.7794871794871826,0.9995796553173603,8.0,,,,,
fmnist_iid_clean_g_seed0,fmnist,iid,clean,main,,0,vanilla,0.851625,0.0,,,,9.0,,,,,
fmnist_iid_clean_g_seed0,fmnist,iid,clean,main,,0,flirds_gate_v1,0.85175,0.00012500000000004174,,,,9.0,397.0,397.0,0.0,96.0,96.0
fmnist_iid_clean_g_seed0,fmnist,iid,clean,main,,0,flirds_gate_v2,0.852,0.0003750000000000142,,,,9.0,828.0,828.0,0.0,13.0,13.0
fmnist_iid_clean_g_seed0,fmnist,iid,clean,main,,0,flirds_zgate_v2,0.8535,0.001875000000000071,,,,9.0,,,,,
fmnist_iid_clean_g_seed0,fmnist,iid,clean,main,,0,flirds_gatew_v2,0.85075,-0.0008749999999999591,,,,9.0,648.0,648.0,0.0,12.0,12.0
fmnist_iid_clean_g_seed0,fmnist,iid,clean,main,,0,flirds_gatew_v1,0.84925,-0.002375000000000016,,,,9.0,298.0,298.0,0.0,92.0,92.0
fmnist_iid_clean_g_seed0,fmnist,iid,clean,main,,0,flirds_mult,0.852875,0.0012500000000000844,,,,9.0,,,,,
fmnist_iid_free-rider_g_seed0,fmnist,iid,free_rider,main,,0,vanilla,0.821375,0.0,0.029000000000000026,0.0,,15.0,,,,,
fmnist_iid_free-rider_g_seed0,fmnist,iid,free_rider,main,,0,oracle_excl,0.850375,0.029000000000000026,0.029000000000000026,1.0,,8.0,,,,,
fmnist_iid_free-rider_g_seed0,fmnist,iid,free_rider,main,,0,random_excl,0.828875,0.007500000000000062,0.029000000000000026,0.2586206896551743,,12.0,,,,,
fmnist_iid_free-rider_g_seed0,fmnist,iid,free_rider,main,,0,flirds_gate_v1,0.850125,0.028750000000000053,0.029000000000000026,0.9913793103448285,1.0,8.0,620.0,140.0,0.7741935483870968,93.0,53.0
fmnist_iid_free-rider_g_seed0,fmnist,iid,free_rider,main,,0,flirds_gate_v2,0.850625,0.029249999999999998,0.029000000000000026,1.0086206896551715,0.9,8.0,4615.0,515.0,0.8884073672806068,47.0,7.0
fmnist_iid_free-rider_g_seed0,fmnist,iid,free_rider,main,,0,flirds_zgate_v2,0.8165,-0.004874999999999963,0.029000000000000026,-0.16810344827586063,0.9833333333333333,13.0,,,,,
fmnist_iid_free-rider_g_seed0,fmnist,iid,free_rider,main,,0,flirds_gatew_v2,0.850375,0.029000000000000026,0.029000000000000026,1.0,0.8833333333333333,9.0,4601.0,463.0,0.8993697022386438,47.0,7.0
fmnist_iid_free-rider_g_seed0,fmnist,iid,free_rider,main,,0,flirds_gatew_v1,0.847375,0.026000000000000023,0.029000000000000026,0.896551724137931,0.9833333333333333,9.0,594.0,114.0,0.8080808080808081,94.0,54.0
fmnist_iid_free-rider_g_seed0,fmnist,iid,free_rider,main,,0,flirds_mult,0.8375,0.016125000000000056,0.029000000000000026,0.5560344827586221,0.5091666666666667,9.0,,,,,
fmnist_iid_frrand_g_seed0,fmnist,iid,frrand,main,,0,vanilla,0.820875,0.0,0.02949999999999997,0.0,,15.0,,,,,
fmnist_iid_frrand_g_seed0,fmnist,iid,frrand,main,,0,oracle_excl,0.850375,0.02949999999999997,0.02949999999999997,1.0,,8.0,,,,,
fmnist_iid_frrand_g_seed0,fmnist,iid,frrand,main,,0,random_excl,0.829,0.008124999999999938,0.02949999999999997,0.2754237288135575,,12.0,,,,,
fmnist_iid_frrand_g_seed0,fmnist,iid,frrand,main,,0,flirds_gate_v1,0.826875,0.006000000000000005,0.02949999999999997,0.20338983050847495,0.94875,11.0,464.0,198.0,0.5732758620689655,96.0,56.0
fmnist_iid_frrand_g_seed0,fmnist,iid,frrand,main,,0,flirds_gate_v2,0.84075,0.019874999999999976,0.02949999999999997,0.6737288135593219,0.8733333333333334,11.0,3523.0,746.0,0.7882486517172864,39.0,9.0
fmnist_iid_frrand_g_seed0,fmnist,iid,frrand,main,,0,flirds_zgate_v2,0.817875,-0.0030000000000000027,0.02949999999999997,-0.10169491525423748,0.9754166666666667,13.0,,,,,
fmnist_iid_frrand_g_seed0,fmnist,iid,frrand,main,,0,flirds_gatew_v2,0.849125,0.028249999999999997,0.02949999999999997,0.9576271186440687,0.9670833333333333,9.0,2859.0,44.0,0.9846100034977264,35.0,3.0
fmnist_iid_frrand_g_seed0,fmnist,iid,frrand,main,,0,flirds_gatew_v1,0.846375,0.025499999999999967,0.02949999999999997,0.8644067796610166,0.9991666666666666,9.0,363.0,125.0,0.6556473829201102,96.0,57.0
fmnist_iid_frrand_g_seed0,fmnist,iid,frrand,main,,0,flirds_mult,0.8355,0.014624999999999999,0.02949999999999997,0.49576271186440724,0.48583333333333334,9.0,,,,,
fmnist_iid_grad-noise_g_seed0,fmnist,iid,grad_noise,main,,0,vanilla,0.7885,0.0,0.06187500000000001,0.0,,9.0,,,,,
fmnist_iid_grad-noise_g_seed0,fmnist,iid,grad_noise,main,,0,oracle_excl,0.850375,0.06187500000000001,0.06187500000000001,1.0,,8.0,,,,,
fmnist_iid_grad-noise_g_seed0,fmnist,iid,grad_noise,main,,0,random_excl,0.80025,0.011750000000000038,0.06187500000000001,0.18989898989899048,,8.0,,,,,
fmnist_iid_grad-noise_g_seed0,fmnist,iid,grad_noise,main,,0,flirds_gate_v1,0.830625,0.04212499999999997,0.06187500000000001,0.6808080808080802,1.0,8.0,591.0,162.0,0.7258883248730964,95.0,55.0
fmnist_iid_grad-noise_g_seed0,fmnist,iid,grad_noise,main,,0,flirds_gate_v2,0.868375,0.07987500000000003,0.06187500000000001,1.290909090909091,0.995,8.0,5108.0,1144.0,0.7760375880971025,53.0,13.0
fmnist_iid_grad-noise_g_seed0,fmnist,iid,grad_noise,main,,0,flirds_zgate_v2,0.784375,-0.004124999999999934,0.06187500000000001,-0.06666666666666558,1.0,8.0,,,,,
fmnist_iid_grad-noise_g_seed0,fmnist,iid,grad_noise,main,,0,flirds_gatew_v2,0.86975,0.08125000000000004,0.06187500000000001,1.3131313131313136,0.9987499999999999,6.0,3869.0,210.0,0.9457224088911863,43.0,3.0
fmnist_iid_grad-noise_g_seed0,fmnist,iid,grad_noise,main,,0,flirds_gatew_v1,0.832125,0.043625000000000025,0.06187500000000001,0.7050505050505053,0.8054166666666667,6.0,599.0,173.0,0.7111853088480802,98.0,58.0
fmnist_iid_grad-noise_g_seed0,fmnist,iid,grad_noise,main,,0,flirds_mult,0.84725,0.05874999999999997,0.06187500000000001,0.9494949494949488,1.0,5.0,,,,,
fmnist_iid_label-flip_fr0.15_g_seed0,fmnist,iid,label_flip,main,0.15,0,vanilla,0.846375,0.0,0.00912500000000005,,,9.0,,,,,
fmnist_iid_label-flip_fr0.15_g_seed0,fmnist,iid,label_flip,main,0.15,0,oracle_excl,0.8555,0.00912500000000005,0.00912500000000005,,,9.0,,,,,
fmnist_iid_label-flip_fr0.15_g_seed0,fmnist,iid,label_flip,main,0.15,0,random_excl,0.847375,0.0010000000000000009,0.00912500000000005,,,9.0,,,,,
fmnist_iid_label-flip_fr0.15_g_seed0,fmnist,iid,label_flip,main,0.15,0,flirds_gate_v1,0.85025,0.003874999999999962,0.00912500000000005,,0.9861286254728877,9.0,538.0,153.0,0.7156133828996283,93.0,54.0
fmnist_iid_label-flip_fr0.15_g_seed0,fmnist,iid,label_flip,main,0.15,0,flirds_gate_v2,0.845375,-0.0010000000000000009,0.00912500000000005,,0.9369482976040353,9.0,3261.0,331.0,0.8984973934375958,38.0,6.0
fmnist_iid_label-flip_fr0.15_g_seed0,fmnist,iid,label_flip,main,0.15,0,flirds_zgate_v2,0.848625,0.0022499999999999742,0.00912500000000005,,1.0,9.0,,,,,
fmnist_iid_label-flip_fr0.15_g_seed0,fmnist,iid,label_flip,main,0.15,0,flirds_gatew_v2,0.851,0.00462499999999999,0.00912500000000005,,0.9546027742749054,9.0,2947.0,171.0,0.9419748897183576,35.0,2.0
fmnist_iid_label-flip_fr0.15_g_seed0,fmnist,iid,label_flip,main,0.15,0,flirds_gatew_v1,0.848375,0.0020000000000000018,0.00912500000000005,,0.9806641445985709,9.0,499.0,136.0,0.7274549098196392,93.0,54.0
fmnist_iid_label-flip_fr0.15_g_seed0,fmnist,iid,label_flip,main,0.15,0,flirds_mult,0.85,0.0036249999999999893,0.00912500000000005,,0.9932744850777638,9.0,,,,,
fmnist_iid_label-flip_fr0.35_g_seed0,fmnist,iid,label_flip,main,0.35,0,vanilla,0.83675,0.0,0.018750000000000044,,,9.0,,,,,
fmnist_iid_label-flip_fr0.35_g_seed0,fmnist,iid,label_flip,main,0.35,0,oracle_excl,0.8555,0.018750000000000044,0.018750000000000044,,,9.0,,,,,
fmnist_iid_label-flip_fr0.35_g_seed0,fmnist,iid,label_flip,main,0.35,0,random_excl,0.840375,0.0036249999999999893,0.018750000000000044,,,10.0,,,,,
fmnist_iid_label-flip_fr0.35_g_seed0,fmnist,iid,label_flip,main,0.35,0,flirds_gate_v1,0.839125,0.002375000000000016,0.018750000000000044,,1.0,9.0,593.0,171.0,0.7116357504215851,94.0,55.0
fmnist_iid_label-flip_fr0.35_g_seed0,fmnist,iid,label_flip,main,0.35,0,flirds_gate_v2,0.851625,0.014874999999999972,0.018750000000000044,,0.9873896595208072,9.0,4477.0,750.0,0.8324771052043779,48.0,10.0
fmnist_iid_label-flip_fr0.35_g_seed0,fmnist,iid,label_flip,main,0.35,0,flirds_zgate_v2,0.841,0.004249999999999976,0.018750000000000044,,1.0,9.0,,,,,
fmnist_iid_label-flip_fr0.35_g_seed0,fmnist,iid,label_flip,main,0.35,0,flirds_gatew_v2,0.85,0.013249999999999984,0.018750000000000044,,0.9983186212694409,9.0,3795.0,95.0,0.9749670619235836,42.0,3.0
fmnist_iid_label-flip_fr0.35_g_seed0,fmnist,iid,label_flip,main,0.35,0,flirds_gatew_v1,0.84175,0.0050000000000000044,0.018750000000000044,,1.0,9.0,573.0,156.0,0.7277486910994765,94.0,55.0
fmnist_iid_label-flip_fr0.35_g_seed0,fmnist,iid,label_flip,main,0.35,0,flirds_mult,0.8485,0.011750000000000038,0.018750000000000044,,1.0,9.0,,,,,
fmnist_iid_label-flip_fr0.70_g_seed0,fmnist,iid,label_flip,main,0.7,0,vanilla,0.822,0.0,0.033500000000000085,0.0,,11.0,,,,,
fmnist_iid_label-flip_fr0.70_g_seed0,fmnist,iid,label_flip,main,0.7,0,oracle_excl,0.8555,0.033500000000000085,0.033500000000000085,1.0,,9.0,,,,,
fmnist_iid_label-flip_fr0.70_g_seed0,fmnist,iid,label_flip,main,0.7,0,random_excl,0.82825,0.006250000000000089,0.033500000000000085,0.18656716417910665,,12.0,,,,,
fmnist_iid_label-flip_fr0.70_g_seed0,fmnist,iid,label_flip,main,0.7,0,flirds_gate_v1,0.829625,0.007624999999999993,0.033500000000000085,0.22761194029850668,1.0,11.0,621.0,186.0,0.7004830917874396,97.0,58.0
fmnist_iid_label-flip_fr0.70_g_seed0,fmnist,iid,label_flip,main,0.7,0,flirds_gate_v2,0.849,0.027000000000000024,0.033500000000000085,0.80597014925373,1.0,11.0,4384.0,509.0,0.8838959854014599,47.0,8.0
fmnist_iid_label-flip_fr0.70_g_seed0,fmnist,iid,label_flip,main,0.7,0,flirds_zgate_v2,0.835375,0.013375000000000026,0.033500000000000085,0.39925373134328335,1.0,11.0,,,,,
fmnist_iid_label-flip_fr0.70_g_seed0,fmnist,iid,label_flip,main,0.7,0,flirds_gatew_v2,0.8535,0.031500000000000083,0.033500000000000085,0.9402985074626866,0.9983186212694409,9.0,4052.0,203.0,0.9499012833168805,41.0,2.0
fmnist_iid_label-flip_fr0.70_g_seed0,fmnist,iid,label_flip,main,0.7,0,flirds_gatew_v1,0.835375,0.013375000000000026,0.033500000000000085,0.39925373134328335,1.0,9.0,622.0,179.0,0.7122186495176849,94.0,55.0
fmnist_iid_label-flip_fr0.70_g_seed0,fmnist,iid,label_flip,main,0.7,0,flirds_mult,0.848625,0.02662500000000001,0.033500000000000085,0.7947761194029833,1.0,9.0,,,,,
