cell,dataset,partition,threat,seed,method,runtime,auroc,spearman_a,spearman_b,kendall_a,kendall_b,pearson_a,pearson_b,cos_a,cos_b,euc_a,euc_b,maxdiff_a,maxdiff_b,n_neg,n_exact_zero,phi_min,phi_max,n_neg_clean,phi_clean_mean,n_neg_corrupt,n_exact_zero_corrupt,phi_corrupt_mean,phi_gap,phi_gap_norm
cifar10_dir1_clean_seed2,cifar10,dir1,clean,2,(b)oracle,182.0324432789348,,0.6121212121212121,,0.5111111111111111,,0.7279320466177721,,0.1836026174301586,,0.33855284381539724,,0.25259105304687757,,1,0,-0.01883207408208697,0.2089963459306291,1,0.12085723876953128,,,,,
cifar10_dir1_clean_seed2,cifar10,dir1,clean,2,Flirds,1.082436952041462,,0.6,0.9878787878787878,0.4666666666666666,0.9555555555555554,0.6890574530667241,0.9941412527755489,0.21242198802893975,0.003550305991266378,0.35916785463218226,0.051633691476416076,0.2858149254874124,0.03322387244053483,0,0,0.014391798358447866,0.2214462593782693,0,0.1350894392421716,,,,,
cifar10_dir1_clean_seed2,cifar10,dir1,clean,2,Flirds1st,0.4695066739805043,,0.35757575757575755,0.8909090909090909,0.28888888888888886,0.7777777777777777,0.23194362104290164,0.7564249237770233,0.36006000063856825,0.05233502435704129,0.4676700428038839,0.16829320787128305,0.3982021083672701,0.14561105532039254,0,0,0.05502644793327898,0.22815570018455386,0,0.15025937012264973,,,,,
cifar10_dir1_clean_seed2,cifar10,dir1,clean,2,GTG,139.4691878708545,,0.9757575757575757,0.6121212121212121,0.911111111111111,0.5111111111111111,0.9781076068125542,0.7653666486607049,0.04412719305445223,0.30185626230123674,0.17460583427220308,0.42417287501761874,0.09894658589079175,0.32631175162252224,2,0,-0.3451438257046092,0.3224978762490481,2,0.07689177720800057,,,,,
cifar10_dir1_clean_seed2,cifar10,dir1,clean,2,FedSV,36.00626145885326,,0.9030303030303028,0.43030303030303024,0.7777777777777777,0.37777777777777777,0.9759704915233353,0.7425701895574454,0.13970618928170853,0.5004075196272795,1.8437414514631743,2.136198231566933,1.6164198777335028,1.8690109307803806,2,0,-1.8878430048624675,0.9198357542355856,2,0.12085723876953125,,,,,
cifar10_dir1_clean_seed2,cifar10,dir1,clean,2,ComFedSV,30.671709949849173,,0.6242424242424242,0.34545454545454546,0.5111111111111111,0.28888888888888886,0.9404196036825934,0.6436382991670444,0.17774132080362925,0.5649592640640826,2.223165507579022,2.5180259646353296,1.8124483467397234,2.0650393997866012,2,0,-2.083871473868688,0.9619643489519755,2,0.12180855274200435,,,,,
cifar10_dir1_clean_seed2,cifar10,dir1,clean,2,Banzhaf,182.12173223914579,,0.6121212121212121,0.9999999999999999,0.5111111111111111,0.9999999999999999,0.7270008714870209,0.9998424362749331,0.1897686415901857,0.00040542784198482895,0.3415450170653687,0.027732613328706218,0.2619519402265905,0.01043485892374843,1,0,-0.00947118690237403,0.21914233546704054,1,0.12954091969877482,,,,,
cifar10_dir1_clean_seed2,cifar10,dir1,clean,2,ShapleyFL,179.77680542482994,,0.8424242424242423,0.43030303030303024,0.6888888888888888,0.37777777777777777,0.9213323530977087,0.6547454372140792,0.17748227737011668,0.06980777974938124,2.164928230768355,2.2176841747916773,0.8083241090962391,0.8545162513443071,0,0,0.024429974347214087,0.9977092609009662,0,0.7804304615338079,,,,,
cifar10_dir1_clean_seed2,cifar10,dir1,clean,2,FedIF,0.5753653321880847,,0.09090909090909088,0.7454545454545454,0.1111111111111111,0.6,0.3434220793594,0.8158101754673622,0.32801577779576185,0.0405451546871094,1.288666718825298,1.19267314568358,0.6798606555992767,0.5536637607877426,0,0,0.1830935361406159,0.7025841939400321,0,0.46770651912420486,,,,,
cifar10_dir1_clean_seed2,cifar10,dir1,clean,2,loss-heur,0.8801296218298376,,0.5757575757575757,0.9878787878787878,0.4666666666666666,0.9555555555555554,0.7878365614158371,0.984228361797715,0.13927856992496324,0.010199284727322677,0.31877374449984397,0.0788596384011504,0.2179937619708835,0.035759459696118795,1,0,-0.053429365158081055,0.2094566822052002,1,0.09929918050765991,,,,,
cifar10_dir1_clean_seed2,cifar10,dir1,clean,2,Ripple,10039.922773157945,,-0.5030303030303029,-0.07878787878787878,-0.37777777777777777,-0.06666666666666667,-0.49472239215045505,-0.23159063528139134,0.5159198933671018,0.1904372651852223,100.68524988318605,100.61233044166113,52.17427754568093,52.12946047144111,0,0,22.73450643875777,52.2658230399785,0,30.696680589780264,,,,,
cifar10_dir1_clean_seed2,cifar10,dir1,clean,2,(a)oracle,51861.80312823411,,,,,,,,,,,,,,2,0,-0.27142312712896455,0.25700518038310716,2,0.11329732055664057,,,,,
cifar10_dir1_free-rider_seed2,cifar10,dir1,free_rider,2,(b)oracle,182.40914197312668,1.0,0.7191012094028307,,0.5967623950328607,,0.8720550610952823,,0.06137737909052876,,0.15267797312450695,,0.1397229608899071,,0,4,-0.0,0.2675990064938863,0,0.16670465469360352,0.0,4.0,0.0,0.16670465469360352,0.622964400644784
cifar10_dir1_free-rider_seed2,cifar10,dir1,free_rider,2,Flirds,1.1497583580203354,1.0,0.7191012094028307,1.0,0.5967623950328607,1.0,0.8689088242542937,0.9999535762762444,0.06276397105300757,2.4584783279046896e-05,0.15529508198526845,0.0057072043568481565,0.1431789462891217,0.0034559853992146145,0,4,-0.0,0.2696264541296102,0,0.1689179135085025,0.0,4.0,0.0,0.1689179135085025,0.6264886509515241
cifar10_dir1_free-rider_seed2,cifar10,dir1,free_rider,2,Flirds1st,0.47512918896973133,1.0,0.5815340215170718,0.9612903225806451,0.501280411827603,0.8974358974358975,0.8403230865925793,0.9976915260924892,0.07605400182570776,0.0011145782122872205,0.16705269500682646,0.04543324719343928,0.1457390216345802,0.02784628370960554,0,4,-0.0,0.23975272278428075,0,0.15217653544141443,0.0,4.0,0.0,0.15217653544141443,0.63472286643575
cifar10_dir1_free-rider_seed2,cifar10,dir1,free_rider,2,GTG,137.09062992502004,0.6666666666666667,0.8424242424242423,0.49399126558977063,0.7333333333333333,0.4057984286223453,0.8438781809810318,0.566539346362924,0.17683562173684975,0.3559091912807536,0.26766239797366154,0.3786564076902567,0.18878025291207645,0.32850321380198355,1,0,-0.2079883202701843,0.3510814979810758,1,0.07704039235092897,0.0,0.0,0.027924365308033147,0.04911602704289582,0.08785311858996085
cifar10_dir1_free-rider_seed2,cifar10,dir1,free_rider,2,FedSV,36.05647996091284,0.2916666666666667,0.32121212121212117,0.050024431958457787,0.24444444444444444,0.02387049580131443,0.5617292615212564,0.19336488931193205,0.3924941350255359,0.6333331865339484,0.7695664356428387,0.8900147521706914,0.5620675507182166,0.7017905116081237,2,0,-0.5812756180763244,0.6079060594240824,2,0.04870850377612642,0.0,0.0,0.17699428598086037,-0.12828578220473394,-0.10787736191360049
cifar10_dir1_free-rider_seed2,cifar10,dir1,free_rider,2,ComFedSV,30.45357278198935,0.5833333333333334,0.6969696969696969,0.48148515760015625,0.5111111111111111,0.3103164454170876,0.6501260788245288,0.2422505518501458,0.37144403979917207,0.6451392885365883,0.9901791635405764,1.1260449512223605,0.865709445177941,1.0054324060678481,1,0,-0.8849175125360489,0.5636508415142695,1,0.08182399968306227,0.0,0.0,0.13213876634836197,-0.0503147666652997,-0.034734133549594266
cifar10_dir1_free-rider_seed2,cifar10,dir1,free_rider,2,Banzhaf,182.94821568811312,1.0,0.7191012094028307,1.0,0.5967623950328607,1.0,0.8712740143372404,0.9999922408083569,0.06169480797602267,4.2764186896082634e-06,0.15375110442024367,0.003930295140700166,0.14141607031282932,0.001796296487251936,0,4,-0.0,0.26939530298113823,0,0.1683041180173556,0.0,4.0,0.0,0.1683041180173556,0.6247477819950685
cifar10_dir1_free-rider_seed2,cifar10,dir1,free_rider,2,ShapleyFL,180.8476259438321,0.0,-0.16883245785979506,-0.5870967741935484,-0.07161148740394328,-0.3333333333333333,0.0033409257187878337,-0.3495331441241877,0.357724587217509,0.45783909643283105,2.141523100215515,2.190111278686355,0.9649346516368027,0.9794333636375738,0,0,0.0013977070450163118,0.9794333636375738,0,0.4760405932714273,0.0,0.0,0.9794333636375738,-0.5033927703661465,-0.5146977689136095
cifar10_dir1_free-rider_seed2,cifar10,dir1,free_rider,2,FedIF,0.5783147981856018,1.0,0.5690279135274574,0.9483870967741936,0.4535394202249741,0.8461538461538461,0.7375184255676336,0.972482428406822,0.1200557459393159,0.014078332117180903,0.9666830802634918,0.9016728846595977,0.5810883674763947,0.4778576590744012,0,0,0.028695840775006996,0.7454566655682875,0,0.5185175834731703,0.0,0.0,0.028695840775006996,0.48982174269816336,0.6833824139864673
cifar10_dir1_free-rider_seed2,cifar10,dir1,free_rider,2,loss-heur,0.8938417988829315,1.0,0.6815828854339874,0.9612903225806451,0.5967623950328607,0.8974358974358975,0.8785478395129664,0.9962570379771489,0.058968240509284175,0.0018759160339221204,0.15749558256064727,0.08359421326689655,0.11519359916505366,0.05387334227561957,0,4,-0.0,0.2339707612991333,0,0.13437414169311523,0.0,4.0,0.0,0.13437414169311523,0.5743202310707402
cifar10_dir1_free-rider_seed2,cifar10,dir1,free_rider,2,(a)oracle,51555.918014847906,,,,,,,,,,,,,,1,0,-0.019208067358107858,0.2781295761471703,1,0.151267378537617,0.0,0.0,0.0203347567785354,0.1309326217590816,0.4403499678531533
cifar10_dir1_grad-noise_seed2,cifar10,dir1,grad_noise,2,(b)oracle,183.8626717159059,1.0,0.9636363636363635,,0.911111111111111,,0.9715200973027867,,0.0287591605896107,,0.9670883444218754,,0.5366445651512298,,4,0,-0.9517270089614955,0.6570880042182079,0,0.48264575195375575,4.0,0.0,-0.64207226324176,1.1247180151955158,0.6990971652934753
cifar10_dir1_grad-noise_seed2,cifar10,dir1,grad_noise,2,Flirds,1.0868062360677868,1.0,0.9393939393939393,0.9393939393939393,0.8222222222222221,0.8222222222222221,0.9828232427136566,0.9937944254658412,0.10133118997801771,0.10200304191838971,1.1577884446801998,1.1454612583925983,0.5182097171955318,0.5843546488221614,4,0,-1.5227923608139156,0.4329782700750232,0,0.27759936508809524,4.0,0.0,-1.1455172567834262,1.4231166218715214,0.7276500625355465
cifar10_dir1_grad-noise_seed2,cifar10,dir1,grad_noise,2,Flirds1st,0.47635298292152584,0.08333333333333334,-0.32121212121212117,-0.406060606060606,-0.1111111111111111,-0.19999999999999998,-0.5686453997761801,-0.6248986527566339,1.0986415846325526,1.085878067303838,4.403733950171922,3.8857240868478464,2.7074207186004475,2.1797853945124714,0,0,0.6739844377839564,1.39058785466522,0,0.872601588125378,0.0,0.0,1.2172234459330409,-0.34462185780766286,-0.4809101515416922
cifar10_dir1_grad-noise_seed2,cifar10,dir1,grad_noise,2,GTG,106.13168772892095,1.0,0.8181818181818182,0.8787878787878788,0.6444444444444444,0.7333333333333333,0.9457750022155874,0.9654203162128019,0.05453850218379508,0.03588115318457841,1.9273568188997854,1.1035126490529374,1.142804252823022,0.6151689287350457,4,0,-0.34046185263012996,0.2637606703774236,0,0.1942977159774049,4.0,0.0,-0.2885303715966629,0.4828280875740678,0.7990898538021428
cifar10_dir1_grad-noise_seed2,cifar10,dir1,grad_noise,2,FedSV,36.39004515390843,1.0,0.8424242424242423,0.9030303030303028,0.6888888888888888,0.7777777777777777,0.926256370205047,0.9480949604237242,0.07414634034213907,0.053368302737020534,76.03764939602723,76.7476247875136,37.50521235609054,37.338057643364344,4,0,-37.996829179922734,27.565068936347956,0,19.687755599949096,4.0,0.0,-29.44973730345567,49.13749290340476,0.7494824633701409
cifar10_dir1_grad-noise_seed2,cifar10,dir1,grad_noise,2,ComFedSV,31.006377670913935,0.7083333333333334,0.16363636363636364,0.23636363636363633,0.1111111111111111,0.19999999999999998,0.43365822371185686,0.49442903585300974,0.5663759915589192,0.5060489411052459,70.50074823068385,70.72099432773241,48.60572381957372,48.438569106847524,2,0,-49.097340643405914,24.788833280404408,0,11.466548341843817,2.0,0.0,-16.86942231406768,28.335970655911495,0.3835084312950198
cifar10_dir1_grad-noise_seed2,cifar10,dir1,grad_noise,2,Banzhaf,183.65965110086836,1.0,0.9515151515151514,0.9878787878787878,0.8666666666666666,0.9555555555555554,0.9720663093608658,0.9999629979634421,0.028100228878094602,5.037900246607219e-05,0.9772310230229544,0.025179775995974856,0.5358122178310858,0.012488866700155143,4,0,-0.943550115218386,0.6482472408097237,0,0.475543141985933,4.0,0.0,-0.6395913348533213,1.1151344768392544,0.7005505271234802
cifar10_dir1_grad-noise_seed2,cifar10,dir1,grad_noise,2,ShapleyFL,181.54679099307396,1.0,0.8666666666666665,0.8545454545454544,0.6888888888888888,0.6888888888888888,0.95706630208905,0.964647218824771,0.4187432787684,0.3938124453124551,2.3225306408282322,1.9623939061018087,1.5453621346194832,1.017726810531507,0,0,0.05128087967466402,0.9988873987440495,0,0.9891051299980264,0.0,0.0,0.07844553332446401,0.9106595966735623,0.9610102699250026
cifar10_dir1_grad-noise_seed2,cifar10,dir1,grad_noise,2,FedIF,0.5765513761434704,1.0,0.6848484848484848,0.6484848484848483,0.5555555555555555,0.4666666666666666,0.9227184038120089,0.9288523562835455,0.3924675772696339,0.36911620498614695,2.0975888654874475,1.543131364335957,1.4838177351616104,0.9561824110736341,0,0,0.0044554021121385404,0.816847740670877,0,0.7185295188500126,0.0,0.0,0.006274227385402897,0.7122552914646096,0.8767380705832586
cifar10_dir1_grad-noise_seed2,cifar10,dir1,grad_noise,2,loss-heur,0.8895287769846618,1.0,0.9515151515151514,0.9878787878787878,0.8666666666666666,0.9555555555555554,0.9429824425877967,0.9874095857385422,0.1602120597229395,0.10975126745569908,1.4305931670106242,0.9790094207908944,0.8666063319978261,0.4808267588653259,3,0,-0.717915415763855,1.036462664604187,0,0.7756929397583008,3.0,0.0,-0.34446001052856445,1.1201529502868652,0.6384900511592542
cifar10_dir1_grad-noise_seed2,cifar10,dir1,grad_noise,2,(a)oracle,52926.50125524402,,,,,,,,,,,,,,4,0,-1.4793623330494718,0.8940968921237529,0,0.6732248204387687,4.0,0.0,-0.9455128364320786,1.6187376568708474,0.682016206430808
cifar10_dir1_label-flip_fr0.70_seed2,cifar10,dir1,label_flip,2,(b)oracle,181.08671857207082,1.0,0.8666666666666665,,0.7333333333333333,,0.7764375996402562,,0.20360829648698453,,0.6432070315967665,,0.4371794279514797,,4,0,-0.277895917684313,0.42726762919198924,0,0.3194117820530973,4.0,0.0,-0.24364409987179067,0.563055881924888,0.7984755939513385
cifar10_dir1_label-flip_fr0.70_seed2,cifar10,dir1,label_flip,2,Flirds,1.4472650410607457,1.0,0.8666666666666665,0.9999999999999999,0.7333333333333333,0.9999999999999999,0.7723964457028535,0.9999766886435204,0.206676020822393,0.00020658072416290807,0.6476798862899271,0.019196942103921387,0.44958650954830137,0.01240708159682169,4,0,-0.2654888360874913,0.4301045150338718,0,0.3229075084356399,4.0,0.0,-0.23564979406032144,0.5585573024959614,0.8029940217161556
cifar10_dir1_label-flip_fr0.70_seed2,cifar10,dir1,label_flip,2,Flirds1st,0.47032198100350797,1.0,0.7696969696969697,0.9515151515151514,0.6,0.8666666666666666,0.7540838120497757,0.999324748368226,0.22321090162210455,0.0007875791817791855,0.6624492013150903,0.08311355157820406,0.4884891893119425,0.051309761360462836,4,0,-0.2402133440673351,0.3961758927476406,0,0.2980248357023299,4.0,0.0,-0.21784629115914925,0.5158711268614792,0.81062201718453
cifar10_dir1_label-flip_fr0.70_seed2,cifar10,dir1,label_flip,2,GTG,102.65914898295887,1.0,0.9515151515151514,0.9393939393939393,0.8666666666666666,0.8666666666666666,0.7556686435308178,0.8734990629474072,0.22369958118665867,0.11498142601141892,0.7293996373464376,0.5486102826781396,0.5821475914764075,0.3062492317486387,5,0,-0.13292775415938518,0.3421939587026464,1,0.14401712792623153,4.0,0.0,-0.09855205573189274,0.24256918365812427,0.5105411457559778
cifar10_dir1_label-flip_fr0.70_seed2,cifar10,dir1,label_flip,2,FedSV,35.57936992496252,1.0,0.9515151515151514,0.9393939393939393,0.8666666666666666,0.8666666666666666,0.8175154975442659,0.9148130184942305,0.1811037151989352,0.09269457109260926,1.1710196986126689,1.0828821785073746,0.7177009167292758,0.6792833901586983,5,0,-0.7698386708895366,1.1065510193506876,1,0.49783650173081284,4.0,0.0,-0.5112811197837194,1.009117621514532,0.5377974664662223
cifar10_dir1_label-flip_fr0.70_seed2,cifar10,dir1,label_flip,2,ComFedSV,30.21753993118182,0.875,0.9030303030303028,0.7212121212121211,0.7333333333333333,0.5555555555555555,0.8023990698520999,0.7544692753535784,0.1874217880974658,0.23269912223227307,1.024653710046093,1.1269279042398552,0.5893427483259683,0.7105867378295415,5,0,-0.7210958252350489,0.9781928509473801,1,0.40653902954525417,4.0,0.0,-0.3227791289488474,0.7293181584941015,0.4291902657366998
cifar10_dir1_label-flip_fr0.70_seed2,cifar10,dir1,label_flip,2,Banzhaf,181.20677985204384,1.0,0.8666666666666665,0.9999999999999999,0.7333333333333333,0.9999999999999999,0.7763655342007866,0.9999998868631406,0.20350824654327493,1.0684646378544826e-05,0.6433299319051411,0.004660092967794661,0.43870801936872905,0.001741525097676111,4,0,-0.2763673262670636,0.4286403222940862,0,0.32092123463129,4.0,0.0,-0.24224209424573928,0.5631633288770292,0.7988045662006495
cifar10_dir1_label-flip_fr0.70_seed2,cifar10,dir1,label_flip,2,ShapleyFL,179.31185611500405,1.0,0.9151515151515152,0.8666666666666665,0.7777777777777777,0.7777777777777777,0.860978104385164,0.9639388035778897,0.33312357790524094,0.26287880006329856,1.611863695084134,1.5509701075454951,0.715139446587534,0.6270438319720658,0,0,6.410095174135565e-05,0.9999940950999999,0,0.8371626328124019,0.0,0.0,0.179890399112443,0.6572722336999589,0.657318249823903
cifar10_dir1_label-flip_fr0.70_seed2,cifar10,dir1,label_flip,2,FedIF,0.6356960409320891,1.0,0.5030303030303029,0.5878787878787878,0.37777777777777777,0.37777777777777777,0.7054102549140968,0.9644441732919801,0.37181735179834075,0.20876321498168227,1.7551717386285925,1.5759334147764155,0.8290916318725159,0.6910727453737162,0,0,0.030242242185590386,0.9555316214650528,0,0.9008675378417581,0.0,0.0,0.0679467533072893,0.8329207845344688,0.900173289769172
cifar10_dir1_label-flip_fr0.70_seed2,cifar10,dir1,label_flip,2,loss-heur,0.8838187679648399,1.0,0.8545454545454544,0.9878787878787878,0.6888888888888888,0.9555555555555554,0.7766513134036224,0.9994771082267649,0.21039326521415724,0.004832344327060811,0.6452607343466727,0.11082006622001593,0.42466387331523603,0.06401841399215508,4,0,-0.29367971420288086,0.38366901874542236,0,0.2784879008928935,4.0,0.0,-0.26087331771850586,0.5393612186113994,0.7962829077183269
cifar10_dir1_label-flip_fr0.70_seed2,cifar10,dir1,label_flip,2,Ripple,8663.275941147003,1.0,0.6848484848484848,0.8666666666666665,0.4222222222222222,0.6888888888888888,0.6795722257862138,0.9253906215057974,0.3470385977882463,0.1719431193805503,75.24663744588474,75.14817667954419,48.85196603978232,48.7966162176861,0,0,0.45002067829110226,49.219759530588775,0,28.90583142087794,0.0,0.0,0.7105833578927374,28.195248062985204,0.5781299782714923
cifar10_dir1_label-flip_fr0.70_seed2,cifar10,dir1,label_flip,2,(a)oracle,50982.89779099007,,,,,,,,,,,,,,2,0,-0.7150753456357927,0.38885010262141173,0,0.2833297006617147,2.0,0.0,-0.18673827200087295,0.47006797266258765,0.42581496187509404
cifar10_iid_clean_seed2,cifar10,iid,clean,2,(b)oracle,184.1331741809845,,-0.5636363636363636,,-0.4666666666666666,,-0.6609969305633489,,0.024529393801831945,,0.08710018451462095,,0.04893623601974008,,0,0,0.10252896689233328,0.1399015545845033,0,0.12303224802017214,,,,,
cifar10_iid_clean_seed2,cifar10,iid,clean,2,Flirds,1.0959720881655812,,-0.4787878787878787,0.9636363636363635,-0.4222222222222222,0.8666666666666666,-0.6361630714418866,0.994663539756596,0.022571477075189028,9.702771778397068e-05,0.10107686373545191,0.05160007368880401,0.0652436046148931,0.019009517176106383,0,0,0.1174812360666692,0.15620892317965632,0,0.13927128449082377,,,,,
cifar10_iid_clean_seed2,cifar10,iid,clean,2,Flirds1st,0.4743828261271119,,-0.23636363636363633,0.7454545454545454,-0.24444444444444444,0.6,-0.19996646083090097,0.7349467297466974,0.021397962450688812,0.004323807512952249,0.09560636946345877,0.05923449162089051,0.05937013395459402,0.0447083253709096,0,0,0.11843486167490484,0.18204272985458375,0,0.1367764321155846,,,,,
cifar10_iid_clean_seed2,cifar10,iid,clean,2,GTG,148.61996232066303,,-0.33333333333333326,0.4666666666666666,-0.28888888888888886,0.37777777777777777,-0.5276401274922267,0.37364675683140386,0.1291384730417312,0.08044414937875488,0.1950565314896186,0.1583645091461392,0.09614117720646781,0.08643400624387607,0,0,0.03400127213919658,0.16218744669288476,0,0.09256546423973634,,,,,
cifar10_iid_clean_seed2,cifar10,iid,clean,2,FedSV,36.45863931905478,,-0.6848484848484848,0.6727272727272726,-0.5111111111111111,0.5111111111111111,-0.7316692564175337,0.6983524697549104,0.3761116925107687,0.24996674000505403,0.4377983489892817,0.36929880800809545,0.2812882146396334,0.2323519786198933,2,0,-0.05584984620412191,0.3722535332043966,2,0.12303221225738528,,,,,
cifar10_iid_clean_seed2,cifar10,iid,clean,2,ComFedSV,31.231750428210944,,0.24848484848484845,0.17575757575757575,0.19999999999999998,0.15555555555555553,0.3477568576764827,0.07498386001516803,0.6013383710897391,0.6352165858875916,0.9940052306093773,1.0084694997417725,0.6752452187000759,0.7125170686888318,3,0,-0.5740793844064077,0.50246595342954,3,0.12303221225738525,,,,,
cifar10_iid_clean_seed2,cifar10,iid,clean,2,Banzhaf,183.8219822361134,,-0.5393939393939393,0.9878787878787878,-0.4222222222222222,0.9555555555555554,-0.665241698346655,0.9991937444822617,0.022576853586347978,6.398126675666305e-05,0.09791251425797073,0.04569524059440958,0.06357587657266305,0.01522329428883648,0,0,0.11715295794419944,0.15454119513742626,0,0.13747056126594542,,,,,
cifar10_iid_clean_seed2,cifar10,iid,clean,2,ShapleyFL,180.8084313799627,,-0.4666666666666666,0.4787878787878787,-0.3333333333333333,0.3333333333333333,-0.48240928676200734,0.3520284067798309,0.10144077750305647,0.06149472223816521,1.5906216597222564,1.5740383207144812,0.8176708006581915,0.7687345646384515,0,0,0.19824722390993535,0.9086361192229547,0,0.5691738210132601,,,,,
cifar10_iid_clean_seed2,cifar10,iid,clean,2,FedIF,0.5967827709391713,,-0.10303030303030303,0.6,-0.06666666666666667,0.4222222222222222,-0.1881201989930337,0.586903180616527,0.05493924873081668,0.027467240199216314,0.9944623436962275,0.9823758649652926,0.45592403875235177,0.45495702021770656,0,0,0.2569918932675238,0.5922914247013807,0,0.4126343527409987,,,,,
cifar10_iid_clean_seed2,cifar10,iid,clean,2,loss-heur,0.8912159679457545,,-0.24848484848484845,0.8303030303030302,-0.19999999999999998,0.7333333333333333,-0.2987523054416809,0.7903131664860555,0.028512276357862465,0.005247046553081058,0.09783335301248151,0.05311354923921857,0.05019335856967522,0.03566473315632543,0,0,0.08845245838165283,0.14857685565948486,0,0.11060670614242554,,,,,
cifar10_iid_clean_seed2,cifar10,iid,clean,2,Ripple,7256.872195261996,,0.01818181818181818,0.12727272727272726,0.022222222222222223,0.06666666666666667,-0.029477517139895527,0.08367942176857539,0.159115253625967,0.1501466838408092,37.78400580877154,37.78297325301086,20.396599203878694,20.347662967858952,1,0,-1.0882010603402619,20.487564522443456,1,10.248214985894954,,,,,
cifar10_iid_clean_seed2,cifar10,iid,clean,2,(a)oracle,52831.64643826522,,,,,,,,,,,,,,0,0,0.09096531856476321,0.1440337192111547,0,0.12367837829589849,,,,,
cifar10_iid_free-rider_seed0,cifar10,iid,free_rider,0,(b)oracle,112.77890231000492,1.0,0.4578625123896586,,0.3138229572304239,,0.7381774580177681,,0.0958010300358042,,0.19079977390925193,,0.1469282696413617,,0,4,-0.0,0.1952260613441469,0,0.18217219909032198,0.0,4.0,0.0,0.18217219909032198,0.9331346329278578
cifar10_iid_free-rider_seed0,cifar10,iid,free_rider,0,Flirds,1.8079235450131819,1.0,0.39514162028148625,0.9870967741935485,0.2655425022718972,0.9487179487179487,0.7358461664540608,0.9999798162631568,0.09656920764762367,8.090878544475544e-06,0.19314259852178275,0.003959274509193705,0.1492706953006604,0.002342425659298708,0,4,-0.0,0.19753501736558976,0,0.18360126036374522,0.0,4.0,0.0,0.18360126036374522,0.9294618382721657
cifar10_iid_free-rider_seed0,cifar10,iid,free_rider,0,Flirds1st,0.33393218799028546,1.0,0.7087460808223484,0.8451612903225808,0.506944777064531,0.6923076923076923,0.7633623532891692,0.9969184291741522,0.08807613608565201,0.0012388468070455572,0.17319195164976653,0.03369130000278013,0.12593068381946473,0.020997585821896952,0,4,-0.0,0.19207479208707812,0,0.1713779498822987,0.0,4.0,0.0,0.1713779498822987,0.8922459216022663
cifar10_iid_free-rider_seed0,cifar10,iid,free_rider,0,GTG,71.81212222902104,1.0,0.6930123197952736,0.8066439653301318,0.44946657497549475,0.5967623950328607,0.7650302837474164,0.9665639859704678,0.13133303541207808,0.025952643224353644,0.2001694585646651,0.16033995681595709,0.08150656415631946,0.08106583081393343,4,0,-0.02460035144343374,0.1657607960051562,0,0.12357459540396898,4.0,0.0,-0.019626389541047173,0.14320098494501615,0.7522595175766623
cifar10_iid_free-rider_seed0,cifar10,iid,free_rider,0,FedSV,22.564696076035034,0.9583333333333334,0.3404271044608362,0.6753298314391801,0.22473328748774737,0.5967623950328607,0.46040768724398795,0.554552777086586,0.21098613574951153,0.1945570934823907,0.2915422446629774,0.28782262105370093,0.15634576968692587,0.1610277454058331,0,0,0.02879144748051962,0.3145508408546448,0,0.15644987689124215,0.0,0.0,0.038583423693974814,0.11786645319726734,0.41246746714272614
cifar10_iid_free-rider_seed0,cifar10,iid,free_rider,0,ComFedSV,18.34229255601531,0.75,0.1702135522304181,0.6815828854339875,0.1797866299901979,0.5490214034302319,0.432738450126925,0.5136241893236911,0.2360605401974819,0.22293873330293845,0.3165806837743026,0.314977317727624,0.18792309416589273,0.18532957633336364,1,0,-0.005479385455449422,0.3608988920847575,1,0.15369012869066664,0.0,0.0,0.042723045994838074,0.11096708269582857,0.3028757147963033
cifar10_iid_free-rider_seed0,cifar10,iid,free_rider,0,Banzhaf,112.82576124899788,1.0,0.4578625123896586,1.0,0.3138229572304239,1.0,0.7382459874283102,0.9999994114454008,0.0957726722242267,2.361544017004391e-07,0.19447544637088,0.007865068225456805,0.1501811238395789,0.003293378402789343,0,4,-0.0,0.19850165024399757,0,0.18538235997160277,0.0,4.0,0.0,0.18538235997160277,0.9339084070270014
cifar10_iid_free-rider_seed0,cifar10,iid,free_rider,0,ShapleyFL,112.43977000599261,0.0,-0.5331275829194655,-0.7935483870967742,-0.3138229572304239,-0.5897435897435898,-0.6620384121623113,-0.7238012448380805,0.3746669629533821,0.5047038232296122,2.17638311553909,2.2159460174253924,0.9242448677283791,0.9737160332915689,0,0,0.1437782992315741,0.9737160332915689,0,0.4894008368594027,0.0,0.0,0.9737160332915689,-0.48431519643216614,-0.5835560627698316
cifar10_iid_free-rider_seed0,cifar10,iid,free_rider,0,FedIF,0.44648861401947215,1.0,0.47040669081129305,0.935483870967742,0.3621034121889507,0.8461538461538461,0.7054040761047691,0.9830089218649455,0.10939273753722567,0.006962730590403754,1.2269050892397402,1.1256063350295855,0.6313376048143565,0.5824355300262479,0,4,0.0,0.7776615913703948,0,0.633796968158586,0.0,4.0,0.0,0.633796968158586,0.815003563493099
cifar10_iid_free-rider_seed0,cifar10,iid,free_rider,0,loss-heur,0.7409094240283594,1.0,0.6460251887141759,0.935483870967742,0.41038386714747743,0.7948717948717948,0.7566833359656179,0.9983885114583518,0.09017547703256046,0.0006479297613281032,0.16613980055463662,0.06751395043231255,0.11152387954469709,0.0354043900966646,0,4,-0.0,0.17399466037750244,0,0.15511943896611533,0.0,4.0,0.0,0.15511943896611533,0.891518386998572
cifar10_iid_free-rider_seed0,cifar10,iid,free_rider,0,(a)oracle,46209.224543220014,,,,,,,,,,,,,,0,0,0.03338001869443866,0.19912852011181068,0,0.14719425436151098,0.0,0.0,0.049691711719452455,0.09750254264205853,0.5882559528941801
cifar10_iid_free-rider_seed2,cifar10,iid,free_rider,2,(b)oracle,182.0482016201131,1.0,0.7087460808223484,,0.506944777064531,,0.9413055899743376,,0.053038276202726053,,0.15416750471893848,,0.07582467553804838,,0,4,-0.0,0.19683851997057614,0,0.1833100120226543,0.0,4.0,0.0,0.1833100120226543,0.9312710339930207
cifar10_iid_free-rider_seed2,cifar10,iid,free_rider,2,Flirds,1.0909507509786636,1.0,0.6711135455574448,0.9870967741935485,0.4586643221060042,0.9487179487179487,0.9418147975426286,0.9999471449152985,0.05289701212063436,2.1204771592064908e-05,0.15892572354044762,0.008146372032547401,0.0792509525856921,0.00482619137037521,0,4,-0.0,0.20027730050496761,0,0.18641359340253985,0.0,4.0,0.0,0.18641359340253985,0.9307774417396649
cifar10_iid_free-rider_seed2,cifar10,iid,free_rider,2,Flirds1st,0.4716110439039767,1.0,0.7840111513521552,0.935483870967742,0.6517861419401112,0.8461538461538461,0.9443185497809073,0.999595027584595,0.05228606804071956,0.00016247483799880502,0.1431976770294203,0.01873959986501209,0.06948198311319446,0.012071542193492185,0,4,-0.0,0.18939529657363893,0,0.17638581221302355,0.0,4.0,0.0,0.17638581221302355,0.9313104147992548
cifar10_iid_free-rider_seed2,cifar10,iid,free_rider,2,GTG,123.50980983697809,1.0,0.6808542089216724,0.8441622892989752,0.4944132324730442,0.6445033866354896,0.7792940285039355,0.8993348374163711,0.10795651166501796,0.043073960534725786,0.17322337630396487,0.19194519300219506,0.09448256141394848,0.11780828756882092,1,0,-0.007549740890431809,0.16740304354066146,0,0.11266810142296675,1.0,0.0,0.0021603911262539155,0.11050771029671283,0.6316430496151222
cifar10_iid_free-rider_seed2,cifar10,iid,free_rider,2,FedSV,36.224443237064406,0.5,0.06686960980480709,0.09379580992210836,0.0,0.07161148740394328,0.07845465062281638,0.19168397484636102,0.25087516423173417,0.3107378883174027,0.2929212317540449,0.3496458377746539,0.20119783454773932,0.1671657522519432,0,0,0.005879692236582442,0.3226784547170003,0,0.12263421482510038,0.0,0.0,0.09101375540097553,0.03162045942412485,0.09981244616155782
cifar10_iid_free-rider_seed2,cifar10,iid,free_rider,2,ComFedSV,30.816791196120903,0.7083333333333334,0.6322217654272672,0.38768934767804786,0.44946657497549475,0.3103164454170876,0.3865947640462154,0.16029434846223475,0.5014787252400272,0.6053799128734878,0.7784106465714274,0.8270206827920343,0.5871196790755739,0.6629443546136223,2,0,-0.47154462337493896,0.5468781391779581,1,0.14522410846418804,1.0,0.0,0.05712891494234403,0.088095193521844,0.08650159517351551
cifar10_iid_free-rider_seed2,cifar10,iid,free_rider,2,Banzhaf,182.61126479296945,1.0,0.7087460808223484,1.0,0.506944777064531,1.0,0.9415343148702381,0.9999981220102239,0.05296660906746942,7.54558001636596e-07,0.15886165204261524,0.007404088887871349,0.07881873928299042,0.0032085590064528102,0,4,-0.0,0.1998707540333271,0,0.18632855763038,0.0,4.0,0.0,0.18632855763038,0.9322452328333688
cifar10_iid_free-rider_seed2,cifar10,iid,free_rider,2,ShapleyFL,180.46444692998193,0.0,-0.6962019024007137,-0.7548387096774194,-0.506944777064531,-0.5897435897435898,-0.9406077791778596,-0.9655519308609698,0.4124336380137993,0.6595132597708371,1.9559059912659784,2.0422132754835642,0.9469797116218724,0.9993373240743036,0,0,0.20463844422404648,0.9993373240743036,0,0.3005651601349648,0.0,0.0,0.9993373240743036,-0.6987721639393388,-0.8792917439005405
cifar10_iid_free-rider_seed2,cifar10,iid,free_rider,2,FedIF,0.5697239660657942,1.0,0.9219971139901345,0.8322580645161289,0.7966275068156915,0.6923076923076923,0.9681892696599027,0.9829032911291151,0.047936837709555036,0.006924260953036776,1.239510618287182,1.1430450749311658,0.6287656011565572,0.6091563498935291,0,4,0.0,0.7897054270864714,0,0.6446431571489929,0.0,4.0,0.0,0.6446431571489929,0.816308379096913
cifar10_iid_free-rider_seed2,cifar10,iid,free_rider,2,loss-heur,0.9198628820013255,1.0,0.7338344376656173,0.9483870967741936,0.5552252320230577,0.8461538461538461,0.9447503461970477,0.9995104807299369,0.05226012356333343,0.00019650889951783324,0.1240393640687052,0.061383533861624644,0.055385920842488584,0.029036811987558975,0,4,-0.0,0.17341768741607666,0,0.15846490859985352,0.0,4.0,0.0,0.15846490859985352,0.9137759300160235
cifar10_iid_free-rider_seed2,cifar10,iid,free_rider,2,(a)oracle,51775.10306453821,,,,,,,,,,,,,,0,0,0.05235761245243117,0.16451164481147865,0,0.14408064550571326,0.0,0.0,0.05357672461252352,0.09050392089318973,0.8069609178513747
cifar10_iid_grad-noise_seed2,cifar10,iid,grad_noise,2,(b)oracle,183.99691653996706,1.0,0.6242424242424242,,0.4666666666666666,,0.9141953346870474,,0.08546356564697066,,1.1795774018331149,,1.0807027939928906,,4,0,-0.6669695407625227,0.4921262222623067,0,0.4581446343865345,4.0,0.0,-0.5748358807275218,1.0329805151140563,0.8911951437199142
cifar10_iid_grad-noise_seed2,cifar10,iid,grad_noise,2,Flirds,1.1064286569599062,1.0,0.6,0.9515151515151514,0.4222222222222222,0.8666666666666666,0.9125327992071234,0.9975326635582515,0.152551449228572,0.07900086051980049,1.3283016214018124,0.7253375915989109,0.7935899718930793,0.3416904491564584,4,0,-0.9048645667731762,0.3460229173302651,0,0.2774180632084608,4.0,0.0,-0.8568600257858635,1.1342780889943243,0.906778669871579
cifar10_iid_grad-noise_seed2,cifar10,iid,grad_noise,2,Flirds1st,0.4755586450919509,0.375,-0.16363636363636364,0.1515151515151515,-0.15555555555555553,0.1111111111111111,0.3418502109433505,0.02048359944533592,0.9003143746292851,0.9107031356930501,3.538191962189898,3.1055113424160443,2.3881954356362893,1.580577339279273,0,0,0.6897408969700336,0.9887384727597237,0,0.8787811490396659,0.0,0.0,0.8846427639946342,-0.005861614954968286,-0.019604222340221408
cifar10_iid_grad-noise_seed2,cifar10,iid,grad_noise,2,GTG,108.67375045199879,1.0,0.7333333333333332,0.5878787878787878,0.5555555555555555,0.37777777777777777,0.8239722147545554,0.9683064042853732,0.17749444713610196,0.0348383395635572,1.9270900367647947,0.9604892259716221,1.5196995213390028,0.4389967273461123,4,0,-0.3391649840744825,0.22027205348253634,0,0.17876676286649393,4.0,0.0,-0.26425446528204294,0.44302122814853684,0.7919054306506893
cifar10_iid_grad-noise_seed2,cifar10,iid,grad_noise,2,FedSV,36.72843690193258,1.0,0.6969696969696969,0.7212121212121211,0.4666666666666666,0.5555555555555555,0.7926328894112536,0.9568527172177311,0.20910091177974421,0.04668719246573827,78.37895831345334,78.76939000825263,38.334469770048536,38.215629322897826,4,0,-38.79062022765478,25.286231541633605,0,20.181493195560247,4.0,0.0,-30.159858752290404,50.341351947850654,0.7856402204201134
cifar10_iid_grad-noise_seed2,cifar10,iid,grad_noise,2,ComFedSV,31.32096023997292,0.7083333333333334,0.309090909090909,-0.11515151515151514,0.24444444444444444,-0.1111111111111111,0.3453589181021317,0.5415218376026352,0.6553220342601312,0.46040612831847805,75.53758581068216,75.48931802248974,52.764944990132726,52.646104542982016,2,0,-53.22109544773897,25.649764731526375,0,12.15680177261432,2.0,0.0,-18.122821617871523,30.279623390485845,0.3839139489751142
cifar10_iid_grad-noise_seed2,cifar10,iid,grad_noise,2,Banzhaf,184.66200564894825,1.0,0.6121212121212121,0.9878787878787878,0.4222222222222222,0.9555555555555554,0.9141485412798723,0.9999670077144412,0.08555545558510658,3.8370568575141206e-05,1.1880891737218622,0.020733441200832956,1.087557522187553,0.014263960533583031,4,0,-0.6527055802289397,0.4908013658132404,0,0.45545833682020503,4.0,0.0,-0.5676168920472264,1.0230752288674314,0.8946821288741814
cifar10_iid_grad-noise_seed2,cifar10,iid,grad_noise,2,ShapleyFL,183.56633379706182,1.0,0.6727272727272726,0.9272727272727272,0.4666666666666666,0.8222222222222221,0.8774812800901232,0.9866902297884074,0.47130467353194505,0.39710159601035233,2.391195350096644,1.9702801417906015,1.8908397026943888,0.8408935914989287,0,0,0.005440858214493718,0.9992208921417929,0,0.9963369431753285,0.0,0.0,0.14728736075732313,0.8490495824180053,0.8543636956184997
cifar10_iid_grad-noise_seed2,cifar10,iid,grad_noise,2,FedIF,0.5997650020290166,1.0,0.6484848484848483,0.9636363636363635,0.5111111111111111,0.8666666666666666,0.8969086125832412,0.9883146910412633,0.38287080757195013,0.3112461682330441,1.9846163731181141,1.440780255080669,1.7018925226548267,0.671086808981016,0,0,0.0034379839885712565,0.8676087348895385,0,0.7941907788251829,0.0,0.0,0.00575619726514133,0.7884345815600415,0.912359716801379
cifar10_iid_grad-noise_seed2,cifar10,iid,grad_noise,2,loss-heur,0.8839695299975574,1.0,0.6969696969696969,0.9515151515151514,0.5555555555555555,0.8222222222222221,0.9251117841187636,0.9981692425871789,0.2225484418971898,0.15389847556177005,1.550121574328247,1.0606542135956059,1.3899022734990192,0.38545275037250804,4,0,-0.30855226516723633,0.846471905708313,0,0.7850315173467001,4.0,0.0,-0.2304438054561615,1.0154753228028617,0.8791810149159869
cifar10_iid_grad-noise_seed2,cifar10,iid,grad_noise,2,(a)oracle,52764.30068939482,,,,,,,,,,,,,,4,0,-1.6984545386662555,0.6781128557356579,0,0.6253840570601209,4.0,0.0,-0.8050475440252397,1.4304316010853606,0.6018897694442799
cifar10_iid_label-flip_fr0.70_seed2,cifar10,iid,label_flip,2,(b)oracle,182.4446686860174,1.0,0.6727272727272726,,0.4666666666666666,,0.9318120212581783,,0.11006285179790509,,0.4859298681793894,,0.23044178926944736,,4,0,-0.21375143163734023,0.32974024618428843,0,0.3107820657510605,4.0,0.0,-0.205464051309086,0.5162461170601464,0.949869405782467
cifar10_iid_label-flip_fr0.70_seed2,cifar10,iid,label_flip,2,Flirds,1.4645795598626137,1.0,0.6727272727272726,0.9999999999999999,0.4666666666666666,0.9999999999999999,0.9312811310516406,0.9999967835268921,0.10308632965741937,0.000208063561538685,0.47872966601723466,0.017689764819862175,0.2228543259409359,0.00930456053946041,4,0,-0.20616396830882877,0.3321630510035902,0,0.31366875023716906,4.0,0.0,-0.19741707651992332,0.5110858267570924,0.9493965720128248
cifar10_iid_label-flip_fr0.70_seed2,cifar10,iid,label_flip,2,Flirds1st,0.4754267851822078,1.0,0.6848484848484848,0.9878787878787878,0.5111111111111111,0.9555555555555554,0.9301507476223331,0.9999615767205468,0.11175699031893449,3.404453222832782e-05,0.43385721745009,0.06168117484959876,0.21552300848729072,0.02671290988486902,4,0,-0.19904648810625075,0.3030273362994194,0,0.2885526403784752,4.0,0.0,-0.19148229295387864,0.48003493333235386,0.9561042818764655
cifar10_iid_label-flip_fr0.70_seed2,cifar10,iid,label_flip,2,GTG,95.56885923631489,1.0,0.709090909090909,0.7939393939393938,0.5555555555555555,0.6444444444444444,0.9185580266108361,0.9940595834680316,0.15554931030114005,0.009151036628828657,0.27828968860672293,0.36861172301313777,0.1604813752618642,0.17988035313004036,4,0,-0.14882973812965838,0.19638259301565403,0,0.17224453095360057,4.0,0.0,-0.13873430505733278,0.31097883601093335,0.9008335101448941
cifar10_iid_label-flip_fr0.70_seed2,cifar10,iid,label_flip,2,FedSV,36.50973971420899,1.0,0.6242424242424242,0.7212121212121211,0.4222222222222222,0.6,0.9158519468540421,0.9879032220215541,0.2119295370597416,0.030540971010274642,1.37134218072587,0.9079747417393825,0.6037749125041658,0.4211491621202892,4,0,-0.6338975588480631,0.6879593531290691,0,0.5353583766354455,4.0,0.0,-0.5423283686240514,1.077686745259497,0.815282452657887
cifar10_iid_label-flip_fr0.70_seed2,cifar10,iid,label_flip,2,ComFedSV,31.08900904422626,1.0,0.8424242424242423,0.5636363636363636,0.6444444444444444,0.28888888888888886,0.8022178612237613,0.8577475527939022,0.28694335173226826,0.1460789757446671,1.3209340644928973,0.9923015536337807,0.7657054617374662,0.5430192102042457,4,0,-0.7365988393624624,0.7878318180640539,0,0.4620074124799834,4.0,0.0,-0.43230192239085835,0.8943093348708417,0.5866513708013321
cifar10_iid_label-flip_fr0.70_seed2,cifar10,iid,label_flip,2,Banzhaf,183.91563996998593,1.0,0.6727272727272726,0.9999999999999999,0.4666666666666666,0.9999999999999999,0.9317650506308495,0.9999997863177995,0.10758578071887615,2.344143087995576e-05,0.49077597814011364,0.009847580910106037,0.22968822954884827,0.004114404789334503,4,0,-0.21299787191674113,0.3335765260271728,0,0.3147508877639969,4.0,0.0,-0.20470632752403617,0.519457215288033,0.9503870236917619
cifar10_iid_label-flip_fr0.70_seed2,cifar10,iid,label_flip,2,ShapleyFL,182.9387206430547,1.0,0.6,0.9030303030303028,0.3333333333333333,0.7777777777777777,0.9128420731270093,0.9972002611257668,0.05445615692967076,0.14444028442988177,1.7147950118599,1.4961016669880578,0.7940135205589214,0.6366993637549123,0,0,0.005563243760579863,0.9447232675221799,0,0.8826618837546492,0.0,0.0,0.05201094531296084,0.8306509384416884,0.8844615586539742
cifar10_iid_label-flip_fr0.70_seed2,cifar10,iid,label_flip,2,FedIF,0.6208354090340436,1.0,0.7212121212121211,0.9272727272727272,0.4666666666666666,0.8222222222222221,0.927073932554359,0.9992959910734768,0.04830980805384655,0.14350938071569863,1.741264117764231,1.5239448251704166,0.7586819206231135,0.6183186863099644,0,0,0.025186033865997635,0.9309874456502958,0,0.8958658860527909,0.0,0.0,0.05193350911160024,0.8439323769411907,0.9316969105609646
cifar10_iid_label-flip_fr0.70_seed2,cifar10,iid,label_flip,2,loss-heur,0.890904595144093,1.0,0.6121212121212121,0.9878787878787878,0.4222222222222222,0.9555555555555554,0.9298262327852772,0.9998584494058055,0.15238219553278298,0.005003509152902819,0.46184221169484985,0.10861705712772932,0.24887417168087422,0.050251325018822124,4,0,-0.2321838140487671,0.2794889211654663,0,0.2690587639808655,4.0,0.0,-0.22251513600349426,0.49157389998435974,0.960719354683891
cifar10_iid_label-flip_fr0.70_seed2,cifar10,iid,label_flip,2,Ripple,7813.9118221653625,1.0,0.709090909090909,0.5757575757575757,0.5111111111111111,0.3333333333333333,0.9314839366309315,0.9959507894487123,0.04197097689050289,0.12760935552209363,67.07315359785746,66.78581208263374,29.032823085757684,28.942202691580775,0,0,0.24117809136084417,29.23819850452667,0,27.547444292141194,0.0,0.0,0.39615481403597874,27.151289478105216,0.9363475657580813
cifar10_iid_label-flip_fr0.70_seed2,cifar10,iid,label_flip,2,(a)oracle,52691.29085471993,,,,,,,,,,,,,,2,0,-0.11161453480796213,0.21180577889094301,0,0.1910575384069371,2.0,0.0,-0.02398505028618711,0.2150425886931242,0.6649013051583476
mnist_dir1_clean_seed1,mnist,dir1,clean,1,(b)oracle,33.64517065603286,,0.8545454545454544,,0.7333333333333333,,0.8668128373627835,,0.04924293130974655,,0.23518138578552236,,0.13748166506607395,,0,0,0.08108106953875407,0.38535960330258295,0,0.2238531231880188,,,,,
mnist_dir1_clean_seed1,mnist,dir1,clean,1,Flirds,0.9422387159429491,,0.8060606060606059,0.9878787878787878,0.6888888888888888,0.9555555555555554,0.8875668030595096,0.9957658117762453,0.046271957721288004,0.0005619203933585615,0.2936197784470852,0.2854885207957305,0.14709683689302372,0.14562698233630422,0,0,0.053647725383937354,0.23973262096627873,0,0.14016283991993123,,,,,
mnist_dir1_clean_seed1,mnist,dir1,clean,1,Flirds1st,0.09805630892515182,,0.8303030303030302,0.9636363636363635,0.6888888888888888,0.8666666666666666,0.8640621359107006,0.985522885682838,0.048607375920232676,0.0018338822895119788,0.3983583504636709,0.41871307639823185,0.16039895522658124,0.2145960087208374,0,0,0.041001790559245285,0.17076359458174556,0,0.10057565975967955,,,,,
mnist_dir1_clean_seed1,mnist,dir1,clean,1,GTG,27.294450136832893,,0.7696969696969697,0.9515151515151514,0.6,0.8666666666666666,0.8252779844452895,0.8917852363630397,0.06153519840484756,0.01562886451661194,0.253071230312546,0.13442632480814817,0.18771218189176617,0.06804868915355916,0,0,0.013032380385194914,0.31796391717800576,0,0.21255546451752033,,,,,
mnist_dir1_clean_seed1,mnist,dir1,clean,1,FedSV,6.633265538141131,,0.6969696969696969,0.5272727272727272,0.5111111111111111,0.4222222222222222,0.7696260975216517,0.5623762987818747,0.17302739367417974,0.13138715884919028,0.4972000889379495,0.43782383912728035,0.2539154158818341,0.27156641676962856,2,0,-0.05317085360487302,0.4453985231618086,2,0.22385312914848327,,,,,
mnist_dir1_clean_seed1,mnist,dir1,clean,1,ComFedSV,5.444422108121216,,0.7939393939393938,0.6969696969696969,0.6444444444444444,0.5555555555555555,0.8271421664761075,0.7411050980581049,0.13531311709957872,0.07194518636021885,0.4094336335585145,0.30357229366514143,0.2926090270814912,0.19017231965526216,1,0,-0.09186446480453014,0.38797603733837605,1,0.21644819155335426,,,,,
mnist_dir1_clean_seed1,mnist,dir1,clean,1,Banzhaf,33.734302603174,,0.8303030303030302,0.9878787878787878,0.6888888888888888,0.9555555555555554,0.8627305054169319,0.9995990369227937,0.04458642867702234,0.00017277770679513527,0.2975392233001322,0.1312796564379205,0.19454012236366652,0.05705845729759257,0,0,0.09926309795991983,0.4424180606001755,0,0.2639179681515088,,,,,
mnist_dir1_clean_seed1,mnist,dir1,clean,1,ShapleyFL,32.88722351193428,,0.309090909090909,0.29696969696969694,0.19999999999999998,0.19999999999999998,0.2946396591460183,0.32170109966613414,0.07873858888623453,0.09829432844251029,1.2684902918237153,1.250864209968345,0.7129107351233582,0.6644330950896675,0,0,0.1810022914236943,0.9320558125093363,0,0.547536500717538,,,,,
mnist_dir1_clean_seed1,mnist,dir1,clean,1,FedIF,0.18567872000858188,,0.07878787878787878,0.2121212121212121,0.1111111111111111,0.19999999999999998,0.20924072295266,0.33870155675699254,0.0572075883558536,0.08048192712049207,1.0293933228706185,1.0172493194030932,0.6092486405025936,0.6481178770925621,0,0,0.25267517101450265,0.8200869155446282,0,0.49636577171533347,,,,,
mnist_dir1_clean_seed1,mnist,dir1,clean,1,loss-heur,0.16635709907859564,,0.8545454545454544,0.9757575757575757,0.7333333333333333,0.911111111111111,0.8805524923267449,0.9913545479442019,0.05257888774216368,0.0012002844212773978,0.3884751100099913,0.40338912623310946,0.16132080597555803,0.20137083842049525,0,0,0.039423756301403046,0.1839887648820877,0,0.1044489398598671,,,,,
mnist_dir1_clean_seed1,mnist,dir1,clean,1,Ripple,2057.628423157148,,0.7454545454545454,0.9151515151515152,0.6,0.7777777777777777,0.7381302278974411,0.8837752108121203,0.11423982673292143,0.03350598088691825,62.184627675244734,62.07879590697578,33.22391767311384,33.15722823339387,0,0,4.225860481285306,33.45396690219115,0,17.191898161297505,,,,,
mnist_dir1_clean_seed1,mnist,dir1,clean,1,(a)oracle,61599.81424159906,,,,,,,,,,,,,,0,0,0.20074456227696108,0.247877938236509,0,0.2234891429901123,,,,,
mnist_dir1_free-rider_seed1,mnist,dir1,free_rider,1,(b)oracle,34.359721718821675,1.0,0.9567172612055053,,0.8832083446486338,,0.9293772565388116,,0.03206502777837117,,0.2411827303679492,,0.18411573581681326,,0,4,-0.0,0.5235878111173712,0,0.37079735969503713,0.0,4.0,0.0,0.37079735969503713,0.7081856220138718
mnist_dir1_free-rider_seed1,mnist,dir1,free_rider,1,Flirds,0.5410160729661584,1.0,0.9567172612055053,1.0,0.8832083446486338,1.0,0.9337434514879411,0.999889273646921,0.029911902652621336,5.635713728013858e-05,0.23680301886996682,0.1257411763205892,0.19529026547778283,0.07406474386076084,0,4,-0.0,0.44952306725661034,0,0.32334167930029656,0.0,4.0,0.0,0.32334167930029656,0.7192994149857873
mnist_dir1_free-rider_seed1,mnist,dir1,free_rider,1,Flirds1st,0.09761932073161006,1.0,0.9317050452262763,0.9870967741935485,0.835467353046005,0.9487179487179487,0.9340963647283839,0.9983400860181871,0.02970556277197489,0.0007733931489547485,0.29882002453396067,0.2535843801673973,0.21140421481910687,0.14554954170559875,0,4,-0.0,0.37803826941177243,0,0.2746908499172707,0.0,4.0,0.0,0.2746908499172707,0.7266218056301276
mnist_dir1_free-rider_seed1,mnist,dir1,free_rider,1,GTG,24.1889054980129,1.0,0.9757575757575757,0.9442111532158909,0.911111111111111,0.835467353046005,0.9643750217322861,0.9671545540941733,0.08043090307174527,0.06907085857698358,0.3708796857514922,0.3512713211088152,0.21919257027571248,0.1818634872829867,4,0,-0.1818634872829867,0.464336759663324,0,0.3325206328751343,4.0,0.0,-0.14779639989708462,0.48031703277221893,0.7432944122847509
mnist_dir1_free-rider_seed1,mnist,dir1,free_rider,1,FedSV,6.795931490138173,1.0,0.9393939393939393,0.9567172612055054,0.8222222222222221,0.8832083446486338,0.9359197610083715,0.9877713410104966,0.1031684353301916,0.06239979973828391,0.779427847995862,0.6842782960307953,0.4147343309084573,0.30443308341006425,4,0,-0.2682386460403601,0.8280208945274354,0,0.5262730202327172,4.0,0.0,-0.23321352433413262,0.7594865445668497,0.6927981161956247
mnist_dir1_free-rider_seed1,mnist,dir1,free_rider,1,ComFedSV,5.564927746076137,1.0,0.8666666666666665,0.9442111532158909,0.6888888888888888,0.835467353046005,0.9618004194348777,0.9743818119347653,0.11776057363453918,0.09760580914095451,0.8082112886456972,0.7576925103564179,0.3570098376815518,0.3642214775706331,4,0,-0.3642214775706331,0.7308450033888221,0,0.5207567530580693,4.0,0.0,-0.30207648392145836,0.8228332369795277,0.7514002586021926
mnist_dir1_free-rider_seed1,mnist,dir1,free_rider,1,Banzhaf,34.46041778009385,1.0,0.9567172612055053,1.0,0.8832083446486338,1.0,0.9300815952614767,0.9999976770523114,0.03171633661461737,1.2100182170682316e-06,0.24139100435190927,0.006187690332626302,0.18215574735748952,0.003017608899002655,0,4,-0.0,0.5260052478406578,0,0.3732961849309504,0.0,4.0,0.0,0.3732961849309504,0.7096814840981065
mnist_dir1_free-rider_seed1,mnist,dir1,free_rider,1,ShapleyFL,33.74476494686678,0.16666666666666663,-0.45647294162092733,-0.45806451612903226,-0.3103164454170875,-0.28205128205128205,-0.6903301265940394,-0.5147692941764391,0.5549609374155571,0.5244419978400247,1.9412914827504113,1.9080284810153911,0.9142451903976289,0.8955460127029298,0,0,0.05796212058505637,0.9183509621404317,0,0.4058068774374559,0.0,0.0,0.8955460127029298,-0.48973913526547386,-0.5692067488696666
mnist_dir1_free-rider_seed1,mnist,dir1,free_rider,1,FedIF,0.16458086809143424,1.0,0.8066439653301319,0.8193548387096775,0.6445033866354896,0.641025641025641,0.9389671984618577,0.8706391022923028,0.02596584475735375,0.05773252871613632,0.77240362577954,0.8127274963743117,0.477358500748772,0.5941035185350608,0,0,0.0365188826048786,0.8906450643677501,0,0.6580669664753606,0.0,0.0,0.0365188826048786,0.621548083870482,0.7277005402031341
mnist_dir1_free-rider_seed1,mnist,dir1,free_rider,1,loss-heur,0.16703181760385633,1.0,0.9567172612055053,1.0,0.8832083446486338,1.0,0.9315812921778669,0.9998079788731576,0.030964890640018172,9.035132713886007e-05,0.2921101318397905,0.23674350149960788,0.212492215139525,0.13018530172606335,0,4,-0.0,0.39340250939130783,0,0.2799295224249363,0.0,4.0,0.0,0.2799295224249363,0.7115600834830905
mnist_dir1_free-rider_seed1,mnist,dir1,free_rider,1,(a)oracle,63042.132759997854,,,,,,,,,,,,,,4,0,-0.018699177694699122,0.41328656361897814,0,0.3792037467715603,4.0,0.0,-0.012912169420340704,0.392115916191901,0.9077056918579504
mnist_dir1_grad-noise_seed1,mnist,dir1,grad_noise,1,(b)oracle,34.15811297018081,1.0,0.8666666666666665,,0.6888888888888888,,0.8964084700193553,,0.19546299218161445,,1.9003341052189617,,0.9203368604077464,,1,0,-0.1885878648727186,0.5736621291184479,0,0.3701528833888314,1.0,0.0,-0.016978007045737098,0.3871308904345685,0.5078791649541881
mnist_dir1_grad-noise_seed1,mnist,dir1,grad_noise,1,Flirds,0.7063961713574827,1.0,0.8787878787878788,0.9878787878787878,0.7333333333333333,0.9555555555555554,0.8958349064214753,0.9845541270491777,0.12045638522722124,0.0390125093253374,2.021019705312471,0.3734576084380028,0.8716348468042809,0.21416775625140017,4,0,-0.2866130196506778,0.3594943728670478,0,0.2395131924438575,4.0,0.0,-0.08782750485063298,0.32734069729449045,0.5066351214755835
mnist_dir1_grad-noise_seed1,mnist,dir1,grad_noise,1,Flirds1st,0.09783725906163454,0.7500000000000001,0.6969696969696969,0.6727272727272726,0.4666666666666666,0.5111111111111111,0.6242443025083961,0.8077935286562841,0.5574626157546727,0.15519714524794948,2.332534523863876,0.5661804527081645,1.1318889915775865,0.4568102443871694,0,0,0.18224385429465523,0.5334151724874973,0,0.3597438568066081,0.0,0.0,0.23888171373536657,0.12086214307124152,0.34416860606159
mnist_dir1_grad-noise_seed1,mnist,dir1,grad_noise,1,GTG,20.368270062841475,1.0,0.8060606060606059,0.8181818181818182,0.6888888888888888,0.6444444444444444,0.9868632816760229,0.8678446873795723,0.029737897511294964,0.32194418255320145,1.2827841581513304,1.0316267671315558,0.6061765355828757,0.7024572141017418,4,0,-0.6562391951199511,0.4719146879972301,0,0.38753869223699033,4.0,0.0,-0.4933164699706023,0.8808551622075926,0.7807934497142518
mnist_dir1_grad-noise_seed1,mnist,dir1,grad_noise,1,FedSV,6.740115235093981,1.0,0.9878787878787878,0.8303030303030302,0.9555555555555554,0.6444444444444444,0.9834251234297606,0.9060218489368121,0.04671937570264151,0.33645099430110204,39.87098171926964,41.695442890534245,20.575746688756965,21.496083549164712,4,0,-21.449865530182922,17.234849020590385,0,10.62896452902092,4.0,0.0,-15.40519548666974,26.03416001569066,0.672983123127898
mnist_dir1_grad-noise_seed1,mnist,dir1,grad_noise,1,ComFedSV,5.50804844731465,1.0,0.7333333333333332,0.6969696969696969,0.5555555555555555,0.6,0.9580184094726552,0.8476486156696827,0.07228061919522677,0.3813556154073273,45.53471631010029,47.33403985407465,21.528646072654144,22.20372481984456,4,0,-22.39231268471728,19.41309915172557,0,12.110973530966374,4.0,0.0,-17.71592154571166,29.826895076678035,0.7134697104138361
mnist_dir1_grad-noise_seed1,mnist,dir1,grad_noise,1,Banzhaf,34.342462081927806,1.0,0.8787878787878788,0.9878787878787878,0.7333333333333333,0.9555555555555554,0.892066834418721,0.9995298586919543,0.21825118075021732,0.0013022170725249804,1.8871611733490914,0.09745147186910393,0.9445327477714489,0.047860723756029455,1,0,-0.16191381523094606,0.6215228528744774,0,0.4034463769106272,1.0,0.0,0.005616508053208236,0.39782986885741894,0.5078009302519458
mnist_dir1_grad-noise_seed1,mnist,dir1,grad_noise,1,ShapleyFL,33.467455103993416,1.0,0.8060606060606059,0.7575757575757575,0.6,0.5555555555555555,0.9710851462584021,0.8510365429391612,0.2975689925559115,0.09077268880353129,1.9567907440412724,1.6246541620235027,1.2191431207799512,0.8328380299119441,0,0,0.07835699767513665,0.9984412218307683,0,0.9908122636553641,0.0,0.0,0.19063781096247195,0.8001744526928922,0.8696752228604054
mnist_dir1_grad-noise_seed1,mnist,dir1,grad_noise,1,FedIF,0.16690754191949964,1.0,0.6969696969696969,0.6606060606060605,0.5111111111111111,0.4666666666666666,0.8799048855378876,0.68632028237261,0.24731863895776451,0.151790612641293,1.7595696772585212,0.8809590458303561,0.882370700638956,0.7784983068400559,0,0,0.008251859213000154,0.9409007598948038,0,0.6079530939817657,0.0,0.0,0.0122664598226313,0.5956866341591344,0.6387040543592166
mnist_dir1_grad-noise_seed1,mnist,dir1,grad_noise,1,loss-heur,0.16617339896038175,1.0,0.8909090909090909,0.9878787878787878,0.7333333333333333,0.9555555555555554,0.9222224318840874,0.9711176682530235,0.1645870181461807,0.015902282957833136,1.9141536376661519,0.18772220202893894,0.8322063006325369,0.11018852925608083,3,0,-0.12659332156181335,0.5002213716506958,0,0.3426856075723966,3.0,0.0,-0.038640812039375305,0.3813264196117719,0.6083559044498829
mnist_dir1_grad-noise_seed1,mnist,dir1,grad_noise,1,(a)oracle,61834.7289725719,,,,,,,,,,,,,,4,0,-0.8741188414259558,0.9885926355604145,0,0.8555154353434444,4.0,0.0,-0.7460684430084528,1.6015838783518972,0.8598131799472539
mnist_dir1_label-flip_fr0.70_seed1,mnist,dir1,label_flip,1,(b)oracle,35.909055264201015,1.0,0.9999999999999999,,0.9999999999999999,,0.985801453677263,,0.09525421181058269,,0.7360899272681627,,0.33008901359649384,,4,0,-0.2541995215806222,0.7227795723441338,0,0.5167533338513403,4.0,0.0,-0.23132786980963171,0.748081203660972,0.7657085072882706
mnist_dir1_label-flip_fr0.70_seed1,mnist,dir1,label_flip,1,Flirds,0.8066554898396134,1.0,0.9999999999999999,0.9999999999999999,0.9999999999999999,0.9999999999999999,0.9874177200178967,0.9998875049350354,0.10064219936332475,0.00019651168249390505,0.5883202530339062,0.19181634610085826,0.2527109605610218,0.1082767991930994,4,0,-0.2350511112976489,0.6145027731510344,0,0.44535901265517236,4.0,0.0,-0.20993144810197212,0.6552904607571445,0.7713347825869742
mnist_dir1_label-flip_fr0.70_seed1,mnist,dir1,label_flip,1,Flirds1st,0.09953734185546637,1.0,0.9999999999999999,0.9999999999999999,0.9999999999999999,0.9999999999999999,0.9907181931831296,0.9989397467461139,0.1317578587011804,0.004590418185234091,0.5705676059620877,0.3136123207256757,0.2830352320453951,0.17972107412547833,4,0,-0.26537538278202216,0.5430584982186555,0,0.3971670131218723,4.0,0.0,-0.232043674982506,0.6292106881043783,0.7783081621041694
mnist_dir1_label-flip_fr0.70_seed1,mnist,dir1,label_flip,1,GTG,13.64409547066316,1.0,0.9757575757575757,0.9757575757575757,0.911111111111111,0.911111111111111,0.9926664215217306,0.9940406686345186,0.16726330195083383,0.01718890260807937,0.5836594347519218,0.4252121165136252,0.29657060865709717,0.22619979976368504,4,0,-0.2765884346023155,0.4965797725804488,0,0.35906513020895225,4.0,0.0,-0.2520559630559921,0.6111210932649443,0.7904115657984955
mnist_dir1_label-flip_fr0.70_seed1,mnist,dir1,label_flip,1,FedSV,7.015484165865928,1.0,0.9272727272727272,0.9272727272727272,0.8222222222222221,0.8222222222222221,0.9933487574011786,0.9858399149280914,0.3011094866060927,0.07961699747364337,4.4058204679220605,3.701494270889414,1.8916941265104306,1.588884301779289,4,0,-1.8103963712851205,2.2843846852580705,0,1.444574092121588,4.0,0.0,-1.6230590072150033,3.0676330993365912,0.7491568064267357
mnist_dir1_label-flip_fr0.70_seed1,mnist,dir1,label_flip,1,ComFedSV,5.805945202242583,1.0,0.8303030303030302,0.8303030303030302,0.6444444444444444,0.6444444444444444,0.9876878683326298,0.9698958461947051,0.3447221206037173,0.11484564279574827,5.451916515579898,4.768417408448652,2.4066570079833034,2.1794809544577247,4,0,-2.3752115992829204,2.4295269083231688,0,1.6629723134036694,4.0,0.0,-2.0980325598114478,3.761004873215117,0.782769939979314
mnist_dir1_label-flip_fr0.70_seed1,mnist,dir1,label_flip,1,Banzhaf,35.77672636508942,1.0,0.9878787878787878,0.9878787878787878,0.9555555555555554,0.9555555555555554,0.9862073908947243,0.9999965628580821,0.09553320211650074,3.3263616846523902e-06,0.7558130195758428,0.0223889915202215,0.33967793578186994,0.009588922185376103,4,0,-0.25933119148248807,0.7323684945295099,0,0.5248332823296854,4.0,0.0,-0.23612549086101353,0.7609587731906989,0.7673278351542128
mnist_dir1_label-flip_fr0.70_seed1,mnist,dir1,label_flip,1,ShapleyFL,34.824913293123245,1.0,0.6969696969696969,0.6969696969696969,0.4666666666666666,0.4666666666666666,0.9848940573482857,0.9433133224519381,0.005446149153256141,0.11540136520796074,1.5563339795813707,1.3290769334713157,0.670935718158588,0.7506846838514158,0,0,0.007487286468205187,0.9976685932092619,0,0.9803333204442604,0.0,0.0,0.047606236218000114,0.9327270842262603,0.9419760581989846
mnist_dir1_label-flip_fr0.70_seed1,mnist,dir1,label_flip,1,FedIF,0.19826166098937392,1.0,0.4666666666666666,0.4666666666666666,0.1111111111111111,0.1111111111111111,0.9694234080570524,0.9152940450259414,0.011027772686924675,0.12980414052037992,1.3605325244872466,1.194535678826245,0.6716049334908167,0.7513538991836446,0,0,0.012350600133447819,0.9457818814845194,0,0.8968566938158324,0.0,0.0,0.043068758372542,0.8537879354432905,0.9146767978543602
mnist_dir1_label-flip_fr0.70_seed1,mnist,dir1,label_flip,1,loss-heur,0.1729364050552249,1.0,0.9999999999999999,0.9999999999999999,0.9999999999999999,0.9999999999999999,0.992907988422624,0.9971114038081086,0.17782411197554804,0.017871909514122097,0.6562594520101928,0.36161431659589915,0.35090818140620283,0.19280680302412267,4,0,-0.3332483321428299,0.5299727693200111,0,0.38483930254975957,4.0,0.0,-0.28263990581035614,0.6674792083601158,0.7732424603951236
mnist_dir1_label-flip_fr0.70_seed1,mnist,dir1,label_flip,1,Ripple,1939.9560467819683,1.0,0.9030303030303028,0.9030303030303028,0.7777777777777777,0.7777777777777777,0.8381912282938886,0.9085812303111435,0.08514179719516879,0.08894538881057146,60.66827198302799,60.164872889338376,35.00539680670096,34.675307793104466,0,0,0.2642807397633465,35.398087365448596,0,21.893589406387992,0.0,0.0,0.5431339795712044,21.350455426816787,0.6076897859171377
mnist_dir1_label-flip_fr0.70_seed1,mnist,dir1,label_flip,1,(a)oracle,63181.242810355034,,,,,,,,,,,,,,0,0,0.017659849263372933,0.39269055874764,0,0.34657592953475064,0.0,0.0,0.02239687887978936,0.3241790506549613,0.8644066804576198
mnist_iid_clean_seed1,mnist,iid,clean,1,(b)oracle,34.73346517095342,,0.49090909090909085,,0.4222222222222222,,0.5322870463669354,,8.604235413200989e-05,,0.009302797642458142,,0.006653823782302837,,0,0,0.21979867833858682,0.22896713697691543,0,0.22422457933425904,,,,,
mnist_iid_clean_seed1,mnist,iid,clean,1,Flirds,1.277286933735013,,0.2727272727272727,0.6363636363636362,0.19999999999999998,0.4222222222222222,0.23265936451925692,0.6050039379298419,0.0001446755029769209,8.142513552844566e-05,0.25573332137945315,0.2556150944841582,0.08540835003716271,0.08507958206855493,0,0,0.13969561005069409,0.1462931047381062,0,0.1434317767643552,,,,,
mnist_iid_clean_seed1,mnist,iid,clean,1,Flirds1st,0.0962391048669815,,0.3696969696969697,0.6969696969696969,0.24444444444444444,0.4666666666666666,0.36591020559415116,0.762476589526948,0.0008446259435662684,0.0005937715803734367,0.510361565263955,0.5102535229043178,0.16655915479154348,0.16579882180658262,0,0,0.05771793547901326,0.06676062531769276,0,0.06288172604399733,,,,,
mnist_iid_clean_seed1,mnist,iid,clean,1,GTG,20.090267268009484,,0.16363636363636364,0.6606060606060605,0.06666666666666667,0.4666666666666666,0.3038005815218094,0.6850229891215085,0.0011068881019334897,0.0008384219570509721,0.03350168246561617,0.02921408300801608,0.018464678061213102,0.019759484390788035,0,0,0.2011045401398943,0.23831844939494226,0,0.22275881169442072,,,,,
mnist_iid_clean_seed1,mnist,iid,clean,1,FedSV,6.862870790064335,,-0.4787878787878787,-0.3939393939393939,-0.24444444444444444,-0.28888888888888886,-0.3586915312901368,-0.36693834643503453,0.04473326257310273,0.04492305601764479,0.2191985599611134,0.21965296303038664,0.11853386262059191,0.11701701662931903,0,0,0.10634019201000532,0.32781202731033166,0,0.2242245800793171,,,,,
mnist_iid_clean_seed1,mnist,iid,clean,1,ComFedSV,5.6139093628153205,,-0.24848484848484845,-0.22424242424242422,-0.15555555555555553,-0.19999999999999998,-0.29857840862759316,-0.2866332984426665,0.047133733692126256,0.047218839674209256,0.22547520082881406,0.225673862209019,0.1279450604024032,0.12969885933848585,0,0,0.11422723128149907,0.3495992038709422,0,0.22422458007931706,,,,,
mnist_iid_clean_seed1,mnist,iid,clean,1,Banzhaf,34.937601579818875,,0.5151515151515151,0.9878787878787878,0.4666666666666666,0.9555555555555554,0.5758889334787637,0.9946231517233672,6.305347679136375e-05,4.786068149797984e-06,0.25547250301780305,0.2553551137215322,0.08736911292035518,0.08144183502826366,0,0,0.2999445829918841,0.3103028125187848,0,0.30497369923105,,,,,
mnist_iid_clean_seed1,mnist,iid,clean,1,ShapleyFL,34.60177198424935,,0.8424242424242423,0.38181818181818183,0.7333333333333333,0.24444444444444444,0.8397824558844038,0.4303288017592464,0.12018640003247827,0.12247493513927488,1.1583904395844298,1.160841804008896,0.7644434653574639,0.7656814030846205,0,0,0.07251375344038467,0.9931544885454797,0,0.47911008875397015,,,,,
mnist_iid_clean_seed1,mnist,iid,clean,1,FedIF,0.19793007662519813,,0.7818181818181817,0.6848484848484848,0.6,0.4666666666666666,0.6959063201032832,0.6884799560513432,0.0723501783979612,0.07205439943380532,0.8278360818664906,0.8274999707140072,0.6048737443168037,0.6061116820439604,0,0,0.19178383495392004,0.8335847675048196,0,0.421543509642346,,,,,
mnist_iid_clean_seed1,mnist,iid,clean,1,loss-heur,0.18192163994535804,,0.41818181818181815,0.7696969696969697,0.28888888888888886,0.5111111111111111,0.34008994969279793,0.7787636824519096,0.0005891199683459858,0.00036366836506307454,0.47324298780751256,0.4731245466236303,0.1554152630162614,0.1537832983710347,0,0,0.06886182725429535,0.07817267626523972,0,0.07462295591831207,,,,,
mnist_iid_clean_seed1,mnist,iid,clean,1,Ripple,2034.4165302938782,,0.4666666666666666,0.16363636363636364,0.3333333333333333,0.1111111111111111,0.38742503356173363,0.23264394637624988,0.0004848078722794469,0.0005594534227997272,44.2313010075265,44.23139343015907,14.756458198582498,14.758334301791434,0,0,13.358752251468688,14.98412126716729,0,14.203207988421445,,,,,
mnist_iid_clean_seed1,mnist,iid,clean,1,(a)oracle,64708.02003286616,,,,,,,,,,,,,,0,0,0.2195692182011074,0.22871102318801584,0,0.22424082555770872,,,,,
mnist_iid_free-rider_seed1,mnist,iid,free_rider,1,(b)oracle,34.58525452576578,1.0,0.8216436866170587,,0.6517861419401112,,0.9999505816511467,,0.00017072207084056767,,0.021995376064051397,,0.009735359857291348,,0,4,-0.0,0.37343279098471044,0,0.3694804919262729,0.0,4.0,0.0,0.3694804919262729,0.9894163042082736
mnist_iid_free-rider_seed1,mnist,iid,free_rider,1,Flirds,1.1412362516857684,1.0,0.7338344376656173,0.9096774193548388,0.5552252320230577,0.7948717948717948,0.9998627309437003,0.9999631917725796,0.00020642738885423562,1.472419788051127e-05,0.1676467106243825,0.15272549996175144,0.07277005267897674,0.06540676522999989,0,4,-0.0,0.30988576763775205,0,0.3071557335055937,0.0,4.0,0.0,0.3071557335055937,0.9911901919440532
mnist_iid_free-rider_seed1,mnist,iid,free_rider,1,Flirds1st,0.09879542281851172,1.0,0.7338344376656173,0.9096774193548388,0.5552252320230577,0.7948717948717948,0.9997718988600344,0.9999165457026143,0.00024288675874450938,3.338631463556396e-05,0.29550381166817524,0.2809658765546063,0.1257924962752503,0.11842920882627345,0,4,-0.0,0.25832825871184467,0,0.25479588543530557,0.0,4.0,0.0,0.25479588543530557,0.9863260283866996
mnist_iid_free-rider_seed1,mnist,iid,free_rider,1,GTG,15.7725405911915,1.0,0.7416447632896788,0.6565706694547585,0.5393598899705937,0.501280411827603,0.9988305508433295,0.9987783830732976,0.10036529977218034,0.10806811924179383,0.44194988124231893,0.45758094347914197,0.22795211013504704,0.23579012601873497,4,0,-0.23579012601873497,0.39257506903294487,0,0.36853135386674296,4.0,0.0,-0.22773139632253636,0.5962627501892793,0.9489111664439653
mnist_iid_free-rider_seed1,mnist,iid,free_rider,1,FedSV,6.936137150973082,1.0,0.5592731001856595,0.7441134253820597,0.31462660248284624,0.5490214034302319,0.9890099070973996,0.9896214992551255,0.11154958089413847,0.11893490898563341,1.0461198842057473,1.066230700326786,0.4901757390503846,0.4980137549340725,4,0,-0.4980137549340725,0.7474857573707899,0,0.6381510708894994,4.0,0.0,-0.40300586099425956,1.041156931883759,0.8359352385108874
mnist_iid_free-rider_seed1,mnist,iid,free_rider,1,ComFedSV,5.6694629970006645,1.0,0.56535215562246,0.7691256413612885,0.31462660248284624,0.5967623950328607,0.9762565457271557,0.97714598523257,0.12470117046621598,0.13195271539431774,1.1138517528974818,1.1331482204005254,0.5546902697480867,0.5601243610183397,4,0,-0.491618930362165,0.9277362935245037,0,0.647255160845816,4.0,0.0,-0.41666199592873454,1.0639171567745507,0.7495777934019858
mnist_iid_free-rider_seed1,mnist,iid,free_rider,1,Banzhaf,34.72955841617659,1.0,0.8216436866170587,1.0,0.6517861419401112,1.0,0.9999483912265601,0.9999997926440296,0.00017164910174904957,8.294770348360458e-08,0.019335632619670563,0.004833185286457116,0.008088714285502351,0.002182124694808718,0,4,-0.0,0.37521425005979836,0,0.3714483897201717,0.0,4.0,0.0,0.3714483897201717,0.9899634399838853
mnist_iid_free-rider_seed1,mnist,iid,free_rider,1,ShapleyFL,34.11834654258564,0.6666666666666667,0.41232525920182495,0.5633927053243971,0.32566947363946475,0.42004127944129066,0.06565645227858964,0.06540863454237957,0.28413795488129057,0.27440372634041943,1.3791225477658073,1.3715353253263074,0.6199357821990936,0.625741358916474,0,0,0.01529030143707183,0.9991741499011845,0,0.5553818168941266,0.0,0.0,0.5262658934840491,0.029115923410077515,0.029592846203877414
mnist_iid_free-rider_seed1,mnist,iid,free_rider,1,FedIF,0.19017455261200666,1.0,0.884364578725231,0.9096774193548388,0.7483470518571648,0.7948717948717948,0.975412158323083,0.9753166307747999,0.010211717959444089,0.010114981946927282,0.810989827227716,0.8242986984581249,0.48088149232729016,0.4866870690446706,0,4,0.0,0.860119860029381,0,0.6906718468953602,0.0,4.0,0.0,0.6906718468953602,0.8029948836104859
mnist_iid_free-rider_seed1,mnist,iid,free_rider,1,loss-heur,0.17105197673663497,1.0,0.7338344376656173,0.9096774193548388,0.5552252320230577,0.7948717948717948,0.9998286068569884,0.999948897844223,0.00022011686647382955,2.0442715061186334e-05,0.2683557689557422,0.25377860847701567,0.11415950962910476,0.10679622218012791,0,4,-0.0,0.26862020790576935,0,0.2658913917839527,0.0,4.0,0.0,0.2658913917839527,0.9898413595049637
mnist_iid_free-rider_seed1,mnist,iid,free_rider,1,(a)oracle,63327.31338484911,,,,,,,,,,,,,,4,0,-0.008088714285502351,0.37923836770209085,0,0.37518985865343185,4.0,0.0,-0.007968664017745423,0.3831585226711773,0.9892376249679607
mnist_iid_grad-noise_seed1,mnist,iid,grad_noise,1,(b)oracle,35.60329172667116,1.0,0.6484848484848483,,0.37777777777777777,,0.9802498882451071,,0.15283226590158383,,1.7369423442319223,,0.9196261796673603,,4,0,-0.095188932788987,0.3762543269270467,0,0.3696920239036439,4.0,0.0,-0.034247176811867765,0.4039392007155117,0.8568140330584385
mnist_iid_grad-noise_seed1,mnist,iid,grad_noise,1,Flirds,1.0251646819524467,1.0,0.709090909090909,0.8424242424242423,0.5111111111111111,0.6888888888888888,0.9644309217264389,0.9909244358269622,0.04037161988242244,0.20970559914545694,1.8420910474022205,0.5651195881513109,0.7666693867895802,0.2327697824982424,4,0,-0.27471533268690107,0.198996464908123,0,0.18944014627486463,4.0,0.0,-0.20559123214334252,0.3950313784182071,0.8339065660254449
mnist_iid_grad-noise_seed1,mnist,iid,grad_noise,1,Flirds1st,0.09951039403676987,0.75,0.4424242424242424,0.406060606060606,0.37777777777777777,0.37777777777777777,0.3311692866987412,0.27746691471674756,0.6862274182701409,0.25701536066062725,2.3364177409006466,0.7246292113262531,1.1947607101652822,0.4554116818758231,0,0,0.2350533677265048,0.4327604196965695,0,0.3464320597549279,0.0,0.0,0.31544061419554054,0.030991445559387376,0.1567543759849288
mnist_iid_grad-noise_seed1,mnist,iid,grad_noise,1,GTG,20.865725500974804,1.0,0.6969696969696969,0.6242424242424242,0.4666666666666666,0.37777777777777777,0.9745566165905564,0.9777387640161158,0.041879076222475775,0.26488592284363355,1.1803621774039523,0.9461029190052035,0.5248822144548404,0.5897506126914444,4,0,-0.6022918291909565,0.46708961703861085,0,0.3900664874232242,4.0,0.0,-0.491836918667675,0.8819034060908992,0.8246855312482935
mnist_iid_grad-noise_seed1,mnist,iid,grad_noise,1,FedSV,6.9926386857405305,1.0,0.709090909090909,0.9272727272727272,0.4666666666666666,0.8222222222222221,0.9450849745022338,0.9669917290751314,0.08567350901181991,0.32017353386872627,40.07641642522296,41.68113473412387,21.812674357397313,22.420426861805815,4,0,-22.432968078305326,15.371185542146364,0,10.785652283330757,4.0,0.0,-15.65818759948015,26.443839882810906,0.6994956201983329
mnist_iid_grad-noise_seed1,mnist,iid,grad_noise,1,ComFedSV,5.757417018059641,1.0,0.5272727272727272,0.7818181818181817,0.28888888888888886,0.6444444444444444,0.9646194893371316,0.9723210537398534,0.06733505753118729,0.31781062779862557,45.75290078120349,47.4032523150724,20.316460068406403,20.822930015017473,4,0,-20.91811894780646,18.889345541285973,0,12.230890966641406,4.0,0.0,-17.826045624446124,30.056936591087528,0.7550578007630547
mnist_iid_grad-noise_seed1,mnist,iid,grad_noise,1,Banzhaf,35.644031703006476,1.0,0.709090909090909,0.9757575757575757,0.4666666666666666,0.911111111111111,0.9781286748045105,0.9996364389970248,0.2127413769279295,0.006028173260985481,1.7419746050042515,0.16978937201834837,0.975023275169805,0.06362390952533119,1,0,-0.04825229094421957,0.43012141819053795,0,0.4242116639118952,1.0,0.0,0.0174569085938856,0.4067547553180096,0.8502866013554835
mnist_iid_grad-noise_seed1,mnist,iid,grad_noise,1,ShapleyFL,34.72656525298953,1.0,0.7696969696969697,0.6969696969696969,0.6,0.5111111111111111,0.990311014049992,0.9834135850326753,0.2808542574154764,0.031394728747047185,1.8378634107247387,1.5978162993271443,1.097404619206717,0.6300144382682358,0,0,0.08080604148674114,0.9991732906999204,0,0.9932307362435896,0.0,0.0,0.18389807329103863,0.809332662952551,0.8812734378822362
mnist_iid_grad-noise_seed1,mnist,iid,grad_noise,1,FedIF,0.19572761002928019,1.0,0.8060606060606059,0.7333333333333332,0.6444444444444444,0.5555555555555555,0.9928299925926114,0.9932240059447665,0.19551531313945314,0.007308307950290693,1.4577850740035985,1.2209309970707436,0.9447149374110276,0.5142710194326721,0,0,0.011465154171380235,0.882213156507289,0,0.8653727619123509,0.0,0.0,0.016149811470596846,0.8492229504417541,0.9752798147840586
mnist_iid_grad-noise_seed1,mnist,iid,grad_noise,1,loss-heur,0.1708689033985138,1.0,0.7818181818181817,0.8424242424242423,0.6,0.6888888888888888,0.9725827428529845,0.9489946489571149,0.08176064947185546,0.04590381471504379,1.6807865821087806,0.2728870661766684,0.767685775995632,0.20201441954880478,4,0,-0.21455563604831696,0.3551024943590164,0,0.3353288099169731,4.0,0.0,-0.10481683909893036,0.4401456490159035,0.7726487616374015
mnist_iid_grad-noise_seed1,mnist,iid,grad_noise,1,(a)oracle,62688.595430243295,,,,,,,,,,,,,,4,0,-0.9262334754470786,0.8190853138560343,0,0.8103821894947183,4.0,0.0,-0.6967022868131827,1.507084476307901,0.863500975033715
mnist_iid_label-flip_fr0.70_seed1,mnist,iid,label_flip,1,(b)oracle,34.0236509689712,1.0,0.7454545454545454,,0.5555555555555555,,0.9998046269304144,,0.1214084029190482,,0.9837217849357277,,0.39437508054354387,,4,0,-0.37910468038762873,0.6065621674060818,0,0.5999448135598665,4.0,0.0,-0.36584405379059426,0.9657888673504608,0.9798329623363674
mnist_iid_label-flip_fr0.70_seed1,mnist,iid,label_flip,1,Flirds,1.3237844099639915,1.0,0.7454545454545454,0.9999999999999999,0.5555555555555555,0.9999999999999999,0.9997606525943626,0.9999939749529678,0.13696407840166913,0.0005048373911210602,0.8151095802010584,0.2216491750794712,0.3638830630845597,0.08986273069749562,4,0,-0.34861266292864457,0.5166994367085862,0,0.5124647368987401,4.0,0.0,-0.3376720191939967,0.8501367560927368,0.9824625778943158
mnist_iid_label-flip_fr0.70_seed1,mnist,iid,label_flip,1,Flirds1st,0.09763238503364846,1.0,0.6727272727272726,0.9515151515151514,0.5111111111111111,0.8666666666666666,0.9997476416723396,0.9999867335852035,0.17793764445042837,0.005821908596795544,0.7976169806713405,0.34838030577404056,0.38446538086666004,0.14653213024139367,4,0,-0.3691949807107449,0.46223059147596357,0,0.4578597413996855,4.0,0.0,-0.35929441330954437,0.8171541547092298,0.9828350029697259
mnist_iid_label-flip_fr0.70_seed1,mnist,iid,label_flip,1,GTG,11.49984201794723,1.0,0.6606060606060605,0.7696969696969697,0.4666666666666666,0.5555555555555555,0.998883441427969,0.9991187382775779,0.19138731126724828,0.009238213769545478,0.6188067619699397,0.6164826525938025,0.32001517323018497,0.2627677255744783,4,0,-0.30762459427335387,0.3732362103463691,0,0.35604877521594375,4.0,0.0,-0.29325870735906046,0.6493074825750043,0.9536567212701544
mnist_iid_label-flip_fr0.70_seed1,mnist,iid,label_flip,1,FedSV,6.717200392973609,1.0,0.6242424242424242,0.7212121212121211,0.4666666666666666,0.5555555555555555,0.9950011082040469,0.9957683776354901,0.30572073616381934,0.04894681801268064,4.975885711144833,3.9981870672592166,2.012683235775857,1.6274759911592047,4,0,-2.000292656819026,2.0249602233370143,0,1.6241763963467541,4.0,0.0,-1.9021914316962163,3.5263678280429707,0.8760611899509453
mnist_iid_label-flip_fr0.70_seed1,mnist,iid,label_flip,1,ComFedSV,5.498663482023403,1.0,0.709090909090909,0.7454545454545454,0.5111111111111111,0.6,0.981989966840894,0.9832330498103632,0.32360464850098825,0.06454392781297313,5.694165725264145,4.733497679486413,2.414231497343807,2.0290242527271545,4,0,-2.4018409183869758,2.6007082741707563,0,1.7867257393275697,4.0,0.0,-2.1460154461674392,3.9327411854950087,0.7861474288640138
mnist_iid_label-flip_fr0.70_seed1,mnist,iid,label_flip,1,Banzhaf,34.06751719798194,1.0,0.7454545454545454,0.9999999999999999,0.5555555555555555,0.9999999999999999,0.9998006594793967,0.9999998859002648,0.12090208080471032,6.630744396884936e-07,1.0068910269918936,0.026213065749765233,0.39961802337004076,0.010430728170710224,4,0,-0.38434762321412563,0.6162867157545406,0,0.6098209891012326,4.0,0.0,-0.37087288506154437,0.980693874162777,0.9800721761893145
mnist_iid_label-flip_fr0.70_seed1,mnist,iid,label_flip,1,ShapleyFL,33.36741080501815,1.0,0.8424242424242423,0.9030303030303028,0.6888888888888888,0.7777777777777777,0.9991728434051289,0.999575949218632,0.0003497112669045288,0.1171080607588687,1.576748573072762,1.243109931042957,0.6501139215656555,0.43348124457706505,0,0,0.00012415993519960286,0.9997300620071087,0,0.9892790295209567,0.0,0.0,0.032268475631167096,0.9570105538897896,0.9573878584611887
mnist_iid_label-flip_fr0.70_seed1,mnist,iid,label_flip,1,FedIF,0.1814771909848787,1.0,0.8181818181818182,0.9151515151515152,0.6444444444444444,0.8222222222222221,0.9997171596815687,0.9999044079084528,0.00011213497850282028,0.11942222812937586,1.4686794145775732,1.1680616340210508,0.6101198182213589,0.4071431926486714,0,0,0.01965876448413421,0.9583295386328314,0,0.9453149023211221,0.0,0.0,0.03674697544088648,0.9085679268802357,0.9679303456573871
mnist_iid_label-flip_fr0.70_seed1,mnist,iid,label_flip,1,loss-heur,0.16683418600587174,1.0,0.6727272727272726,0.9515151515151514,0.5111111111111111,0.8666666666666666,0.9997393848840568,0.9999888989074122,0.23938439360387442,0.021694831948911197,0.9239835708647339,0.4045419689030164,0.46012677561177145,0.16078311204910245,4,0,-0.4448563754558563,0.4472690522670746,0,0.4436056986451149,4.0,0.0,-0.4309738911688328,0.8745795898139477,0.98033254364942
mnist_iid_label-flip_fr0.70_seed1,mnist,iid,label_flip,1,Ripple,1795.653886266984,1.0,0.6242424242424242,0.5636363636363636,0.37777777777777777,0.28888888888888886,0.9983175105398673,0.9986209586845903,0.0006707518576791749,0.11742879791133343,40.47846743193238,39.884757150230776,16.98767932546192,16.730181306684525,0,0,0.44967707203395507,17.330979928023627,0,16.859348442160908,0.0,0.0,0.5435312566580175,16.31581718550289,0.9665022495413532
mnist_iid_label-flip_fr0.70_seed1,mnist,iid,label_flip,1,(a)oracle,62445.67826029204,,,,,,,,,,,,,,0,0,0.012390578956831107,0.35120524897726785,0,0.34611949046604207,0.0,0.0,0.01515966391336352,0.3309598265526785,0.976816696079646
