cell,scale,regime,seed,arm,mmlu,rouge_l,final_val_loss,rounds_to_target
1B_std20_seed0,1B,std20,0,base,0.4821962683378436,0.21557837998261425,,
1B_std20_seed0,1B,std20,0,vanilla,0.47429141147984616,0.2779205064422142,1.2877435684204102,200.0
1B_std20_seed0,1B,std20,0,flirds_w,0.47429141147984616,0.28003957463999224,1.2876349687576294,198.0
1B_std20_seed0,1B,std20,0,flirds_sel,0.4737929069933058,0.2794831243709104,1.2878895998001099,
1B_std20_seed0,1B,std20,0,shapleyfl_w,0.4737929069933058,0.27950238088663615,1.287656307220459,198.0
1B_std20_seed0,1B,std20,0,fedif_w,0.47372169206665715,0.28004505340472513,1.2876238822937012,198.0
1B_std20_seed1,1B,std20,1,base,0.4821962683378436,0.2154316758478946,,
1B_std20_seed1,1B,std20,1,vanilla,0.47414898162654895,0.29032095630135907,1.2360683679580688,200.0
1B_std20_seed1,1B,std20,1,flirds_w,0.47486113089303517,0.2917326955721643,1.236196756362915,
1B_std20_seed1,1B,std20,1,flirds_sel,0.47336561743341404,0.28921592544985975,1.236124038696289,
1B_std20_seed1,1B,std20,1,shapleyfl_w,0.4749323458196838,0.2913920206910062,1.2361923456192017,
1B_std20_seed1,1B,std20,1,fedif_w,0.4745762711864407,0.2910317532905026,1.2361810207366943,
1B_std20_seed2,1B,std20,2,base,0.4821962683378436,0.21947894959216,,
1B_std20_seed2,1B,std20,2,vanilla,0.47414898162654895,0.2841315723330453,1.2720215320587158,200.0
1B_std20_seed2,1B,std20,2,flirds_w,0.47429141147984616,0.2825641692084303,1.2719966173171997,200.0
1B_std20_seed2,1B,std20,2,flirds_sel,0.47450505625979206,0.28265976008818516,1.2720458507537842,199.0
1B_std20_seed2,1B,std20,2,shapleyfl_w,0.4738641219199544,0.28268813237781265,1.2719780206680298,200.0
1B_std20_seed2,1B,std20,2,fedif_w,0.47414898162654895,0.2830210344718514,1.2719019651412964,198.0
1B_anchor5_seed0,1B,anchor5,0,base,0.4821962683378436,0.21557837998261425,,
1B_anchor5_seed0,1B,anchor5,0,vanilla,0.4801310354650335,0.27655276323645095,1.3208248615264893,30.0
1B_anchor5_seed0,1B,anchor5,0,flirds_w,0.47998860561173623,0.27666536499046335,1.3199297189712524,30.0
1B_anchor5_seed0,1B,anchor5,0,shapleyfl_w,0.47998860561173623,0.2767826091415201,1.319932460784912,30.0
1B_anchor5_seed0,1B,anchor5,0,fedif_w,0.4784930921521151,0.27594189022855437,1.3199701309204102,30.0
1B_anchor5_seed1,1B,anchor5,1,base,0.4821962683378436,0.2154316758478946,,
1B_anchor5_seed1,1B,anchor5,1,vanilla,0.48041589517162797,0.2722054560083039,1.2701002359390259,30.0
1B_anchor5_seed1,1B,anchor5,1,flirds_w,0.48112804443811424,0.2749972654427679,1.2692497968673706,30.0
1B_anchor5_seed1,1B,anchor5,1,shapleyfl_w,0.48127047429141145,0.2748835410525706,1.2692375183105469,30.0
1B_anchor5_seed1,1B,anchor5,1,fedif_w,0.4802022503916821,0.27107084905843387,1.2705856561660767,
1B_anchor5_seed2,1B,anchor5,2,base,0.4821962683378436,0.21947894959216,,
1B_anchor5_seed2,1B,anchor5,2,vanilla,0.47977496083179033,0.26878519682537255,1.302042007446289,30.0
1B_anchor5_seed2,1B,anchor5,2,flirds_w,0.47949010112519586,0.2706757291253578,1.3000917434692383,29.0
1B_anchor5_seed2,1B,anchor5,2,shapleyfl_w,0.47949010112519586,0.27060783673872896,1.30009126663208,29.0
1B_anchor5_seed2,1B,anchor5,2,fedif_w,0.48034468024497934,0.2669055856199276,1.302389144897461,
3B_std20_seed0,3B,std20,0,base,0.6229881783221763,0.22381006741387405,,
3B_std20_seed0,3B,std20,0,vanilla,0.6149408916108816,0.3008726006196185,1.1790509223937988,200.0
3B_std20_seed0,3B,std20,0,flirds_w,0.6149408916108816,0.3024833297045479,1.1788054704666138,196.0
3B_std20_seed0,3B,std20,0,flirds_sel,0.6163651901438542,0.30125947998791275,1.1791201829910278,
3B_std20_seed0,3B,std20,0,shapleyfl_w,0.6146560319042872,0.3030367994733227,1.1788417100906372,196.0
3B_std20_seed0,3B,std20,0,fedif_w,0.6139438826378009,0.3042939919432498,1.1788113117218018,196.0
3B_std20_seed1,3B,std20,1,base,0.6229881783221763,0.2200288533914212,,
3B_std20_seed1,3B,std20,1,vanilla,0.6145136020509899,0.30518083697428566,1.11337149143219,195.0
3B_std20_seed1,3B,std20,1,flirds_w,0.613730237857855,0.3034888913104233,1.1128101348876953,188.0
3B_std20_seed1,3B,std20,1,flirds_sel,0.6128756587380715,0.3073266952323674,1.1129193305969238,193.0
3B_std20_seed1,3B,std20,1,shapleyfl_w,0.6133741632246119,0.30329857819057343,1.1128143072128296,188.0
3B_std20_seed1,3B,std20,1,fedif_w,0.6136590229312063,0.3039731281588788,1.1128321886062622,188.0
3B_std20_seed2,3B,std20,2,base,0.6229881783221763,0.22200335068656818,,
3B_std20_seed2,3B,std20,2,vanilla,0.6152257513174761,0.29914630898886896,1.1525686979293823,200.0
3B_std20_seed2,3B,std20,2,flirds_w,0.6149408916108816,0.2989437492993428,1.1520625352859497,192.0
3B_std20_seed2,3B,std20,2,flirds_sel,0.6133741632246119,0.2980346328120482,1.1521155834197998,194.0
3B_std20_seed2,3B,std20,2,shapleyfl_w,0.6147984617575843,0.29948016885144507,1.1520085334777832,191.0
3B_std20_seed2,3B,std20,2,fedif_w,0.6152969662441248,0.2990979536633443,1.1519148349761963,190.0
3B_anchor5_seed0,3B,anchor5,0,base,0.6229881783221763,0.22381006741387405,,
3B_anchor5_seed0,3B,anchor5,0,vanilla,0.6217775245691497,0.27228853766203015,1.2319563627243042,30.0
3B_anchor5_seed0,3B,anchor5,0,flirds_w,0.6214926648625552,0.270620579284143,1.2313429117202759,30.0
3B_anchor5_seed0,3B,anchor5,0,shapleyfl_w,0.6214214499359065,0.2703727210968463,1.2312513589859009,30.0
3B_anchor5_seed0,3B,anchor5,0,fedif_w,0.6209229454493662,0.2700502014377295,1.2316889762878418,30.0
3B_anchor5_seed1,3B,anchor5,1,base,0.6229881783221763,0.2200288533914212,,
3B_anchor5_seed1,3B,anchor5,1,vanilla,0.6217063096425011,0.2789509344584233,1.1645451784133911,30.0
3B_anchor5_seed1,3B,anchor5,1,flirds_w,0.6217775245691497,0.2786652384610452,1.1638648509979248,30.0
3B_anchor5_seed1,3B,anchor5,1,shapleyfl_w,0.6216350947158524,0.27876633684580215,1.163827896118164,30.0
3B_anchor5_seed1,3B,anchor5,1,fedif_w,0.6217063096425011,0.2773206050628904,1.1650712490081787,
3B_anchor5_seed2,3B,anchor5,2,base,0.6229881783221763,0.22200335068656818,,
3B_anchor5_seed2,3B,anchor5,2,vanilla,0.6218487394957983,0.2746978953888982,1.1938917636871338,30.0
3B_anchor5_seed2,3B,anchor5,2,flirds_w,0.6213502350092579,0.27817665670373243,1.192684292793274,30.0
3B_anchor5_seed2,3B,anchor5,2,shapleyfl_w,0.6212790200826093,0.2780542912891204,1.1926871538162231,30.0
3B_anchor5_seed2,3B,anchor5,2,fedif_w,0.6216350947158524,0.2728796562894361,1.1934767961502075,30.0
7B_std20_seed0,7B,std20,0,base,0.4175331149408916,0.1486490375254016,,
7B_std20_seed0,7B,std20,0,vanilla,0.40058396239851873,0.28067786572835085,1.0671970844268799,159.0
7B_std20_seed0,7B,std20,0,flirds_w,0.3986611593790058,0.2811494296102257,1.066298007965088,127.0
7B_std20_seed0,7B,std20,0,flirds_sel,0.3993733086454921,0.28377207710524016,1.066360354423523,132.0
7B_std20_seed0,7B,std20,0,shapleyfl_w,0.39894601908560035,0.28142883330125207,1.0662999153137207,124.0
7B_std20_seed0,7B,std20,0,fedif_w,0.40058396239851873,0.2809184752517604,1.0664119720458984,142.0
7B_std20_seed1,7B,std20,1,base,0.4175331149408916,0.15293275935514414,,
7B_std20_seed1,7B,std20,1,vanilla,0.4043583535108959,0.278122948204835,1.007733702659607,200.0
7B_std20_seed1,7B,std20,1,flirds_w,0.4040022788776528,0.27841560018602646,1.0065717697143555,161.0
7B_std20_seed1,7B,std20,1,flirds_sel,0.4037886340977069,0.28004785073108707,1.0070852041244507,141.0
7B_std20_seed1,7B,std20,1,shapleyfl_w,0.4037886340977069,0.27977297866715856,1.0064787864685059,159.0
7B_std20_seed1,7B,std20,1,fedif_w,0.402435550491383,0.27477500776370833,1.0063831806182861,159.0
7B_std20_seed2,7B,std20,2,base,0.4175331149408916,0.14726957055590129,,
7B_std20_seed2,7B,std20,2,vanilla,0.40649480131035465,0.27445609065570536,1.0320947170257568,195.0
7B_std20_seed2,7B,std20,2,flirds_w,0.40521293263067937,0.27453084861983446,1.0314258337020874,171.0
7B_std20_seed2,7B,std20,2,flirds_sel,0.4042159236575986,0.27309553157225774,1.031882643699646,186.0
7B_std20_seed2,7B,std20,2,shapleyfl_w,0.405284147557328,0.27494422550850955,1.0314425230026245,171.0
7B_std20_seed2,7B,std20,2,fedif_w,0.4060675117504629,0.2731847588456426,1.0315372943878174,173.0
7B_anchor5_seed0,7B,anchor5,0,base,0.4175331149408916,0.1486490375254016,,
7B_anchor5_seed0,7B,anchor5,0,vanilla,0.4194559179604045,0.16364660115910934,1.1246283054351807,30.0
7B_anchor5_seed0,7B,anchor5,0,flirds_w,0.41924227318045865,0.16637313832949313,1.1211423873901367,28.0
7B_anchor5_seed0,7B,anchor5,0,shapleyfl_w,0.41924227318045865,0.16637313832949313,1.1211435794830322,28.0
7B_anchor5_seed0,7B,anchor5,0,fedif_w,0.4195271328870531,0.16527547663619754,1.1218128204345703,29.0
7B_anchor5_seed1,7B,anchor5,1,base,0.4175331149408916,0.15293275935514414,,
7B_anchor5_seed1,7B,anchor5,1,vanilla,0.4200256373735935,0.16730252908761734,1.0730361938476562,30.0
7B_anchor5_seed1,7B,anchor5,1,flirds_w,0.4213787209799174,0.17115976298333513,1.068319320678711,28.0
7B_anchor5_seed1,7B,anchor5,1,shapleyfl_w,0.4213787209799174,0.17115976298333513,1.068317174911499,28.0
7B_anchor5_seed1,7B,anchor5,1,fedif_w,0.42009685230024213,0.1671201643725892,1.0736596584320068,
7B_anchor5_seed2,7B,anchor5,2,base,0.4175331149408916,0.14726957055590129,,
7B_anchor5_seed2,7B,anchor5,2,vanilla,0.4222333000997009,0.16448634691462793,1.0845367908477783,30.0
7B_anchor5_seed2,7B,anchor5,2,flirds_w,0.4225181598062954,0.16633465657583604,1.0818222761154175,29.0
7B_anchor5_seed2,7B,anchor5,2,shapleyfl_w,0.4225181598062954,0.16634295051030462,1.0818185806274414,29.0
7B_anchor5_seed2,7B,anchor5,2,fedif_w,0.42144993590656604,0.16450910920005854,1.0841172933578491,30.0
