cell,scale,regime,seed,method,spearman,kendall,pearson_vs_b,runtime
1B_std20_seed0,1B,std20,0,Flirds,1.0,1.0,0.9999989040832902,4817.692624495132
1B_std20_seed0,1B,std20,0,Flirds1st,0.9984962406015038,0.9894736842105263,0.9998528788132155,1571.1924007569905
1B_std20_seed0,1B,std20,0,GTG,0.9819548872180449,0.9157894736842106,0.9940653325019904,3748.6156648450997
1B_std20_seed0,1B,std20,0,FedSV,0.956390977443609,0.8526315789473685,0.9643678622432831,3748.3740326492116
1B_std20_seed0,1B,std20,0,ComFedSV,-0.08270676691729321,-0.06315789473684211,-0.09769053541242048,2345.055578524014
1B_std20_seed0,1B,std20,0,ShapleyFL,0.30526315789473685,0.22105263157894736,0.27764356891735525,2998.1249584779143
1B_std20_seed0,1B,std20,0,FedIF,0.20308388047687828,0.14248070704379331,0.2552874608434184,1573.946707913885
1B_std20_seed0,1B,std20,0,loss-heur,1.0,1.0,0.9999940588877693,2994.659043136053
1B_std20_seed1,1B,std20,1,Flirds,1.0,1.0,0.9999949930995973,4548.230821034871
1B_std20_seed1,1B,std20,1,Flirds1st,1.0,1.0,0.9997516746933653,1481.6328154220246
1B_std20_seed1,1B,std20,1,GTG,0.9503759398496241,0.8631578947368421,0.994180659177278,3529.280880962033
1B_std20_seed1,1B,std20,1,FedSV,0.806015037593985,0.6210526315789474,0.9405662044597554,3529.252157564042
1B_std20_seed1,1B,std20,1,ComFedSV,0.27518796992481204,0.19999999999999998,0.358245324954677,2299.626442064997
1B_std20_seed1,1B,std20,1,ShapleyFL,-0.2796992481203007,-0.19999999999999998,-0.11640987807208714,2822.7440104188863
1B_std20_seed1,1B,std20,1,FedIF,-0.23458646616541348,-0.1473684210526316,-0.05531778980363208,1484.8021056780126
1B_std20_seed1,1B,std20,1,loss-heur,1.0,1.0,0.9999665184687783,2818.982860540971
1B_std20_seed2,1B,std20,2,Flirds,1.0,1.0,0.9999976771015158,4724.28539996082
1B_std20_seed2,1B,std20,2,Flirds1st,1.0,1.0,0.9998513048058079,1539.566986030899
1B_std20_seed2,1B,std20,2,GTG,0.993984962406015,0.968421052631579,0.9968844477045377,3661.7056311820634
1B_std20_seed2,1B,std20,2,FedSV,0.9669172932330825,0.8842105263157894,0.9723369258166829,3661.5726538931485
1B_std20_seed2,1B,std20,2,ComFedSV,0.08571428571428572,0.042105263157894736,0.024211159470263754,2345.3249875470065
1B_std20_seed2,1B,std20,2,ShapleyFL,0.5578947368421052,0.37894736842105264,0.5751002295682834,2928.498791592894
1B_std20_seed2,1B,std20,2,FedIF,0.5022556390977443,0.3368421052631579,0.48715414753478986,1542.093668748159
1B_std20_seed2,1B,std20,2,loss-heur,1.0,1.0,0.9999816436941935,2925.241270555882
1B_anchor5_seed0,1B,anchor5,0,(a)oracle,0.8999999999999998,0.7999999999999999,0.9624781174892417,31135.733917189995
1B_anchor5_seed0,1B,anchor5,0,Flirds,0.9999999999999999,0.9999999999999999,0.9999992258071859,726.0500982049853
1B_anchor5_seed0,1B,anchor5,0,Flirds1st,0.9999999999999999,0.9999999999999999,0.9999821063978889,236.7979716588743
1B_anchor5_seed0,1B,anchor5,0,GTG,0.9999999999999999,0.9999999999999999,0.9998640462413225,3648.2941805450246
1B_anchor5_seed0,1B,anchor5,0,FedSV,0.7,0.6,0.8462403982881925,3610.791000029072
1B_anchor5_seed0,1B,anchor5,0,ComFedSV,0.8999999999999998,0.7999999999999999,0.8154563522256477,2256.29237926309
1B_anchor5_seed0,1B,anchor5,0,ShapleyFL,0.8999999999999998,0.7999999999999999,0.9180741494254893,3609.7801270179916
1B_anchor5_seed0,1B,anchor5,0,FedIF,0.7,0.6,0.623714391681971,238.5784090270754
1B_anchor5_seed0,1B,anchor5,0,Banzhaf,0.9999999999999999,0.9999999999999999,0.9999999981456857,3624.3640955199953
1B_anchor5_seed0,1B,anchor5,0,loss-heur,0.9999999999999999,0.9999999999999999,0.999997956558383,1123.618476205971
1B_anchor5_seed1,1B,anchor5,1,(a)oracle,0.9999999999999999,0.9999999999999999,0.8574694459500253,30771.73380183708
1B_anchor5_seed1,1B,anchor5,1,Flirds,0.9999999999999999,0.9999999999999999,0.9999963649956125,687.5755889550783
1B_anchor5_seed1,1B,anchor5,1,Flirds1st,0.9999999999999999,0.9999999999999999,0.999720629938525,224.74077975796536
1B_anchor5_seed1,1B,anchor5,1,GTG,0.9999999999999999,0.9999999999999999,0.9998316091396984,3447.4243051060475
1B_anchor5_seed1,1B,anchor5,1,FedSV,0.49999999999999994,0.39999999999999997,0.6718157698149892,3415.071938920999
1B_anchor5_seed1,1B,anchor5,1,ComFedSV,-0.09999999999999999,0.0,0.059233332083255416,2662.715895290021
1B_anchor5_seed1,1B,anchor5,1,ShapleyFL,0.3,0.19999999999999998,0.40027147397120877,3407.246570304036
1B_anchor5_seed1,1B,anchor5,1,FedIF,-0.6,-0.39999999999999997,-0.8914418951403712,225.67765045096166
1B_anchor5_seed1,1B,anchor5,1,Banzhaf,0.9999999999999999,0.9999999999999999,0.9999999939744644,3422.3047577540856
1B_anchor5_seed1,1B,anchor5,1,loss-heur,0.9999999999999999,0.9999999999999999,0.9999161460625973,1060.2309590769
1B_anchor5_seed2,1B,anchor5,2,(a)oracle,0.8999999999999998,0.7999999999999999,0.9799166987747486,30543.015010729898
1B_anchor5_seed2,1B,anchor5,2,Flirds,0.9999999999999999,0.9999999999999999,0.9999999649224843,708.4342294048984
1B_anchor5_seed2,1B,anchor5,2,Flirds1st,0.9999999999999999,0.9999999999999999,0.999989242491315,232.0329208150506
1B_anchor5_seed2,1B,anchor5,2,GTG,0.9999999999999999,0.9999999999999999,0.999913441016611,3559.3923280979507
1B_anchor5_seed2,1B,anchor5,2,FedSV,0.8999999999999998,0.7999999999999999,0.9535313693833165,3580.9366610250436
1B_anchor5_seed2,1B,anchor5,2,ComFedSV,0.7,0.6,0.8143291049076821,2750.539631231921
1B_anchor5_seed2,1B,anchor5,2,ShapleyFL,0.8999999999999998,0.7999999999999999,0.9726196826721839,3521.1031763767824
1B_anchor5_seed2,1B,anchor5,2,FedIF,0.09999999999999999,0.0,0.0643203134302028,232.9454531490337
1B_anchor5_seed2,1B,anchor5,2,Banzhaf,0.9999999999999999,0.9999999999999999,0.9999999877012482,3535.219686727971
1B_anchor5_seed2,1B,anchor5,2,loss-heur,0.9999999999999999,0.9999999999999999,0.9999952651850473,1096.1615646148566
3B_std20_seed0,3B,std20,0,Flirds,1.0,1.0,0.9999994925896442,11446.929504133295
3B_std20_seed0,3B,std20,0,Flirds1st,0.9969924812030074,0.9789473684210527,0.999885051257925,3724.824785390869
3B_std20_seed0,3B,std20,0,GTG,0.9849624060150375,0.9157894736842106,0.9967211808071758,8888.850994053297
3B_std20_seed0,3B,std20,0,FedSV,0.9578947368421054,0.8526315789473685,0.9739976826616278,8893.814848816954
3B_std20_seed0,3B,std20,0,ComFedSV,-0.20902255639097742,-0.1368421052631579,-0.14565154158035035,5564.711212877184
3B_std20_seed0,3B,std20,0,ShapleyFL,0.1789473684210526,0.11578947368421053,0.010189351112148061,7111.383578784298
3B_std20_seed0,3B,std20,0,FedIF,0.2767958074647823,0.16358895993917008,0.30815741895519455,3729.2947400310077
3B_std20_seed0,3B,std20,0,loss-heur,0.9984962406015038,0.9894736842105263,0.9999885271152028,7100.099548292812
3B_std20_seed1,3B,std20,1,Flirds,1.0,1.0,0.9999988499266513,10864.318141495343
3B_std20_seed1,3B,std20,1,Flirds1st,1.0,1.0,0.9999472651406133,3532.21571325697
3B_std20_seed1,3B,std20,1,GTG,0.9969924812030074,0.9789473684210527,0.9967331626669934,8406.876215286087
3B_std20_seed1,3B,std20,1,FedSV,0.9669172932330825,0.8631578947368421,0.9769984776594699,8406.246972870082
3B_std20_seed1,3B,std20,1,ComFedSV,-0.051127819548872175,-0.06315789473684211,-0.05007738009977236,5477.8623005431145
3B_std20_seed1,3B,std20,1,ShapleyFL,0.41804511278195483,0.28421052631578947,0.39931178631160497,6723.280609243084
3B_std20_seed1,3B,std20,1,FedIF,0.393984962406015,0.2631578947368421,0.4239567649611257,3541.137214920018
3B_std20_seed1,3B,std20,1,loss-heur,1.0,1.0,0.9999806283084188,6717.034957241733
3B_std20_seed2,3B,std20,2,Flirds,1.0,1.0,0.999999414585546,11177.718117783777
3B_std20_seed2,3B,std20,2,Flirds1st,0.993984962406015,0.968421052631579,0.9998611323414999,3641.62414256623
3B_std20_seed2,3B,std20,2,GTG,0.9879699248120299,0.9473684210526316,0.9962670857165762,8663.46199654881
3B_std20_seed2,3B,std20,2,FedSV,0.9729323308270676,0.8947368421052632,0.9670939626539692,8661.6753655239
3B_std20_seed2,3B,std20,2,ComFedSV,-0.1518796992481203,-0.09473684210526316,-0.11535610592446637,5549.286134055816
3B_std20_seed2,3B,std20,2,ShapleyFL,0.03609022556390977,0.042105263157894736,0.12512508709510162,6927.0516536887735
3B_std20_seed2,3B,std20,2,FedIF,-0.0631578947368421,-0.031578947368421054,0.060922870412430614,3645.0628803428262
3B_std20_seed2,3B,std20,2,loss-heur,1.0,1.0,0.9999856916705786,6920.316008949187
3B_anchor5_seed0,3B,anchor5,0,Flirds,0.9999999999999999,0.9999999999999999,0.9999978361713705,1724.0656835348345
3B_anchor5_seed0,3B,anchor5,0,Flirds1st,0.9999999999999999,0.9999999999999999,0.9991827390647421,563.309551442042
3B_anchor5_seed0,3B,anchor5,0,GTG,0.9999999999999999,0.9999999999999999,0.998835804292797,8645.538986013737
3B_anchor5_seed0,3B,anchor5,0,FedSV,0.7,0.6,0.8883053084774366,8556.72771721799
3B_anchor5_seed0,3B,anchor5,0,ComFedSV,0.19999999999999998,0.19999999999999998,0.09338345135941672,5346.091976893134
3B_anchor5_seed0,3B,anchor5,0,ShapleyFL,0.09999999999999999,0.0,0.38773472681785737,8555.554616306908
3B_anchor5_seed0,3B,anchor5,0,FedIF,0.7,0.6,0.8054739561665917,564.3786431830376
3B_anchor5_seed0,3B,anchor5,0,Banzhaf,0.9999999999999999,0.9999999999999999,0.9999999316639394,8583.032557447441
3B_anchor5_seed0,3B,anchor5,0,loss-heur,0.9999999999999999,0.9999999999999999,0.9996680455429467,2662.4512056447566
3B_anchor5_seed1,3B,anchor5,1,Flirds,0.9999999999999999,0.9999999999999999,0.9999998677064835,1633.8869045958854
3B_anchor5_seed1,3B,anchor5,1,Flirds1st,0.9999999999999999,0.9999999999999999,0.9998080883772408,532.8928064368665
3B_anchor5_seed1,3B,anchor5,1,GTG,0.8999999999999998,0.7999999999999999,0.9997434708277456,8175.778149112128
3B_anchor5_seed1,3B,anchor5,1,FedSV,0.39999999999999997,0.39999999999999997,0.8121550473004513,8100.867590454873
3B_anchor5_seed1,3B,anchor5,1,ComFedSV,0.6,0.39999999999999997,0.4381897839503204,6314.602846371941
3B_anchor5_seed1,3B,anchor5,1,ShapleyFL,0.09999999999999999,0.0,-0.3735170516532796,8082.806836002041
3B_anchor5_seed1,3B,anchor5,1,FedIF,-0.19999999999999998,-0.19999999999999998,-0.2854931735201971,535.4226216720417
3B_anchor5_seed1,3B,anchor5,1,Banzhaf,0.9999999999999999,0.9999999999999999,0.9999999691160881,8110.318164371885
3B_anchor5_seed1,3B,anchor5,1,loss-heur,0.9999999999999999,0.9999999999999999,0.9999212637251486,2515.986396791879
3B_anchor5_seed2,3B,anchor5,2,Flirds,0.9999999999999999,0.9999999999999999,0.9999999658415856,1679.2473500058986
3B_anchor5_seed2,3B,anchor5,2,Flirds1st,0.9999999999999999,0.9999999999999999,0.9999565000980899,548.7445637658238
3B_anchor5_seed2,3B,anchor5,2,GTG,0.9999999999999999,0.9999999999999999,0.9998439718068118,8423.219969721045
3B_anchor5_seed2,3B,anchor5,2,FedSV,0.8999999999999998,0.7999999999999999,0.9437139031988031,8475.398215638008
3B_anchor5_seed2,3B,anchor5,2,ComFedSV,0.9999999999999999,0.9999999999999999,0.8221735481202871,6509.810602481011
3B_anchor5_seed2,3B,anchor5,2,ShapleyFL,0.3,0.19999999999999998,0.8262039960530871,8335.083976726048
3B_anchor5_seed2,3B,anchor5,2,FedIF,0.09999999999999999,0.0,0.5491941339751824,551.2451257873327
3B_anchor5_seed2,3B,anchor5,2,Banzhaf,0.9999999999999999,0.9999999999999999,0.9999999826658629,8363.43212635303
3B_anchor5_seed2,3B,anchor5,2,loss-heur,0.9999999999999999,0.9999999999999999,0.9999857487147911,2595.02397184819
7B_std20_seed0,7B,std20,0,Flirds,1.0,1.0,0.9999748611678592,20368.587045134977
7B_std20_seed0,7B,std20,0,Flirds1st,0.9969924812030074,0.9789473684210527,0.9999047609745567,6540.423882094212
7B_std20_seed0,7B,std20,0,GTG,0.9533834586466164,0.8526315789473685,0.9802080324463895,15510.212958882097
7B_std20_seed0,7B,std20,0,FedSV,0.9774436090225563,0.9157894736842106,0.9831665070875866,15510.27159387013
7B_std20_seed0,7B,std20,0,ComFedSV,-0.20300751879699244,-0.11578947368421053,-0.10860185598313886,9703.777025376912
7B_std20_seed0,7B,std20,0,ShapleyFL,0.47067669172932325,0.2947368421052632,0.45039439965978234,12405.851960931905
7B_std20_seed0,7B,std20,0,FedIF,0.5639097744360902,0.3368421052631579,0.5594441206059626,6551.293962799944
7B_std20_seed0,7B,std20,0,loss-heur,1.0,1.0,0.9999824449331356,12392.791800162755
7B_std20_seed1,7B,std20,1,Flirds,0.9984962406015038,0.9894736842105263,0.9999146889306277,19826.705297439825
7B_std20_seed1,7B,std20,1,Flirds1st,1.0,1.0,0.9999229641259841,6361.980098863132
7B_std20_seed1,7B,std20,1,GTG,0.9924812030075187,0.9578947368421054,0.9914587045579848,15103.043690107763
7B_std20_seed1,7B,std20,1,FedSV,0.9548872180451128,0.8421052631578948,0.9693340736589688,15101.630048485938
7B_std20_seed1,7B,std20,1,ComFedSV,0.1518796992481203,0.10526315789473685,0.16540687618591834,9839.632511203643
7B_std20_seed1,7B,std20,1,ShapleyFL,0.29172932330827067,0.19999999999999998,0.3939891989985152,12078.469598076772
7B_std20_seed1,7B,std20,1,FedIF,0.3383458646616541,0.24210526315789474,0.4342637675624724,6370.392025711946
7B_std20_seed1,7B,std20,1,loss-heur,1.0,1.0,0.999993699157232,12064.363588303793
7B_std20_seed2,7B,std20,2,Flirds,1.0,1.0,0.9999859423851866,20345.89466804918
7B_std20_seed2,7B,std20,2,Flirds1st,0.9969924812030074,0.9789473684210527,0.9998687333870104,6551.126135119703
7B_std20_seed2,7B,std20,2,GTG,0.9849624060150375,0.9368421052631579,0.9943591776370211,15565.992889664136
7B_std20_seed2,7B,std20,2,FedSV,0.9714285714285714,0.8842105263157894,0.9761885885384184,15567.696756986901
7B_std20_seed2,7B,std20,2,ComFedSV,0.16691729323308271,0.12631578947368421,0.08646272649884795,9973.95134784514
7B_std20_seed2,7B,std20,2,ShapleyFL,0.45563909774436084,0.3263157894736842,0.44797061524075965,12452.750260418281
7B_std20_seed2,7B,std20,2,FedIF,0.5368421052631579,0.38947368421052636,0.5312981363148079,6562.460982915945
7B_std20_seed2,7B,std20,2,loss-heur,0.9984962406015038,0.9894736842105263,0.9999901876195055,12439.137746954802
7B_anchor5_seed0,7B,anchor5,0,Flirds,0.9999999999999999,0.9999999999999999,0.9999998233150734,3053.2385894362815
7B_anchor5_seed0,7B,anchor5,0,Flirds1st,0.9999999999999999,0.9999999999999999,0.9999977023654322,983.4201280190609
7B_anchor5_seed0,7B,anchor5,0,GTG,0.9999999999999999,0.9999999999999999,0.9999813337038175,15084.33261416899
7B_anchor5_seed0,7B,anchor5,0,FedSV,0.9999999999999999,0.9999999999999999,0.9946124971195648,14930.166543719824
7B_anchor5_seed0,7B,anchor5,0,ComFedSV,0.7999999999999999,0.6,0.7886716236661458,9327.768057577778
7B_anchor5_seed0,7B,anchor5,0,ShapleyFL,0.9999999999999999,0.9999999999999999,0.9850677759570541,14928.928702807985
7B_anchor5_seed0,7B,anchor5,0,FedIF,0.8999999999999998,0.7999999999999999,0.9197724270541983,986.0608951402828
7B_anchor5_seed0,7B,anchor5,0,Banzhaf,0.9999999999999999,0.9999999999999999,0.9999999650837691,14960.289631209802
7B_anchor5_seed0,7B,anchor5,0,loss-heur,0.9999999999999999,0.9999999999999999,0.9999977550641314,4648.880358139053
7B_anchor5_seed1,7B,anchor5,1,Flirds,0.9999999999999999,0.9999999999999999,0.9999996444995285,2976.863363700919
7B_anchor5_seed1,7B,anchor5,1,Flirds1st,0.9999999999999999,0.9999999999999999,0.9999986752002807,956.3911642772146
7B_anchor5_seed1,7B,anchor5,1,GTG,0.9999999999999999,0.9999999999999999,0.9996728634083033,14700.295195676852
7B_anchor5_seed1,7B,anchor5,1,FedSV,0.8999999999999998,0.7999999999999999,0.9475494046433829,14564.183492956217
7B_anchor5_seed1,7B,anchor5,1,ComFedSV,0.3,0.19999999999999998,0.22550539965400915,11353.025941161439
7B_anchor5_seed1,7B,anchor5,1,ShapleyFL,0.7999999999999999,0.6,0.8213691687180792,14532.747495434713
7B_anchor5_seed1,7B,anchor5,1,FedIF,-0.6,-0.39999999999999997,-0.3086865923898202,959.4164897860028
7B_anchor5_seed1,7B,anchor5,1,Banzhaf,0.9999999999999999,0.9999999999999999,0.9999999306230309,14565.043433479033
7B_anchor5_seed1,7B,anchor5,1,loss-heur,0.9999999999999999,0.9999999999999999,0.9999990768417937,4525.171973314136
7B_anchor5_seed2,7B,anchor5,2,Flirds,0.9999999999999999,0.9999999999999999,0.9999996058395212,3051.8220392968506
7B_anchor5_seed2,7B,anchor5,2,Flirds1st,0.9999999999999999,0.9999999999999999,0.9999954638285455,984.5054390528239
7B_anchor5_seed2,7B,anchor5,2,GTG,0.9999999999999999,0.9999999999999999,0.9997399981386286,15131.495653097983
7B_anchor5_seed2,7B,anchor5,2,FedSV,0.8999999999999998,0.7999999999999999,0.9406143081992471,15225.157090846915
7B_anchor5_seed2,7B,anchor5,2,ComFedSV,0.7,0.6,0.7483277985138651,11693.786496502347
7B_anchor5_seed2,7B,anchor5,2,ShapleyFL,0.7,0.6,0.9035374291478903,14974.827596480958
7B_anchor5_seed2,7B,anchor5,2,FedIF,0.3,0.19999999999999998,0.49257473404090063,987.0749187041074
7B_anchor5_seed2,7B,anchor5,2,Banzhaf,0.9999999999999999,0.9999999999999999,0.9999999709345321,15006.779247464146
7B_anchor5_seed2,7B,anchor5,2,loss-heur,0.9999999999999999,0.9999999999999999,0.9999987159719068,4663.697838874999
